loss/actor,loss/critic1,loss/critic2,timestep
-2.42922588038445,0.004414353055239203,0.0034168510467861815,1000
