steps,currentTime,done,speed,reward,gap,world_position_y,world_position_x,RPM,steerAngle,brakeStatus,accStatus,actualGear,packetId,velocity_x,velocity_y,velocity_z,yaw,roll,angular_velocity_y,angular_velocity_x,LapCount,LapDist,going_backwards,current_action_abs_0,current_action_abs_1,current_action_abs_2,actions_0,actions_1,actions_2,rl_point,out_of_track
4,38.553,0,5.302426815032959,0.0633928435552842,-0.04456039344879339,-125.91815185546875,-473.0559997558594,3957.89794921875,0.0,0.0,0.0,2,25515,0.5535699725151062,0.028273817151784897,-5.273375511169434,3.0029540061950684,0.008777529932558537,-0.1580396592617035,0.007510329131036997,0,890.84092394646,0.0,0.0,-1.0,-1.0,0.0,-1.0,-1.0,568,0.0
