steps,currentTime,done,speed,reward,gap,world_position_y,world_position_x,RPM,steerAngle,brakeStatus,accStatus,actualGear,packetId,velocity_x,velocity_y,velocity_z,yaw,roll,angular_velocity_y,angular_velocity_x,LapCount,LapDist,going_backwards,current_action_abs_0,current_action_abs_1,current_action_abs_2,actions_0,actions_1,actions_2,rl_point,out_of_track
4,57.354,0,5.2212934494018555,0.06208083244901643,0.1100663943474922,-130.84767150878906,-412.027587890625,3934.1015625,0.0,0.0,0.0,2,12851,0.510435938835144,0.033825092017650604,-5.196173191070557,3.046747922897339,0.004159933887422085,0.060321372002363205,-0.0022340663708746433,0,829.6173704174507,0.0,0.0,-1.0,-1.0,0.0,-1.0,-1.0,528,0.0
