steps,currentTime,done,speed,reward,gap,world_position_y,world_position_x,RPM,steerAngle,brakeStatus,accStatus,actualGear,packetId,velocity_x,velocity_y,velocity_z,yaw,roll,angular_velocity_y,angular_velocity_x,LapCount,LapDist,going_backwards,current_action_abs_0,current_action_abs_1,current_action_abs_2,actions_0,actions_1,actions_2,rl_point,out_of_track
4,40.506,0,5.037449359893799,0.06014957478316566,-0.059517726956614225,-132.8955078125,-389.29473876953125,3585.197509765625,0.0,0.0,0.0,2,7507,0.41375264525413513,0.014914658851921558,-5.020406723022461,3.0371646881103516,0.008067789487540722,-0.11880845576524734,0.011063492856919765,0,806.7892275866616,0.0,0.0,-1.0,-1.0,0.0,-1.0,-1.0,513,0.0
