left_border_x,left_border_y,right_border_x,right_border_y,pos_x,pos_y,Lapdist
324.7330131,233.9335761,312.2482656,230.4488837,321.565979,233.0496063,0
325.1649602,232.451348,312.6792007,228.9685774,321.9806213,231.5631104,1.541756077
325.5931795,230.9816155,313.1073756,227.4969167,322.3922424,230.0882568,3.074439659
326.0158374,229.5304053,313.5312309,226.0377635,322.7999878,228.6307526,4.593907124
326.4335493,228.0996059,313.9506578,224.5956317,323.2035828,227.1929474,6.095793622
326.8453883,226.6872056,314.3657188,223.169342,323.6037292,225.7734222,7.581249088
327.2531088,225.2894603,314.7774877,221.7548409,324.0018311,224.3683014,9.054465633
327.6582071,223.9005151,315.1866544,220.3477296,324.3995361,222.9722137,10.51985964
328.0617952,222.5148097,315.5949945,218.9447452,324.7981567,221.5802155,11.98106013
328.4656244,221.1289879,316.0034718,217.5410466,325.1988525,220.1884613,13.4429847
328.8701489,219.739893,316.4113423,216.136239,325.6020203,218.7946014,14.90580484
329.275636,218.3471984,316.8209253,214.7288437,326.0078125,217.3978271,16.37158782
329.683288,216.9512025,317.2312027,213.3190332,326.4160767,215.9981842,17.83988384
330.0902939,215.5516591,317.6412906,211.9072354,326.8265076,214.5961914,19.31003523
330.4983732,214.1498275,318.0521716,210.4947672,327.2387085,213.1925659,20.78105175
330.9076922,212.7469213,318.4631762,209.0804954,327.6525574,211.7878876,22.25383467
331.3165337,211.3423117,318.8742865,207.6666476,328.0677185,210.3825531,23.72623994
331.7258872,209.9369163,319.2856415,206.2528081,328.4840088,208.9768524,25.19870558
332.1352363,208.5309317,319.6972012,204.8387781,328.9013367,207.5709686,26.67141133
332.5451015,207.1244656,320.1087541,203.4248459,329.3196106,206.1649323,28.14402128
332.9547591,205.717473,320.5195711,202.0106124,329.7387695,204.7588043,29.61671507
333.3645958,204.3100452,320.9312412,200.5966872,330.1587524,203.3525848,31.08935105
333.7748704,202.9021578,321.3425519,199.1831458,330.5794373,201.9462738,32.56151809
334.1849757,201.4937278,321.7535807,197.7698391,331.0007324,200.5398712,34.03338102
334.594595,200.0849872,322.1645985,196.3558264,331.422699,199.1333771,35.50591881
335.8517274,195.7688979,323.4235512,192.0303226,332.7183228,194.8263245,40.01090994
336.2790122,194.3015453,323.8529095,190.5555826,333.1599731,193.3612823,41.54688084
336.7066678,192.8319952,324.2808395,189.0862217,333.6016846,191.8959961,43.07728783
337.1338472,191.3628902,324.7091841,187.614519,334.0437622,190.4306488,44.61005915
337.5618783,189.8921436,325.1362272,186.1475403,334.4854431,188.9650269,46.13793098
337.9903895,188.4221501,325.564324,184.6782263,334.9270935,187.4991913,47.66833958
338.417845,186.9517398,325.9927763,183.2085839,335.3687439,186.0331726,49.19916294
338.8449694,185.480562,326.4198626,181.7401897,335.8101196,184.5669708,50.72840597
339.2740307,184.0101663,326.8481019,180.2710091,336.2513733,183.1006012,52.25872637
339.7020929,182.5394365,327.2760867,178.8017435,336.6924744,181.6341553,53.78905718
340.129464,181.0685158,327.7038289,177.3314788,337.1335754,180.1674957,55.32027946
340.5581756,179.5981055,328.1318193,175.8608904,337.5746765,178.7008209,56.8518819
340.9863529,178.1273965,328.5603368,174.3905171,338.0157776,177.2340546,58.3834252
341.414329,176.6560225,328.9888901,172.9215925,338.456665,175.7671051,59.91358775
341.8420962,175.1849735,329.4169748,171.4514144,338.8974609,174.3001556,61.44482259
342.2705377,173.7145221,329.8454327,169.9797531,339.3384094,172.8331757,62.97758584
342.69843,172.2427336,330.2734859,168.5113608,339.7790222,171.3659973,64.50709736
343.1263509,170.772081,330.7027373,167.0391569,340.2198792,169.8987732,66.0406035
343.5552877,169.3003394,331.1315842,165.571536,340.6602783,168.4314423,67.56959688
343.9826151,167.8281583,331.5592968,164.1032554,341.1002808,166.9639435,69.09890587
344.4106609,166.3560544,331.9871406,162.6350299,341.5398865,165.4962158,70.62819866
344.8391715,164.8842306,332.4157495,161.1666059,341.979126,164.0283813,72.15789622
345.2667009,163.4119773,332.8443371,159.6982704,342.4179993,162.5603485,73.68750286
345.6945893,161.9397645,333.2723716,158.2305683,342.8563538,161.0922852,75.21634654
346.122524,160.4671124,333.6997854,156.7640578,343.2940369,159.6239777,76.74387252
346.5512728,158.9950794,334.1280646,155.2971642,343.7311096,158.1556244,78.2720086
346.9789218,157.5221068,334.554875,153.8320438,344.1672974,156.687027,79.79803118
347.4071038,156.0497088,334.9814567,152.3661135,344.6026917,155.218338,81.32476744
347.8355696,154.5772556,335.4087553,150.9012608,345.0372009,153.7494659,82.85066964
348.2629636,153.1047882,335.8353313,149.4359715,345.4708557,152.2805176,84.37678884
348.6912651,151.632532,336.2620849,147.9712411,345.9036255,150.8113708,85.90242109
349.1200116,150.1606382,336.6886346,146.5067811,346.3354492,149.3421936,87.42773671
349.5480972,148.6888572,337.115946,145.0416831,346.76651,147.8728333,88.95387798
349.9762054,147.2173652,337.5425801,143.5761077,347.1968384,146.4034119,90.48028812
350.4038217,145.7459784,337.9706711,142.1112398,347.6264038,144.934021,92.006427
350.8309002,144.274957,338.3967338,140.6449732,348.0553589,143.4646759,93.53334126
351.2608776,142.8049069,338.8242226,139.1799494,348.4836121,141.9954071,95.05946098
351.6878809,141.3342686,339.2514907,137.7153247,348.9111328,140.5262451,96.58513577
352.1148782,139.8649705,339.6787097,136.2469693,349.338501,139.057251,98.1143786
352.5415272,138.3962401,340.1063582,134.777778,349.7658691,137.588562,99.64454406
352.9699089,136.92922,340.5360063,133.3058684,350.1937561,136.120224,101.1778788
353.3966227,135.4609897,340.9637138,131.8372123,350.6216431,134.6521759,102.7075469
353.8229306,133.994115,341.3932866,130.3656142,351.0500488,133.1846466,104.2405615
354.2501761,132.5278594,341.8216189,128.8936695,351.4790344,131.7175598,105.7735617
354.6756506,131.0613807,342.2507835,127.4222236,351.9085999,130.2509308,107.3063159
355.1020466,129.5948988,342.679202,125.9531674,352.3384094,128.7847443,108.836567
355.5299016,128.1295425,343.1085152,124.483279,352.7686768,127.3189926,110.3678677
355.9558304,126.6636919,343.5360432,123.0136622,353.1993408,125.8535919,111.898408
356.3811531,125.1980009,343.9649748,121.5446243,353.6304016,124.3886108,113.4287853
356.8081994,123.7330586,344.3929499,120.0754582,354.0618896,122.9239807,114.9590179
357.23346,122.2672367,344.8205502,118.6083845,354.4935303,121.45961,116.4871367
357.6589085,120.8018833,345.2491969,117.1418905,354.925293,119.9956589,118.0149923
358.085622,119.3371052,345.6766597,115.6762651,355.3570557,118.532135,119.5416823
358.5106425,117.8731846,346.1044879,114.2073313,355.7893677,117.0690842,121.0716507
358.9351455,116.4085232,346.531551,112.7422984,356.2216797,115.6064835,122.59766
359.3627106,114.9451095,346.9577524,111.2777074,356.6539612,114.1442947,124.123004
359.787346,113.4805628,347.3835051,109.8165627,357.0857544,112.6825333,125.6449137
360.2145083,112.0174791,347.8105258,108.3551856,357.5172424,111.2211075,127.1674017
360.6389529,110.5540553,348.236465,106.8940775,357.9483948,109.7600708,128.6893285
361.0639355,109.0906915,348.6611841,105.435111,358.3789368,108.2993164,130.2088579
361.4911372,107.6291639,349.0877484,103.975977,358.8089905,106.8391876,131.7290648
361.9153216,106.167436,349.513822,102.5186204,359.2383728,105.3798141,133.2474281
362.3388323,104.7069699,349.9389294,101.0619889,359.6670227,103.9215851,134.7648244
362.7650029,103.2488925,350.3651123,99.60688481,360.0949402,102.4646606,136.2810565
363.1872489,101.7917925,350.7909091,98.15170839,360.5223083,101.0092545,137.7972496
363.6098484,100.3375314,351.2172323,96.69513129,360.9495544,99.55562592,139.3149347
364.0341882,98.8861347,351.6442452,95.23911891,361.3768616,98.10394287,140.8322719
364.4550622,97.43599556,352.0714927,93.78376342,361.8044128,96.6542511,142.3490448
364.8756325,95.98827942,352.4981428,92.32846192,362.2324219,95.20672607,143.8655977
365.2975215,94.54406895,352.9255007,90.87264302,362.6612244,93.76174164,145.3828464
365.716572,93.10172231,353.3520549,89.42172081,363.0903015,92.32007599,146.8951703
366.157087,91.58488452,353.8010571,87.89094318,363.5436707,90.80358124,148.4904393
366.5963872,90.07334961,354.2479257,86.369928,363.996521,89.29362488,150.0757401
367.0336872,88.56896292,354.6964925,84.8523007,364.4493713,87.79042053,151.6582713
367.4725184,87.07178098,355.1404294,83.33989418,364.9022217,86.2939682,153.2344862
367.9052104,85.57955938,355.5833865,81.8337441,365.355072,84.80432129,154.8044222
368.3367654,84.09336939,356.0254606,80.33497562,365.8078003,83.32132721,156.3670279
368.7701724,82.61484907,356.465912,78.84068197,366.2606201,81.84507751,157.9248825
369.1988197,81.1402968,356.9042599,77.35702151,366.7128906,80.37532806,159.4719433
369.6240889,79.6724363,357.341416,75.87545439,367.1651611,78.91230011,161.016659
370.0525569,78.21156954,357.7758193,74.4030423,367.6169434,77.45598602,162.5518149
370.4751485,76.75677994,358.210722,72.93093979,368.0691833,76.00624847,164.0868153
370.8965762,75.30681929,358.643556,71.47130076,368.5209045,74.56317139,165.6092775
371.3196943,73.8645268,359.0735575,70.01415966,368.9725952,73.12656403,167.128541
371.7599703,72.35132061,359.5241487,68.48866961,369.4477539,71.6213913,168.7191862
372.1984643,70.84458319,359.972419,66.97147547,369.9222717,70.12350464,170.301218
372.633971,69.34371026,360.4194801,65.46262552,370.3959961,68.63260651,171.8749053
373.0690076,67.84913515,360.8626462,63.96359282,370.8683777,67.14862823,173.4380736
373.5060741,66.36262088,361.3041838,62.47027785,371.3395691,65.67151642,174.9952971
373.9360219,64.8804178,361.7424806,60.98644163,371.8091125,64.20119476,176.542512
374.3644869,63.40374785,362.1787108,59.51508115,372.2762451,62.73735809,178.0771776
374.7964648,61.93528265,362.6121679,58.05086052,372.7408752,61.27994919,179.6042097
375.2205078,60.4721006,363.0441079,56.59196417,373.2031555,59.82925034,181.125706
375.6434225,59.01572942,363.4738102,55.1398966,373.6631165,58.38503265,182.6400191
376.0698763,57.56764429,363.9028659,53.69612323,374.120575,56.94738007,184.1461965
376.4874932,56.12425132,364.3284668,52.25613602,374.5758972,55.51612091,185.6477621
376.9261447,54.61621209,364.773508,50.75239821,375.0515137,54.02019119,187.2159742
377.3681438,53.11718425,365.2175898,49.25544591,375.5247192,52.53129959,188.7774077
377.8023889,51.62357741,365.658965,47.76519164,375.9955444,51.04948044,190.3316503
378.2339291,50.13605439,366.0969768,46.28610876,376.4634399,49.57444,191.8742262
378.663088,48.65571871,366.533039,44.8132039,376.9285278,48.10625076,193.4103248
379.0981294,47.18517949,366.9671153,43.34670916,377.3908997,46.64498138,194.9397133
379.5230562,45.71930101,367.4010952,41.88713648,377.8506775,45.19060516,196.4624381
379.9458176,44.25956605,367.8290356,40.43985168,378.3070374,43.74295425,197.9716652
380.374722,42.80961871,368.2546921,38.99977707,378.7599792,42.30203629,199.4733304
380.7921198,41.36355246,368.6781756,37.57045342,379.2090454,40.8678627,200.9640699
381.2292173,39.85831871,369.1192543,36.07772815,379.6756287,39.37330627,202.5205978
381.671382,38.36376213,369.5568773,34.59598788,380.1379395,37.88684082,204.0656118
382.1027132,36.87690097,369.9941193,33.12120066,380.5961304,36.40960693,205.6038504
382.530738,35.39945588,370.426247,31.65978031,381.0495911,34.94185638,207.1278201
382.9646596,33.93486383,370.8553974,30.21002875,381.4981079,33.48374939,208.6397558
383.3850249,32.47769452,371.2819051,28.76577957,381.9423523,32.03524017,210.1456657
383.8022823,31.0282894,371.7054897,27.33428951,382.3822632,30.5946579,211.6385112
384.2479931,29.52607605,372.1480007,25.83891005,382.8387451,29.09664345,213.1979905
384.68135,28.02228356,372.589275,24.34560123,383.2937012,27.60035896,214.7551335
385.1165234,26.51824663,373.0298925,22.85434891,383.7475281,26.10325432,216.3101181
385.5575441,25.03064969,373.4691045,21.37346417,384.1965942,24.61891365,217.8547627
385.9852769,23.55298544,373.9031403,19.90579378,384.6408691,23.14715385,219.385267
386.4090084,22.08868954,374.3334514,18.44653617,385.0809326,21.6881237,220.9066481
386.8297974,20.63738727,374.7615549,16.99642102,385.517395,20.24143791,222.4186357
387.2765806,19.13925322,375.2024798,15.50553366,385.9676514,18.7453289,223.9733575
387.7071928,17.65219561,375.6415948,14.0179655,386.4142151,17.262743,225.5243833
388.1337316,16.17820108,376.0758853,12.5546804,386.8555603,15.79409599,227.0507553
388.5565077,14.71756977,376.501838,11.10794166,387.2913513,14.33873367,228.5588961
388.9854929,13.27378758,376.9253594,9.674942393,387.7216797,12.89665508,230.053171
389.4166678,11.78279836,377.3666487,8.186416636,388.1655579,11.40939903,231.6057318
389.8420192,10.30655597,377.802318,6.709004228,388.6054993,9.937074661,233.1460419
390.2766611,8.84845096,378.231884,5.253097682,389.0405884,8.479484558,234.663998
390.6934028,7.401519343,378.660573,3.808867275,389.4713745,7.036657333,236.1705091
391.1225793,5.913645119,379.1024971,2.31274222,389.9160767,5.552208424,237.730537
391.548783,4.440675864,379.5373547,0.841199953,390.3562622,4.083312035,239.2649874
391.983614,2.987025373,379.9656489,-0.606865858,390.7907715,2.630313873,240.7750637
392.3991374,1.544528152,380.3944154,-2.048862426,391.2213135,1.191968441,242.2794555
392.8303931,0.06240304,380.8267532,-3.506415326,391.660553,-0.285403699,243.7997767
393.2519449,-1.402809799,381.2616254,-4.973604048,392.0958557,-1.747100592,245.3300566
393.6846118,-2.847790323,381.6896558,-6.411479139,392.5252075,-3.192248106,246.8302882
394.1098074,-4.332741619,382.1325269,-7.905154418,392.967041,-4.673589706,248.3882357
394.530091,-5.801025467,382.5691515,-9.3745025,393.4043579,-6.13735199,249.9210843
394.9623507,-7.24848441,382.9979724,-10.81476229,393.8356628,-7.584321499,251.423827
395.387656,-8.734387033,383.4412461,-12.30512252,394.2785034,-9.065908432,252.9787113
395.8272104,-10.19938286,383.8735691,-13.75901398,394.7146912,-10.53067589,254.4955184
396.2427344,-11.65514307,384.3051749,-15.20638897,395.1462402,-11.98133373,256.0058753
396.6737329,-13.14806384,384.7412496,-16.67066656,395.5855103,-13.46931934,257.5337071
397.1012928,-14.62615501,385.1791461,-18.13155512,396.0191956,-14.94431782,259.0588132
397.524535,-16.09131466,385.6095023,-19.5749663,396.4466858,-16.40645027,260.5650145
397.9594957,-17.53861794,386.0356859,-21.00487036,396.868042,-17.85590363,262.0570795
398.3879657,-19.02617452,386.4689348,-22.45889953,397.2956848,-19.34075546,263.5742827
398.812666,-20.49945018,386.8995602,-23.90101571,397.7159424,-20.81259918,265.07932
399.2322828,-21.96046373,387.3239347,-25.31422555,398.1268921,-22.2717762,266.5548727
399.6629679,-23.40473921,387.7413111,-26.70844897,398.5280151,-23.71925545,268.010229
400.086642,-24.88822411,388.1610514,-28.11165621,398.9285889,-25.20124054,269.4748697
400.5063956,-26.35781914,388.5777692,-29.49912166,399.3157349,-26.67136955,270.9235637
400.937669,-27.81306596,388.9829869,-30.84243623,399.6854553,-28.13038254,272.3266657
401.3654692,-29.30571848,389.393074,-32.19744174,400.0462952,-29.62434196,273.7423675
401.7911655,-30.78823115,389.7940651,-33.5115742,400.3830566,-31.10787201,275.1163172
402.2236656,-32.25938136,390.1899202,-34.792526,400.6932678,-32.58153534,276.4570405
402.6517271,-33.76918068,390.5930635,-36.08402826,400.9827576,-34.08956528,277.8100011
403.0770227,-35.27215156,390.9918569,-37.34483002,401.239624,-35.58727646,279.1323692
403.5065643,-36.76812454,391.3891767,-38.58405115,401.4624939,-37.07445145,280.433727
403.9364247,-38.30285894,391.8023562,-39.85144171,401.6564026,-38.59384155,281.7667671
404.3684264,-39.83473155,392.2109893,-41.1013364,401.8134155,-40.10092163,283.0817644
404.8006946,-41.40735251,392.6333984,-42.38572108,401.9369812,-41.63762283,284.433827
405.2279582,-42.98172526,393.055866,-43.65857785,402.021637,-43.16001892,285.7749621
405.6530735,-44.55459945,393.4796295,-44.9378326,402.0690918,-44.66742706,287.1225779
406.0783372,-46.17344743,393.914199,-46.25577478,402.0794678,-46.20051193,288.5103178
406.498262,-47.7987475,394.3476126,-47.57395856,402.0514221,-47.71648026,289.8979258
406.9181018,-49.47143914,394.7903359,-48.93957313,401.9839478,-49.25505066,291.3335117
407.3277704,-51.1613175,395.2299666,-50.30219472,401.8760681,-50.77416611,292.7652983
407.7332161,-52.86900954,395.6633675,-51.67078706,401.7272949,-52.27277756,294.2008753
408.1326185,-54.63325066,396.1261318,-53.09727872,401.5333252,-53.78901291,295.7005517
408.5071831,-56.41553663,396.6047316,-54.54378628,401.2985535,-55.2819252,297.2241796
408.8583684,-58.25671164,397.0446445,-56.04398373,401.0164795,-56.78791428,298.7875464
409.1748004,-60.12528537,397.3639311,-57.53788354,400.6924438,-58.26705933,300.3151853
409.4679512,-62.05204381,397.5511272,-59.05901318,400.3189392,-59.75417709,301.8477901
409.7251241,-64.00696613,397.6222575,-60.56089594,399.9042358,-61.21064758,303.3513564
409.9655564,-66.05299641,397.5729781,-62.07057872,399.4355469,-62.6691246,304.8618432
410.1791128,-68.12425354,397.3798229,-63.53870833,398.9255981,-64.09250641,306.3426246
410.3307592,-70.27344305,397.0663197,-64.99397746,398.3616028,-65.50952148,307.8312792
410.3518316,-72.42343723,396.6389341,-66.39520886,397.7563171,-66.88641357,309.2962392
409.7082531,-74.27033739,396.0997605,-67.77655923,397.1030884,-68.25533295,310.7790868
408.185201,-75.7030282,395.4057906,-69.06681983,396.4107056,-69.58866119,312.2441352
406.6893268,-77.0669408,394.5521564,-70.27136189,395.6761169,-70.90066528,313.7204864
405.2251934,-78.29390505,393.5429845,-71.39247542,394.9088745,-72.19939423,315.2289039
403.6783226,-79.57729564,392.4055848,-72.42714242,394.087677,-73.49407196,316.766504
402.1655255,-80.77565537,391.1642615,-73.3680299,393.2341003,-74.76174164,318.3241152
400.6816529,-81.91903947,389.7955481,-74.19474151,392.3502197,-76.0074234,319.9231238
399.209251,-83.01456064,388.3805662,-74.96213904,391.4372559,-77.2351532,321.5328047
397.7495409,-84.06132555,386.9616932,-75.71415576,390.497345,-78.44989014,323.1386471
396.316594,-85.05029016,385.6231502,-76.46475117,389.5559998,-79.6223526,324.6732776
394.8718119,-86.00696016,384.2843921,-77.20429637,388.5900574,-80.78414154,326.2027221
393.4184335,-86.93899856,382.9486324,-77.93676584,387.5997314,-81.93591309,327.726128
391.968832,-87.85274185,381.6147009,-78.66662684,386.5867004,-83.07775116,329.2466773
390.5228814,-88.75148182,380.2834657,-79.39313968,385.5527649,-84.20903015,330.7632551
389.0792049,-89.63698805,378.9613476,-80.11015275,384.5009155,-85.32613373,332.2672843
387.6390841,-90.50439755,377.6526422,-80.81671936,383.4344177,-86.42552185,333.7545456
386.2029831,-91.35079318,376.3672307,-81.51580617,382.355957,-87.50406647,335.217763
384.7664344,-92.16522846,375.1064995,-82.20552133,381.2685242,-88.55876923,336.654826
383.3395947,-92.94775777,373.8677825,-82.88469535,380.1762085,-89.58690643,338.0675175
381.8941963,-93.74009285,372.6095997,-83.58167043,379.0440369,-90.62168884,339.5058493
380.4894442,-94.52770028,371.3803425,-84.2660884,377.913208,-91.62551117,340.9127967
379.0696262,-95.32460823,370.1324449,-84.96991528,376.7462463,-92.63272095,342.3454937
377.6875461,-96.10662085,368.9182546,-85.66790418,375.5871887,-93.60641479,343.7460103
376.2972147,-96.9030942,367.6902714,-86.39535732,374.3960571,-94.58207703,345.1732912
374.9518189,-97.68887949,366.4981561,-87.11804759,373.219635,-95.52288055,346.5673572
373.5959442,-98.48480462,365.2850326,-87.86735052,372.0153503,-96.46554565,347.9932336
372.2287946,-99.29637885,364.063778,-88.63205606,370.7835083,-97.40869141,349.4341491
370.9080065,-100.0933952,362.8699285,-89.39332424,369.5738525,-98.3174057,350.8500608
369.5752903,-100.9019636,361.6637687,-90.1763068,368.3401184,-99.22743988,352.2880744
368.2350816,-101.7238168,360.4314677,-90.98353862,367.084259,-100.1399155,353.7612305
366.9462279,-102.5344867,359.2314215,-91.77607206,365.8591003,-101.0184708,355.1993613
365.6463203,-103.3589777,358.0273716,-92.57691416,364.6141052,-101.8982239,356.6454195
364.3420262,-104.1999785,356.806136,-93.39702194,363.3510132,-102.7793274,358.1164712
363.0373271,-105.06148,355.5610254,-94.24543302,362.0712891,-103.6639023,359.6231569
361.7798678,-105.9001431,354.3601354,-95.07807575,360.8301086,-104.5148697,361.0844682
360.5212862,-106.7572551,353.140064,-95.92982068,359.5756226,-105.3700714,362.5724344
359.2585645,-107.629687,351.9032102,-96.78980529,358.3086548,-106.2297668,364.0788809
357.9931763,-108.5146125,350.6380775,-97.66004056,357.0314026,-107.0952377,365.6144167
356.7217166,-109.4050632,349.3561356,-98.53749516,355.74646,-107.9661179,367.1678971
355.4475487,-110.3053475,348.0671181,-99.42493161,354.4550171,-108.8421326,368.7328603
354.1718922,-111.2158677,346.7769324,-100.3292081,353.157959,-109.7231827,370.3083904
352.9501817,-112.0957868,345.5485067,-101.218899,351.9124146,-110.5707703,371.8251565
351.731226,-112.9905893,344.3264782,-102.1289666,350.6624756,-111.4228973,373.3488286
350.5085471,-113.8857618,343.0946678,-103.0488684,349.4098816,-112.2798386,374.8862213
349.2863506,-114.7847094,341.8552433,-103.9703912,348.1567993,-113.1408997,376.430688
348.0636648,-115.6848472,340.6197496,-104.8913904,346.9047241,-114.0044174,377.971689
346.8455272,-116.5885353,339.3916284,-105.8079769,345.6558533,-114.8679123,379.5041421
345.628503,-117.491269,338.1783461,-106.7149925,344.4102173,-115.7290802,381.0189792
344.4229221,-118.3953034,336.9626162,-107.6257877,343.1707458,-116.5876923,382.5380404
343.2290403,-119.2997563,335.7459191,-108.5360405,341.9389343,-117.4440689,384.0575509
341.9841105,-120.2330429,334.4755193,-109.4883568,340.65979,-118.3379593,385.6452605
340.7334739,-121.1443516,333.2132037,-110.4356124,339.3892517,-119.2302017,387.2234664
339.4705283,-122.0251895,331.9610384,-111.3768327,338.1271362,-120.1202774,388.7899317
338.2079221,-122.8925937,330.7143625,-112.31286,336.8733215,-121.0083466,390.3488891
336.9544541,-123.7620396,329.4806775,-113.2408955,335.6271667,-121.8935623,391.8926599
335.714356,-124.6377617,328.2548351,-114.1627311,334.3883667,-122.7757416,393.4264365
334.4866815,-125.5181659,327.0367551,-115.0794227,333.1567688,-123.6547089,394.9509175
333.2673516,-126.3984844,325.8279965,-115.9896896,331.9319763,-124.5300903,396.4640874
331.9986533,-127.3110985,324.5799053,-116.9301462,330.660553,-125.4387131,398.0268383
330.7326901,-128.2130925,323.3372252,-117.8669184,329.3957825,-126.3427734,399.5830503
329.4709815,-129.1091366,322.1052716,-118.7954296,328.1372375,-127.2415848,401.1257242
328.2181566,-130.0032307,320.8791798,-119.7216602,326.8849487,-128.1354675,402.6623453
326.9737944,-130.8957354,319.6589766,-120.6415549,325.638855,-129.0243683,404.1904494
325.7400943,-131.7917751,318.4492989,-121.5537815,324.398407,-129.9077301,405.7055327
324.51278,-132.6813205,317.2415909,-122.4655397,323.1640015,-130.7863312,407.2187616
323.2885109,-133.5640935,316.044552,-123.3692298,321.9351807,-131.6594696,408.7186142
322.0147693,-134.4706786,314.8017188,-124.3077697,320.6612549,-132.5636292,410.2760132
320.7440981,-135.3675438,313.5654589,-125.2412249,319.3934937,-133.4623566,411.8251023
319.4781662,-136.2564389,312.3342346,-126.170587,318.1319885,-134.355896,413.3677063
318.2189517,-137.1408978,311.1084834,-127.094113,316.8766785,-135.2443237,414.9024266
316.9657868,-138.0196536,309.8889313,-128.0128338,315.6277161,-136.127594,416.4293042
315.7198171,-138.8938801,308.6742392,-128.9294182,314.3851013,-137.0062103,417.951015
314.480726,-139.7632785,307.4622976,-129.8399929,313.1490479,-137.8804321,419.4669137
313.2477704,-140.6275908,306.2569086,-130.7475651,311.9195251,-138.750412,420.9757708
311.9716723,-141.5228242,305.0154265,-131.6870172,310.6472778,-139.6501923,422.5326421
310.7018293,-142.4166985,303.7877731,-132.6293371,309.3799438,-140.5454712,424.080253
309.4381765,-143.3118399,302.5703725,-133.580053,308.1156006,-141.4377289,425.624897
308.1791563,-144.2061056,301.356612,-134.5285901,306.8543396,-142.3269043,427.1653311
306.9276855,-145.1043562,300.1386043,-135.4645084,305.5958252,-143.2132416,428.7013929
305.6870587,-146.0132083,298.9144894,-136.3886249,304.3390808,-144.09758,430.2351623
304.455956,-146.9310154,297.6872244,-137.3088563,303.0838928,-144.980545,431.7691131
303.2319554,-147.85575,296.459648,-138.2237634,301.8301697,-145.8620453,433.3001255
302.0095688,-148.7789813,295.2342096,-139.135492,300.578186,-146.7416687,434.8275247
300.7795012,-149.7018004,294.0039836,-140.0476018,299.321167,-147.6238708,436.3589947
299.5470104,-150.626176,292.7684399,-140.9608637,298.0611572,-148.5075531,437.8954241
298.3153437,-151.5504742,291.5341092,-141.8744158,296.8014832,-149.3903656,439.4310509
297.0846725,-152.473924,290.2986849,-142.7894132,295.5422668,-150.2727051,440.9684167
295.8542395,-153.3971766,289.0625379,-143.7056841,294.2830505,-151.1551514,442.5071213
294.6225145,-154.320732,287.8270751,-144.619877,293.0232239,-152.0376587,444.0440393
293.3895052,-155.24654,286.5935789,-145.5330715,291.7618713,-152.9201508,445.5787826
292.1540121,-156.1727307,285.3575812,-146.4476074,290.4981384,-153.8033142,447.1163346
290.9167765,-157.100542,284.1169573,-147.3657727,289.2315979,-154.6880035,448.6597643
289.6778744,-158.0302479,282.8719947,-148.2884893,287.9623718,-155.5747223,450.2093894
288.4353753,-158.9623585,281.6269706,-149.2127462,286.6901245,-156.4631653,451.7599815
287.1895307,-159.8959247,280.378381,-150.1387283,285.4147339,-157.3534698,453.3144649
285.9410785,-160.8324251,279.1276635,-151.068247,284.1360779,-158.2457123,454.872765
284.7384657,-161.7343209,277.9207313,-151.9658759,282.9038696,-159.1057129,456.3769003
283.5322525,-162.6388569,276.7135336,-152.8647481,281.6686096,-159.9674683,457.8819909
282.3230273,-163.5451381,275.5038844,-153.7667036,280.4302979,-160.8310242,459.3908894
281.1109733,-164.4531761,274.2920613,-154.6717103,279.1890869,-161.6963043,460.9033551
279.8978089,-165.3640881,273.0772469,-155.5805796,277.9453125,-162.5634003,462.4205293
278.6820877,-166.2764801,271.8600455,-156.4906144,276.6991882,-163.4321136,463.940313
277.464073,-167.1900957,270.6411041,-157.4043473,275.4507751,-164.3025513,465.4637059
276.2435657,-168.1060258,269.4211345,-158.3194794,274.1999512,-165.17453,466.9887608
275.0212673,-169.0240557,268.199067,-159.2372667,272.9467773,-166.0480957,468.5170875
273.796071,-169.9433496,266.975008,-160.156121,271.6911926,-166.9231567,470.0476475
272.5693392,-170.864756,265.7488466,-161.0786306,270.4332581,-167.799881,471.5820841
271.3401877,-171.7877262,264.5201394,-162.0027948,269.1729431,-168.6783142,473.1195498
270.1084968,-172.7132099,263.2897787,-162.9282383,267.9100342,-169.5583801,474.6591059
268.8743499,-173.6395307,262.0573354,-163.8565756,266.6448364,-170.4400024,476.2020663
267.6375364,-174.5679698,260.823858,-164.7853559,265.3772888,-171.3228607,477.7461192
266.3987378,-175.4970571,259.588206,-165.7168132,264.107666,-172.2069702,479.2935198
265.1591734,-176.4278885,258.3503541,-166.6507131,262.8363037,-173.0923462,480.8441475
263.9187072,-177.3584807,257.1082798,-167.5873951,261.5635376,-173.9794617,482.3998215
262.6769236,-178.2898965,255.8640951,-168.5259767,260.2895508,-174.8683929,483.9583243
261.4343497,-179.2233067,254.6174026,-169.4653952,259.0143433,-175.7592621,485.5193334
260.1895585,-180.157995,253.3704509,-170.4068552,257.7377625,-176.6519928,487.0817788
258.9418906,-181.0949689,252.1222592,-171.3481851,256.4591675,-177.5466003,488.6451356
257.7400918,-181.9975147,250.9259338,-172.2518795,255.2292786,-178.4065399,490.1444214
256.5359055,-182.9019348,249.7285588,-173.1563796,253.9970551,-179.2672577,491.6450304
255.3301052,-183.807204,248.528879,-174.061543,252.7628784,-180.1285553,493.1478785
254.1224968,-184.715182,247.3277045,-174.9676852,251.5261841,-180.9906311,494.6525093
252.9156793,-185.6232169,246.1210096,-175.8775016,250.2878113,-181.8540192,496.1637599
251.7082819,-186.5318166,244.9114711,-176.7894694,249.0481567,-182.7188721,497.6785763
250.5005039,-187.4409414,243.6985127,-177.7028863,247.8074799,-183.5854797,499.196996
249.2917826,-188.3526675,242.4858093,-178.6184511,246.5657043,-184.4537048,500.7165053
248.0821668,-189.2657492,241.2707806,-179.5341904,245.3229218,-185.3235626,502.2379761
246.8716702,-190.1805041,240.0539557,-180.4504443,244.0791321,-186.1950684,503.7611911
245.6579835,-191.0968167,238.8374494,-181.3658541,242.8339996,-187.0677948,505.2836439
244.4427427,-192.0154589,237.6201766,-182.2809366,241.5874329,-187.9414673,506.8065126
243.2249265,-192.9350257,236.4025794,-183.1965199,240.3392487,-188.8158875,508.3299416
242.0055284,-193.8545162,235.1826215,-184.1129438,239.0895538,-189.6911621,509.8557627
240.785231,-194.7758534,233.960991,-185.0297239,237.8383636,-190.5672455,511.3831352
239.5642728,-195.6981404,232.7368125,-185.9473916,236.5857544,-191.4443207,512.9130787
238.3420546,-196.620771,231.5110366,-186.866769,235.3318329,-192.3224792,514.4453258
237.1171645,-197.5439212,230.284507,-187.7863027,234.0764618,-193.2015381,515.9782698
235.8906237,-198.4675588,229.0561505,-188.7063621,232.8196564,-194.0815125,517.5129909
234.6617726,-199.3924843,227.8269955,-189.6263177,231.561264,-194.9621887,519.048289
233.4297544,-200.3180721,226.5980376,-190.5470513,230.3010712,-195.8432922,520.5838957
232.1948765,-201.2449958,225.3685469,-191.4671073,229.0389099,-196.7244568,522.1195227
230.9575526,-202.1735104,224.1387706,-192.3875142,227.7745667,-197.6054382,523.6555887
229.7181393,-203.1026592,222.9076784,-193.308396,226.5080261,-198.4861298,525.1929928
228.4766483,-204.0320015,221.6754296,-194.2305468,225.2392731,-199.3665161,526.7320832
227.2328303,-204.9610744,220.4413387,-195.152843,223.9683533,-200.2465363,528.2727358
225.9871711,-205.8902917,219.2064727,-196.0772094,222.6952667,-201.1262207,529.8152491
224.7392627,-206.8186343,217.969492,-197.0016093,221.420166,-202.0055237,531.3594759
223.4907522,-207.7473916,216.7312813,-197.9277765,220.1432953,-202.8844757,532.9057461
222.2390971,-208.6742585,215.4921057,-198.8541989,218.8647156,-203.7629395,534.4529418
220.9856952,-209.6013291,214.2518568,-199.7805971,217.5843964,-204.6408234,536.0009828
219.7317563,-210.5289095,213.0116233,-200.7094245,216.3025208,-205.5180969,537.5504664
218.4771463,-211.4546364,211.7686036,-201.639016,215.0192261,-206.3951721,539.1026386
217.2215923,-212.3807534,210.5241794,-202.56827,213.7346344,-207.2719574,540.6557337
215.9647854,-213.3049682,209.2792927,-203.5002538,212.4488831,-208.1486664,542.210834
214.706306,-214.2294444,208.0333511,-204.4313843,211.1619263,-209.0251465,543.7662678
213.4473769,-215.1525105,206.7837796,-205.360875,209.8739624,-209.9016571,545.3236316
212.1863209,-216.0762,205.5317856,-206.286629,208.5848083,-210.7779694,546.8807152
210.9236569,-217.0004117,204.277449,-207.2090653,207.2944794,-211.6538239,548.4377152
209.6587908,-217.9257532,203.0215755,-208.1285323,206.0026855,-212.5289612,549.9941977
208.3934522,-218.8510977,201.7639622,-209.0476979,204.7095184,-213.4034576,551.5519065
207.1266039,-219.7756606,200.5030246,-209.9634132,203.4150238,-214.2772827,553.1102704
205.8599667,-220.7012494,199.240177,-210.8784438,202.1192322,-215.1505432,554.6697784
204.5914399,-221.6254468,197.9757754,-211.7925827,200.8221893,-216.0232086,556.2300224
203.3216608,-222.5498473,196.7102329,-212.7054844,199.5239563,-216.8950958,557.790467
202.0502902,-223.4736798,195.4435974,-213.6167159,198.2246552,-217.7659607,559.3508222
200.7788081,-224.3947797,194.1744268,-214.5272354,196.92453,-218.6361389,560.9128208
199.5052956,-225.3145841,192.9034248,-215.4349521,195.6235046,-219.5055237,562.4746773
198.230677,-226.2331533,191.6308428,-216.3409384,194.3216553,-220.3740845,564.0368156
196.9553193,-227.1506026,190.3580377,-217.2469648,193.0191498,-221.241745,565.599159
195.6797926,-228.0657292,189.0851662,-218.1540556,191.7162781,-222.1085968,567.1621739
194.4016039,-228.9798219,187.8144365,-219.062209,190.4128265,-222.9743347,568.7240626
193.1207536,-229.8904512,186.5435967,-219.9692803,189.1088562,-223.8387909,570.2854121
191.8389823,-230.7985308,185.2717443,-220.875481,187.804306,-224.7021637,571.8470805
190.554063,-231.7034668,184.000409,-221.7810525,186.4991455,-225.564209,573.4079627
189.2697011,-232.6062528,182.7284998,-222.6868009,185.1936493,-226.4250946,574.969415
187.9839174,-233.5072212,181.4560995,-223.5910601,183.8876953,-227.2848053,576.5304041
186.6966625,-234.405318,180.1808458,-224.4907152,182.5813293,-228.1433411,578.0910615
185.4086265,-235.3011261,178.903523,-225.3871871,181.2745972,-229.0007629,579.6515791
184.119325,-236.1940762,177.624528,-226.2808919,179.9675446,-229.8571014,581.2118793
182.8290092,-237.0839065,176.3432578,-227.1714431,178.6601868,-230.7125092,582.7722429
181.5344686,-237.9715252,175.0619063,-228.0594096,177.3521271,-231.5666656,584.3311997
180.2358307,-238.8551031,173.7797133,-228.9441523,176.043396,-232.4191895,585.889015
178.9360315,-239.7370225,172.4953355,-229.8249988,174.733902,-233.2700806,587.4464221
177.6350512,-240.6171591,171.2070271,-230.7004478,173.4233246,-234.1195984,589.0040323
176.3317274,-241.4961172,169.9163931,-231.5717602,172.1115265,-234.9675751,590.5612482
175.0281815,-242.3742089,168.6222576,-232.4385374,170.7985992,-235.8140717,592.1188391
173.7225403,-243.2512831,167.3258055,-233.3014101,169.484375,-236.6589813,593.6761886
172.4169596,-244.1257478,166.0257175,-234.1606818,168.1690826,-237.5025635,595.2345777
171.1111001,-244.9987385,164.7237619,-235.0175029,166.8529968,-238.3447723,596.7931767
169.8041541,-245.8707499,163.420638,-235.8720319,165.536087,-239.1855316,598.3514936
168.4966733,-246.7398179,162.1165149,-236.7256841,164.2185364,-240.0249634,599.9101659
167.1897943,-247.6063489,160.811725,-237.5796888,162.9005127,-240.8633728,601.4695891
165.881236,-248.4716384,159.5051453,-238.4297721,161.581955,-241.700592,603.0283681
164.5711314,-249.3353094,158.1982913,-239.2785019,160.2628326,-242.536499,604.5866395
163.2576198,-250.1988202,156.8909346,-240.1236023,158.9427948,-243.3706512,606.1433592
161.942917,-251.0606224,155.5829465,-240.9671263,157.6218719,-244.2029724,607.6997542
160.6263696,-251.9209524,154.275288,-241.8099455,156.2999878,-245.0332947,609.2554904
159.3090525,-252.7788735,152.9688261,-242.6547149,154.9771881,-245.8616943,610.8112789
157.9903276,-253.634572,151.6625735,-243.4992533,153.6534729,-246.6881256,612.3667663
156.6706228,-254.4883585,150.3568223,-244.3441632,152.3288574,-247.5125732,613.9220344
155.3502582,-255.3390188,149.0506935,-245.1889281,151.0034027,-248.3352051,615.4775408
154.0271862,-256.1892383,147.7457558,-246.0333166,149.6769104,-249.1556396,617.0318427
152.6991957,-257.0399236,146.4422243,-246.8757028,148.3489532,-249.973114,618.5838765
151.3661525,-257.8900542,145.1393054,-247.7154941,147.0190735,-250.7870026,620.1339885
150.0298818,-258.7381557,143.8358138,-248.5524847,145.6871948,-251.5969391,621.6830668
148.6908472,-259.5841684,142.5317731,-249.3871602,144.3531799,-252.4026947,623.2313579
147.3507489,-260.4287926,141.2265782,-250.219393,143.0170288,-253.2041931,624.7793066
146.0134398,-261.2689903,139.9182095,-251.0493468,141.6792755,-254.0020599,626.3287103
144.6823688,-262.1020482,138.6062432,-251.8794177,140.3407745,-254.7976379,627.8812158
143.3551879,-262.9299732,137.2917783,-252.7079545,139.0022736,-255.5915985,629.4350148
142.0298307,-263.7534272,135.9759041,-253.5347532,137.6641235,-256.3843689,630.9890807
140.7058096,-264.5742532,134.6586426,-254.3592456,136.3263245,-257.1763306,632.5430967
139.3795369,-265.3930062,133.3404172,-255.1790351,134.9888916,-257.9671021,634.095441
138.0534672,-266.2074201,132.0212936,-255.9967058,133.651947,-258.7569275,635.6474309
136.7263388,-267.0197168,130.7024926,-256.8125081,132.3154755,-259.5456543,637.1981628
135.3956364,-267.829973,129.383337,-257.6238647,130.9791718,-260.3328552,638.7468626
134.0595034,-268.6408817,128.0655226,-258.4316983,129.6424866,-261.1176453,640.292576
132.7206116,-269.4508176,126.7489024,-259.2381554,128.3051605,-261.8996277,641.836552
131.3837186,-270.2585594,125.4303716,-260.0408499,126.9674988,-262.6790161,643.3801976
130.0480462,-271.0623827,124.110876,-260.8415436,125.6296692,-263.4561462,644.9236285
128.7128374,-271.8645275,122.7907248,-261.6394259,124.2917252,-264.2310486,646.4661639
127.3780153,-272.6653565,121.4704584,-262.4352197,122.9536819,-265.0037231,648.0077187
126.0407403,-273.4635843,120.1510123,-263.2293156,121.6153946,-265.7738953,649.5476948
124.7027823,-274.2599211,118.8302405,-264.0190432,120.276741,-266.5415344,651.0865605
123.3639652,-275.0545963,117.5078328,-264.8040287,118.9375534,-267.3066101,652.6244046
122.0255588,-275.8461066,116.1830024,-265.5845851,117.5977859,-268.0694275,654.1620794
120.6896212,-276.6356518,114.856161,-266.361937,116.2577209,-268.8303223,655.6998649
119.3548301,-277.4219792,113.526151,-267.133946,114.9174347,-269.5896606,657.237696
118.0219456,-278.2051429,112.1932423,-267.9009036,113.5773087,-270.3477173,658.7755092
116.6891277,-278.9860653,110.8593546,-268.6645953,112.2374573,-271.1044922,660.3125458
115.3586364,-279.7641404,109.5239482,-269.4254019,110.8981171,-271.8603516,661.8494703
114.0258885,-280.5409646,108.1882955,-270.1822768,109.5591888,-272.6148987,663.3846666
112.6907022,-281.3162294,106.8523641,-270.9356997,108.2203217,-273.3679199,664.9184067
111.3542391,-282.0893117,105.5164252,-271.6864444,106.8816071,-274.1191711,666.4508395
110.0169451,-282.8607393,104.1804646,-272.4343266,105.543045,-274.8684692,667.981891
108.6791843,-283.6297535,102.8437958,-273.1789614,104.2044907,-275.6158752,669.5119774
107.3410979,-284.3975224,101.5063781,-273.9196805,102.8659897,-276.3612366,671.0408171
106.0029853,-285.1614288,100.1696972,-274.6600855,101.5276184,-277.1046753,672.5688601
104.6635835,-285.9234813,98.83567314,-275.4025845,100.189209,-277.8460693,674.0955968
103.3239766,-286.6818578,97.50268425,-276.1451215,98.85090637,-278.5854492,675.6214476
101.987435,-287.4359648,96.16943637,-276.8876244,97.51291656,-279.3234253,677.147508
100.649593,-288.1878769,94.83809393,-277.6308421,96.17520905,-280.0598145,678.6722524
99.31163069,-288.9369518,93.50671267,-278.3728325,94.83758545,-280.7948303,680.1964327
97.97291106,-289.682978,92.17547048,-279.1138378,93.49999237,-281.5285339,681.7200123
96.63211797,-290.4269622,90.84648998,-279.8568516,92.16227722,-282.2607422,683.2425952
95.29118997,-291.1679964,89.51635665,-280.5969188,90.82450867,-282.9915466,684.7647496
93.94846338,-291.9055046,88.18722024,-281.3374201,89.48659515,-283.7209167,686.2862442
92.60296481,-292.640245,86.85927292,-282.078088,88.14837646,-284.4486389,687.8067813
91.25673917,-293.371937,85.53194406,-282.8186057,86.81001282,-285.1746521,689.3267051
89.90950838,-294.1014209,84.20454004,-283.5572302,85.47148895,-285.8988647,690.8457731
88.56156977,-294.8243923,82.87721699,-284.2959908,84.13283539,-286.6216125,692.3648365
87.21086854,-295.5465012,81.55091344,-285.0334443,82.79399872,-287.3424072,693.8823736
85.86142721,-296.2671211,80.2254141,-285.7717749,81.45497894,-288.0614624,695.3996345
84.51097708,-296.9886869,78.90028102,-286.5082434,80.11564636,-288.7784729,696.9156699
83.16012091,-297.710567,77.5754074,-287.2432526,78.77588654,-289.4932861,698.4307701
81.80874375,-298.4310372,76.2508951,-287.9775807,77.43562317,-290.2058716,699.945224
80.45651771,-299.1514927,74.92711394,-288.7111757,76.09482574,-290.9159851,701.458683
79.10359836,-299.870825,73.6030251,-289.4429711,74.7532959,-291.6236267,702.9715399
77.75192182,-300.5877589,72.27789227,-290.1725846,73.41125488,-292.3289795,704.4842569
76.40103713,-301.304933,70.9505777,-290.8970372,72.06866455,-293.032074,705.9964062
75.04957746,-302.021384,69.62205486,-291.6176475,70.72550201,-293.7327881,707.5077805
73.69777203,-302.7367727,68.29288422,-292.335653,69.38175201,-294.4310608,709.0184845
72.34669018,-303.4496085,66.96237899,-293.0506308,68.0375061,-295.1270752,710.5289272
70.99929032,-304.1607035,65.63022119,-293.7630736,66.69304657,-295.8213196,712.0396288
69.65149981,-304.8715648,64.29730691,-294.4726102,65.34823608,-296.5137329,713.5496297
68.30361122,-305.5809879,62.962796,-295.1789504,64.00280762,-297.2045288,715.0595422
66.95268999,-306.2876537,61.62565612,-295.8797557,62.65641785,-297.8936462,716.5692015
65.60200747,-306.991912,60.28637721,-296.5771718,61.30924225,-298.5812378,718.0791873
64.25021148,-307.6941622,58.94517196,-297.2713074,59.96114349,-299.267395,719.5893713
62.89935054,-308.3922879,57.6026279,-297.9646749,58.61235428,-299.9525146,721.1003918
61.54733461,-309.0897222,56.2571174,-298.6523471,57.26280975,-300.6365356,722.6114483
60.19479034,-309.7853436,54.90994705,-299.3375005,55.91252899,-301.3195496,724.1228394
58.84135938,-310.4793725,53.56116005,-300.0201776,54.56146622,-302.0016174,725.6345518
57.48684519,-311.169449,52.21157055,-300.7021456,53.20978928,-302.6828308,727.1466603
56.13111046,-311.8566418,50.85951281,-301.379102,51.85772705,-303.3630981,728.6587219
54.77524404,-312.5401252,49.50603627,-302.0539746,50.50533676,-304.0426636,730.1711212
53.41858076,-313.2214721,48.15101821,-302.725685,49.15267944,-304.7215271,731.6834931
52.05888258,-313.9009386,46.79611474,-303.3962827,47.79965591,-305.3993835,733.1952685
50.69814322,-314.5773088,45.43918256,-304.0627661,46.44626999,-306.0762939,734.7070439
49.33483781,-315.2517736,44.08197279,-304.7273604,45.09248734,-306.7519836,736.2182368
47.97250905,-315.9236574,42.72386968,-305.3907408,43.73841858,-307.4267273,737.7296989
46.6094193,-316.5920315,41.36433698,-306.0517577,42.38395691,-308.1007385,739.2414107
45.24457129,-317.2600698,40.00486506,-306.712239,41.02897644,-308.7738342,740.7528337
43.87964888,-317.9254135,38.64334626,-307.3696914,39.67345428,-309.4462585,742.2647785
42.51105238,-318.5885206,37.2811454,-308.0246731,38.31732559,-310.1176453,743.7762652
41.1414241,-319.2496022,35.9182573,-308.6786811,36.96051407,-310.7880554,745.2879499
39.77083152,-319.9091944,34.55574885,-309.3335184,35.60309219,-311.457428,746.7996513
38.40057504,-320.5676944,33.19140108,-309.9852518,34.245121,-312.125885,748.3116702
37.03050565,-321.2245916,31.82644602,-310.636818,32.88655853,-312.7936401,749.8241651
35.66107556,-321.8797252,30.46004404,-311.2865991,31.52757454,-313.4608765,751.3371984
34.28920268,-322.5330491,29.09420212,-311.93708,30.16807938,-314.1274109,752.8500268
32.92013727,-323.1832758,27.72566665,-312.5850389,28.80827904,-314.7938843,754.3642064
31.54580333,-323.8340964,26.35792546,-313.232404,27.4478035,-315.4596252,755.8774141
30.17197459,-324.4845681,24.98969833,-313.8795747,26.08680725,-316.1246948,757.3909779
28.7985827,-325.1338022,23.62163632,-314.528523,24.72524834,-316.7893372,758.9051535
27.42359827,-325.7829998,22.25315491,-315.1751518,23.36346245,-317.4530945,760.4187156
26.05468658,-326.4282885,20.88238827,-315.8216778,22.00176048,-318.1171265,761.9343003
24.68214223,-327.0742596,19.51280515,-316.4674487,20.64019203,-318.7807007,763.4484925
23.31122296,-327.7181355,18.14323735,-317.1145878,19.27868652,-319.4442749,764.9632548
21.94191588,-328.3609837,16.77190094,-317.7588699,17.9174614,-320.1080627,766.4783994
20.57245107,-329.0022402,15.40094057,-318.4041578,16.55645943,-320.7721863,767.9936316
19.20145232,-329.6447982,14.03065391,-319.0492146,15.19559097,-321.4363098,769.5081559
17.82807885,-330.2883375,12.66127498,-319.6936245,13.83478355,-322.0999451,771.0215834
16.45763754,-330.9307896,11.29169654,-320.3392268,12.47415352,-322.7635803,772.5356995
15.08587777,-331.5721637,9.921678623,-320.9833244,11.1135397,-323.4271545,774.0495722
13.71617188,-332.2126578,8.551188251,-321.6274395,9.753222466,-324.0909119,775.56388
12.34470828,-332.8540827,7.181085576,-322.2703852,8.393054962,-324.7545166,777.0773398
10.97622274,-333.493133,5.8098909,-322.9135119,7.033186913,-325.4185791,778.5918651
9.605989943,-334.1333768,4.440147287,-323.5557424,5.674070358,-326.0823364,780.1046961
8.237967246,-334.7719784,3.070457868,-324.1975467,4.315865993,-326.7460632,781.6172971
6.872659187,-335.4092586,1.700972452,-324.8395132,2.95873642,-327.4100952,783.1297822
5.503798209,-336.0480156,0.333140874,-325.4793206,1.602407217,-328.0736694,784.639854
4.136815594,-336.685048,-1.033871085,-326.1199011,0.246977538,-328.73703,786.1495113
2.768959,-337.3230368,-2.399866311,-326.7590207,-1.107734799,-329.3998718,787.6576283
1.401791481,-337.9609006,-3.765232772,-327.3968061,-2.461619139,-330.0620728,789.1646106
0.037994741,-338.596725,-5.130824158,-328.0345568,-3.814599514,-330.7241821,790.6717821
-1.3274682,-339.23373,-6.495081907,-328.6707933,-5.166871071,-331.3857422,792.1771046
-2.692064023,-339.8694002,-7.859484493,-329.3066092,-6.518800259,-332.0471191,793.6823808
-4.055963111,-340.5047337,-9.223857246,-329.9425505,-7.870527744,-332.7084961,795.1876829
-5.419354619,-341.1398078,-10.58803883,-330.5784805,-9.221939087,-333.369873,796.6928069
-6.781515464,-341.7748242,-11.95282181,-331.2131941,-10.57295322,-334.0313721,798.1979627
-8.141325128,-342.4080267,-13.31860196,-331.8482811,-11.9236002,-334.693573,799.7041801
-9.500920629,-343.0417888,-14.68414027,-332.4842058,-13.27397633,-335.3565369,801.2105317
-10.85972928,-343.6749565,-16.05043613,-333.1197085,-14.62396812,-336.0204163,802.717392
-12.21952647,-344.3080452,-17.41637547,-333.7556588,-15.97367191,-336.6851196,804.224118
-13.57768134,-344.9412505,-18.78349813,-334.3912055,-17.32304001,-337.3509521,805.7317466
-14.93353958,-345.573471,-20.15119215,-335.0283961,-18.6717968,-338.0183105,807.2405868
-16.28436704,-346.2041794,-21.5213819,-335.6661574,-20.01958084,-338.6881104,808.7519304
-17.63505419,-346.8334739,-22.89280149,-336.3031246,-21.36626816,-339.3605042,810.2640543
-18.99007732,-347.4650134,-24.26229086,-336.9404967,-22.71223259,-340.0347595,811.7745987
-20.34817801,-348.0999916,-25.63048758,-337.5775522,-24.05785179,-340.7102661,813.2838376
-21.70833362,-348.7354917,-26.99869936,-338.2141635,-25.40340424,-341.3868408,814.7929027
-23.06926178,-349.3710052,-28.36797195,-338.8498674,-26.74899483,-342.0645142,816.3025473
-24.43030105,-350.0071279,-29.73747352,-339.4867721,-28.09463882,-342.7433472,817.8129056
-25.7918457,-350.643533,-31.10745651,-340.1241368,-29.44031906,-343.4233398,819.3238944
-27.15283121,-351.2805859,-32.47826876,-340.7618448,-30.78590393,-344.1045837,820.8357799
-28.51275692,-351.9164104,-33.85017151,-341.4005777,-32.13116455,-344.787384,822.3490865
-29.87362331,-352.5545051,-35.22261724,-342.0378633,-33.47619629,-345.4714966,823.8622752
-31.23527425,-353.192182,-36.59503869,-342.6759294,-34.82093048,-346.1568604,825.3757708
-32.59731342,-353.8315602,-37.96748082,-343.3141866,-36.16547394,-346.8433838,826.8893658
-33.95991832,-354.4718557,-39.3398169,-343.9525396,-37.50974274,-347.5308838,828.402905
-35.32114505,-355.1118161,-40.71315423,-344.5915451,-38.85361481,-348.2196655,829.9176272
-36.68103444,-355.751645,-42.08714721,-345.2320156,-40.19698715,-348.9100342,831.4335623
-38.04134837,-356.3921408,-43.46157856,-345.8721259,-41.53987122,-349.6019287,832.9497426
-39.40275351,-357.0350768,-44.83501403,-346.5130766,-42.88245773,-350.2950745,834.4653754
-40.7655371,-357.6782241,-46.20831357,-347.1539298,-44.22480774,-350.9892883,835.9808438
-42.12606673,-358.3232894,-47.58299259,-347.794686,-45.5667572,-351.6848145,837.4975214
-43.48727542,-358.9671305,-48.9576505,-348.4368621,-46.90832138,-352.3817444,839.0147803
-44.84798624,-359.6113886,-50.33259607,-349.0801277,-48.24940109,-353.0801697,840.5327611
-46.208351,-360.2558193,-51.70727902,-349.7256262,-49.58995056,-353.7802124,842.0514519
-47.56935133,-360.9016496,-53.08156164,-350.3715018,-50.93000412,-354.4816895,843.5699406
-48.93197565,-361.547113,-54.45391273,-351.0204633,-52.26963806,-355.1844177,845.0879981
-50.29534209,-362.190569,-55.82781702,-351.6684006,-53.60887909,-355.8885803,846.6070227
-51.65807057,-362.8364945,-57.20060568,-352.3185115,-54.94758987,-356.5940247,848.1259673
-53.02051604,-363.4804895,-58.57404574,-352.9697183,-56.28556442,-357.3009644,849.6459699
-54.38525347,-364.1259497,-59.94526276,-353.6221788,-57.62316513,-358.0090027,851.1645024
-55.74791746,-364.7723583,-61.31764017,-354.275216,-58.96012115,-358.7183838,852.6843305
-57.11003231,-365.4161043,-62.69061753,-354.9302017,-60.29614258,-359.4294128,854.2055382
-58.47147822,-366.0601936,-64.06331509,-355.5871102,-61.63121796,-360.1422424,855.7273225
-59.8306575,-366.7046174,-65.43728984,-356.2452173,-62.96507263,-360.8572388,857.2507763
-61.19177964,-367.3472482,-66.80997186,-356.9048713,-64.29776001,-361.5742493,858.7737338
-62.55244649,-367.9935217,-68.18185551,-357.5645964,-65.62947083,-362.2930908,860.2960025
-63.91465291,-368.6397618,-69.55222187,-358.2256737,-66.96035004,-363.0135498,861.8174909
-65.27591475,-369.2867526,-70.92269146,-358.8883181,-68.29032135,-363.7357788,863.3397539
-66.63360532,-369.9368893,-72.29428765,-359.5532488,-69.61922455,-364.4602356,864.8640271
-67.99115664,-370.5848922,-73.66647736,-360.220481,-70.94681549,-365.1871948,866.3898395
-69.34749653,-371.2341622,-75.0393598,-360.8884203,-72.27293396,-365.9167786,867.9165841
-70.70108607,-371.8875228,-76.41312182,-361.5566098,-73.59744263,-366.6491089,869.4442291
-72.05297838,-372.540177,-77.78834705,-362.227138,-74.92009735,-367.3846741,870.9742136
-73.40144387,-373.1966359,-79.16366884,-362.9010427,-76.2406311,-368.1237488,872.5057676
-74.74966047,-373.8545228,-80.53784077,-363.5773627,-77.55906677,-368.8663025,874.0373541
-76.09222645,-374.5192223,-81.91212201,-364.2583252,-78.8751297,-369.6127625,875.5710942
-77.43508619,-375.1855445,-83.28491761,-364.9410218,-80.18888855,-370.3629456,877.1042747
-78.77762569,-375.8571191,-84.65471068,-365.6253617,-81.50066376,-371.1164246,878.6355011
-80.11785934,-376.5351219,-86.02332243,-366.3100874,-82.81050873,-371.8729248,880.1658433
-81.45818625,-377.2149036,-87.39015726,-366.9973541,-84.11864471,-372.6323853,881.6957365
-82.7975213,-377.8986535,-88.75386207,-367.6886268,-85.42512512,-373.3945618,883.2246409
-84.13448903,-378.5894195,-90.11345801,-368.3842671,-86.73010254,-374.1591187,884.751866
-85.47048402,-379.2815505,-91.47109058,-369.0846496,-88.03352356,-374.9261475,886.2795118
-86.80445202,-379.9778031,-92.82456011,-369.7914985,-89.33529663,-375.6954956,887.8064418
-88.13077395,-380.6818812,-94.17539663,-370.5100624,-90.63497925,-376.4678345,889.336505
-89.45856789,-381.3890226,-95.5178074,-371.2346215,-91.93293762,-377.2423401,890.861973
-90.78131317,-382.0997147,-96.85893495,-371.9675611,-93.22871399,-378.0195923,892.3903131
-92.10246215,-382.8142864,-98.19536348,-372.7055334,-94.52240753,-378.7993469,893.9169579
-93.41744428,-383.5359349,-99.53136234,-373.4472667,-95.81367493,-379.5818787,895.4450486
-94.73191635,-384.2581195,-100.8629261,-374.1948521,-97.10250854,-380.3670959,896.9721197
-96.04437291,-384.9824957,-102.1922062,-374.9458644,-98.38884735,-381.1550293,898.4988826
-97.3532038,-385.7133624,-103.5180819,-375.6991249,-99.6727829,-381.9454346,900.0237917
-98.66244961,-386.4426516,-104.8412265,-376.4555039,-100.9542618,-382.7382507,901.547872
-99.96989415,-387.1755004,-106.1603381,-377.2156947,-102.2336044,-383.5334167,903.0703521
-101.2728797,-387.9157853,-107.476067,-377.977505,-103.5106888,-384.3305359,904.590713
-102.57693,-388.656055,-108.7879437,-378.7398025,-104.7859192,-385.1292725,906.1079862
-103.878718,-389.3982643,-110.0981998,-379.5046095,-106.0591812,-385.9296875,907.625122
-105.174131,-390.1495268,-111.4052579,-380.2725897,-107.3303833,-386.7316589,909.1411017
-106.4698653,-390.9001991,-112.7097712,-381.0409509,-108.5996933,-387.5350037,910.6550812
-107.7626107,-391.6549133,-114.0112013,-381.8117123,-109.8671951,-388.3396301,912.1676265
-109.0528412,-392.4128931,-115.3101336,-382.5845749,-111.1330338,-389.1455383,913.6790966
-110.3904314,-393.2111107,-116.6612613,-383.3920597,-112.4498062,-389.9864807,915.2531289
-111.7271156,-394.0076886,-118.0113701,-384.2031499,-113.7644424,-390.8291016,916.8281403
-113.0591598,-394.806567,-119.362661,-385.0185874,-115.0764999,-391.6740723,918.4064069
-114.3879151,-395.6069577,-120.7136968,-385.8368786,-116.3855515,-392.521637,919.9859316
-115.7137311,-396.4102082,-122.0621367,-386.6576643,-117.6915817,-393.3717957,921.564532
-117.0369211,-397.214482,-123.4094963,-387.4810796,-118.9943466,-394.2247314,923.1435794
-118.3529005,-398.0291204,-124.7536049,-388.3056889,-120.2940445,-395.0802917,924.7204778
-119.6689684,-398.8414209,-126.0952119,-389.1337351,-121.5905838,-395.9385681,926.2970468
-120.9822499,-399.6572319,-127.4346119,-389.9624505,-122.8841934,-396.79953,927.8720901
-122.2906804,-400.4770527,-128.7729333,-390.7962579,-124.1745834,-397.6635742,929.4489031
-123.5947823,-401.3032134,-130.1068868,-391.6327715,-125.4619446,-398.5304871,931.0234465
-124.890784,-402.1402206,-131.4378409,-392.4721181,-126.7462692,-399.4002075,932.5969589
-126.1873822,-402.9759695,-132.7643579,-393.3135338,-128.0276337,-400.2723999,934.1678274
-127.4797985,-403.8167708,-134.0873665,-394.1575431,-129.3061218,-401.1469727,935.7371277
-128.7652527,-404.6666507,-135.4057223,-395.0058109,-130.5818176,-402.0238342,937.3048076
-130.0506081,-405.5151694,-136.7194051,-395.8580214,-131.8546143,-402.902771,938.870702
-131.3320611,-406.3669871,-138.0294646,-396.7150993,-133.1244507,-403.783905,940.4362174
-132.6093956,-407.2226867,-139.3365517,-397.5746112,-134.3912354,-404.6671753,942.0005822
-133.8812723,-408.0833338,-140.6410556,-398.439061,-135.654892,-405.552887,943.5655116
-135.143819,-408.9541624,-141.9428128,-399.3077907,-136.9150848,-406.4411011,945.1305238
-136.4054988,-409.8228278,-143.2416849,-400.1821126,-138.1716461,-407.3321228,946.6962528
-137.6634385,-410.6944829,-144.5361324,-401.0607908,-139.4245148,-408.2259216,948.2607559
-138.9130188,-411.576895,-145.8235595,-401.9435745,-140.6739197,-409.1221924,949.8217734
-140.1645971,-412.4534164,-147.1072421,-402.8311397,-141.919632,-410.0209961,951.3824184
-141.4135264,-413.3328275,-148.3846753,-403.7223581,-143.1620941,-410.9222412,952.9400146
-142.6540202,-414.2222073,-149.6561698,-404.6167854,-144.4011688,-411.8255005,954.494588
-143.8970314,-415.1069159,-150.9224427,-405.513621,-145.637207,-412.7306824,956.0462842
-145.1360467,-415.9939935,-152.187206,-406.4131449,-146.8699951,-413.63797,957.5983053
-146.3671917,-416.8889702,-153.4495031,-407.315421,-148.0993958,-414.5474548,959.1499161
-147.5996302,-417.779391,-154.7092144,-408.2200642,-149.3252563,-415.4591675,960.7008036
-148.8293468,-418.6713456,-155.9659725,-409.1260967,-150.5476532,-416.3731079,962.2501053
-150.0545396,-419.5674912,-157.2200674,-410.0330262,-151.7667084,-417.2892761,963.7977729
-151.2734209,-420.4723995,-158.4683103,-410.9386985,-152.9829559,-418.2071533,965.3399638
-152.4934554,-421.3738901,-159.7128566,-411.8468203,-154.1963654,-419.1266479,966.8806067
-153.7098076,-422.2787942,-160.9507251,-412.7611762,-155.407135,-420.0477905,968.4195561
-154.9221564,-423.1853982,-162.1855137,-413.6825437,-156.6148071,-420.9708557,969.9602121
-156.1253732,-424.1032626,-163.4130497,-414.6072758,-157.8196869,-421.8955383,971.4970836
-157.3295734,-425.0164453,-164.6372274,-415.5389255,-159.0214691,-422.8221741,973.0354536
-158.5300424,-425.9311524,-165.8569484,-416.4782955,-160.2198486,-423.7510376,974.574978
-159.7199659,-426.8559898,-167.0740474,-417.42334,-161.4145355,-424.6824646,976.1158995
-160.9129367,-427.7743592,-168.2872131,-418.3730602,-162.6054535,-425.6166077,977.656594
-162.0962706,-428.7030845,-169.4950953,-419.3261294,-163.7925568,-426.5532837,979.1952038
-163.2822131,-429.6260604,-170.6990854,-420.2830423,-164.9758301,-427.4926147,980.7331487
-164.4629838,-430.5513882,-171.8990032,-421.2473316,-166.1546478,-428.4347534,982.2725176
-165.6379412,-431.4795853,-173.0940572,-422.2212317,-167.3286438,-429.3802185,983.8141516
-166.8082057,-432.4115185,-174.2795186,-423.2012346,-168.497818,-430.3286438,985.3522428
-167.9701077,-433.3519945,-175.458149,-424.1845846,-169.6625366,-431.2799988,986.8872173
-169.1345387,-434.2872427,-176.63324,-425.1696017,-170.8229218,-432.2343445,988.4205462
-170.2875679,-435.2346864,-177.8029215,-426.1532546,-171.9788666,-433.1909485,989.9488551
-171.4888766,-436.215391,-179.0122158,-427.1775969,-173.1765747,-434.1879578,991.5336799
-172.6847765,-437.200993,-180.2173193,-428.1996596,-174.3702545,-435.1868591,993.1138339
-173.8730043,-438.1892935,-181.4246329,-429.2239791,-175.5587616,-436.1879578,994.6971332
-175.0538177,-439.1866624,-182.6252208,-430.2440539,-176.7434692,-437.1910095,996.2725582
-176.2350499,-440.179537,-183.8257271,-431.2647839,-177.9238892,-438.196106,997.8483453
-177.4122416,-441.1731225,-185.0248455,-432.2882155,-179.0997467,-439.2035828,999.4248278
-178.5842192,-442.1707856,-186.2205329,-433.3114063,-180.271347,-440.2134399,1000.998546
-179.751672,-443.1703131,-187.4154127,-434.3359669,-181.438446,-441.2258911,1002.572541
-180.9074446,-444.1807745,-188.6069521,-435.3598019,-182.6009521,-442.2406006,1004.14353
-182.0662041,-445.186367,-189.7936104,-436.3822822,-183.7593384,-443.2573242,1005.709934
-183.2214168,-446.1943145,-190.9768895,-437.4014782,-184.9137878,-444.2755737,1007.271635
-184.372575,-447.2046593,-192.1556495,-438.4210968,-186.0645142,-445.2952271,1008.830191
-185.5192498,-448.216925,-193.330736,-439.4430984,-187.2113953,-446.3163147,1010.387534
-186.6552524,-449.2383907,-194.5004022,-440.4681198,-188.3544617,-447.3388062,1011.942779
-187.7940955,-450.2538079,-195.6651442,-441.4950196,-189.4936676,-448.3625488,1013.495566
-188.9285478,-451.2712935,-196.825818,-442.5222602,-190.6290436,-449.3873901,1015.04553
-190.0583912,-452.2917415,-197.9805991,-443.5491901,-191.760849,-450.4129944,1016.590879
-191.1739992,-453.3240795,-199.132283,-444.5756955,-192.8887787,-451.4390564,1018.133633
-192.2921164,-454.349776,-200.2784598,-445.6059596,-194.0128937,-452.4657898,1019.67479
-193.4053299,-455.3779925,-201.4151149,-446.6380541,-195.133255,-453.4925537,1021.210109
-194.511733,-456.4087794,-202.545565,-447.6765402,-196.2497101,-454.5197144,1022.745156
-195.6063498,-457.449457,-203.667774,-448.7175843,-197.3625946,-455.5471497,1024.275883
-196.7027829,-458.4842095,-204.7812238,-449.7631599,-198.4717255,-456.5745544,1025.803299
-197.7923534,-459.5208465,-205.88718,-450.817015,-199.5767212,-457.6022339,1027.330961
-198.8685635,-460.5665979,-206.9870085,-451.8802013,-200.677536,-458.631073,1028.860662
-199.9471515,-461.6077888,-208.0792161,-452.9438213,-201.7746124,-459.6607971,1030.385197
-201.0197735,-462.6518678,-209.16684,-454.0091352,-202.8678589,-460.6913452,1031.907635
-202.0884053,-463.6978558,-210.2489049,-455.0745503,-203.9576263,-461.7226257,1033.426179
-203.1818646,-464.7975234,-211.3675748,-456.1832622,-205.0854187,-462.7943115,1035.001191
-204.2794574,-465.8889567,-212.4829227,-457.2931162,-206.209259,-463.8668518,1036.574651
-205.3735566,-466.9800506,-213.5932149,-458.4060181,-207.3289948,-464.9403076,1038.146688
-206.4566759,-468.0794753,-214.6974413,-459.5192178,-208.4447021,-466.0143738,1039.714658
-207.5441574,-469.1704474,-215.7969687,-460.6326038,-209.5562744,-467.0888367,1041.279455
-208.6279575,-470.2614999,-216.8914187,-461.7446828,-210.6637115,-468.1633301,1042.839756
-209.7075405,-471.3519108,-217.9848957,-462.858307,-211.7670593,-469.2385864,1044.400477
-210.7861238,-472.4424149,-219.071466,-463.9695013,-212.8671265,-470.3143005,1045.954629
-211.8548536,-473.5413378,-220.1561833,-465.0812177,-213.9646301,-471.3912048,1047.50786
-212.9304737,-474.6329893,-221.2366883,-466.1926139,-215.0599518,-472.4691162,1049.057922
-214.006212,-475.7261364,-222.3138256,-467.3043789,-216.1542511,-473.548584,1050.605903
-215.0807148,-476.819584,-223.3960435,-468.4222223,-217.2476349,-474.6312866,1052.161785
-216.1558619,-477.9156504,-224.4814485,-469.5449697,-218.3409576,-475.7187195,1053.723408
-217.2269504,-479.0230932,-225.565829,-470.6689527,-219.4351196,-476.8108826,1055.285208
-218.3081218,-480.1292303,-226.648622,-471.7916324,-220.5309906,-477.907135,1056.844968
-219.3881883,-481.2352642,-227.7298509,-472.9121768,-221.6249237,-479.0035095,1058.402105
-220.4593701,-482.3360038,-228.8061582,-474.02866,-222.7111359,-480.0948792,1059.952902
-221.5347745,-483.4428358,-229.8874085,-475.1504488,-223.8011475,-481.1928101,1061.51095
-222.5903999,-484.5310647,-230.9552621,-476.2562221,-224.8713531,-482.2746582,1063.04817
-223.6467081,-485.6249261,-232.0281782,-477.3693227,-225.9432373,-483.3628845,1064.594178
-224.7000844,-486.7305373,-233.1053269,-478.4863529,-227.0171967,-484.4578247,1066.145953
-225.7633868,-487.8348746,-234.1865936,-479.6060011,-228.0929871,-485.559021,1067.702472
-226.8299047,-488.944268,-235.273145,-480.7281104,-229.1706543,-486.6664734,1069.264433
-227.900287,-490.0575822,-236.3646446,-481.8543656,-230.2500916,-487.7802734,1070.832815
-228.974128,-491.1750414,-237.4607288,-482.9836539,-231.3310089,-488.9001465,1072.406566
-230.0095992,-492.2539637,-238.5176043,-484.0728021,-232.3717957,-489.9825134,1073.924206
-231.0420129,-493.3435244,-239.577268,-485.1641145,-233.4141846,-491.0702515,1075.44534
-232.0852284,-494.4311515,-240.6370259,-486.2565829,-234.4584045,-492.1626587,1076.96737
-233.131848,-495.5220438,-241.6991609,-487.3521934,-235.5044098,-493.259552,1078.49331
-234.1821996,-496.6155309,-242.7625532,-488.4498147,-236.5519562,-494.3602905,1080.021569
-235.2273001,-497.7173807,-243.8270163,-489.549006,-237.6000061,-495.4636841,1081.551701
-236.2826539,-498.8119633,-244.8874924,-490.6453486,-238.647583,-496.5674744,1083.077013
-237.3355982,-499.9056994,-245.9483731,-491.7421914,-239.6934204,-497.6708679,1084.602965
-238.3842255,-500.9992931,-247.006956,-492.8374541,-240.7364502,-498.7727966,1086.126185
-239.4241052,-502.0960668,-248.0626739,-493.9299348,-241.7761536,-499.8726501,1087.645413
-240.4674171,-503.182845,-249.1147697,-495.018494,-242.8117218,-500.9694824,1089.159304
-241.5071639,-504.2631571,-250.1628713,-496.1033635,-243.8418579,-502.0622253,1090.667767
-242.5833178,-505.3809762,-251.2450788,-497.2255344,-244.9068146,-503.1932983,1092.226754
-243.6469277,-506.4987335,-252.3213378,-498.3417774,-245.9651642,-504.3187866,1093.777345
-244.7118725,-507.6025687,-253.3916176,-499.4525927,-247.016571,-505.4385376,1095.319878
-245.7624781,-508.7069105,-254.4532518,-500.5553036,-248.0604706,-506.5514832,1096.850577
-246.8132611,-509.7934615,-255.5095375,-501.6509076,-249.0953217,-507.6567078,1098.372447
-247.8545225,-510.8697118,-256.5565131,-502.7398382,-250.1198425,-508.7533264,1099.883052
-248.9249308,-511.976777,-257.6357968,-503.8616947,-251.1723328,-509.8830872,1101.439784
-249.9773405,-513.0809721,-258.7047359,-504.973516,-252.2133942,-511.0037537,1102.982113
-251.0274413,-514.1675259,-259.7638551,-506.0751357,-253.2429962,-512.1152954,1104.510281
-252.0687506,-515.2439904,-260.811691,-507.1644319,-254.2615967,-513.2175293,1106.021746
-253.1378386,-516.3508747,-261.885458,-508.2831807,-255.3066406,-514.350647,1107.572415
-254.1884347,-517.4549079,-262.9482073,-509.389403,-256.3404541,-515.4734497,1109.106418
-255.2376307,-518.5401795,-264.0007632,-510.4841932,-257.3632813,-516.5860596,1110.625114
-256.3121729,-519.6537469,-265.0796725,-511.6082794,-258.4109802,-517.7277832,1112.183195
-257.3767308,-520.7558092,-266.1468798,-512.7200163,-259.4472046,-518.8587036,1113.724263
-258.4224403,-521.855636,-267.2010596,-513.8176992,-260.4725342,-519.9785156,1115.246171
-259.4660455,-522.9357308,-268.2447225,-514.9064472,-261.4868164,-521.0874634,1116.75435
-260.5339334,-524.0425095,-269.3136946,-516.0203401,-262.5247803,-522.2234497,1118.298195
-261.5914148,-525.1376896,-270.369974,-517.1209397,-263.5514832,-523.3477173,1119.823661
-262.6382669,-526.2209722,-271.4151788,-518.2106501,-264.5671387,-524.4605713,1121.333602
-263.6982211,-527.337702,-272.4836521,-519.324601,-265.6050415,-525.5985107,1122.877144
-264.7571101,-528.432442,-273.5406785,-520.4265135,-266.6311646,-526.7243042,1124.404074
-265.8051282,-529.5146793,-274.5867089,-521.5157848,-267.6457214,-527.8381348,1125.91427
-266.8743711,-530.6203571,-275.6521103,-522.6263278,-268.6810608,-528.9749756,1127.453226
-267.9211332,-531.722623,-276.7057922,-523.7245574,-269.7044373,-530.098999,1128.975183
-268.9682192,-532.8011697,-277.7472607,-524.8089337,-270.7159424,-531.210083,1130.478689
-270.0237338,-533.9125631,-278.8086675,-525.9154205,-271.7475586,-532.3433228,1132.011952
-271.0805477,-535.0011998,-279.8619777,-527.011264,-272.7684937,-533.4653931,1133.531931
-272.1267146,-536.0799401,-280.905445,-528.0978304,-273.7794189,-534.5772095,1135.038401
-273.1833825,-537.1934868,-281.9698313,-529.2063641,-274.8119507,-535.7130737,1136.575204
-274.238724,-538.2813191,-283.0222119,-530.3017176,-275.8309937,-536.8347778,1138.094186
-275.2831307,-539.3600142,-284.0615227,-531.3828381,-276.8400574,-537.9451904,1139.593848
-276.3340801,-540.469708,-285.1197855,-532.483932,-277.8676758,-539.0757446,1141.121044
-277.3852811,-541.5545872,-286.1646831,-533.5712188,-278.8831787,-540.1925049,1142.629024
-278.4527117,-542.657852,-287.2309107,-534.6805009,-279.9155273,-541.3284912,1144.167643
-279.5074496,-543.7479384,-288.2825942,-535.7754799,-280.9351807,-542.4508057,1145.685872
-280.5375609,-544.8387532,-289.3284039,-536.8631549,-281.9440002,-543.5627441,1147.194763
-281.6053976,-545.9424339,-290.3943571,-537.9709972,-282.9753723,-544.6998901,1148.732154
-282.6706771,-547.0429708,-291.4576928,-539.0764579,-284.0038452,-545.8342896,1150.266014
-283.7342169,-548.1417936,-292.5159024,-540.1767613,-285.030426,-546.9661255,1151.792604
-284.7815924,-549.25193,-293.5770069,-541.2801957,-286.055603,-548.097229,1153.323456
-285.8431463,-550.3481542,-294.6300872,-542.3763937,-287.079834,-549.2261963,1154.843531
-286.9040102,-551.4432533,-295.6777337,-543.4662116,-288.1037903,-550.352417,1156.355241
-287.9632639,-552.5374246,-296.7196959,-544.550917,-289.1278687,-551.4752197,1157.859326
-289.0197366,-553.6301687,-297.7626014,-545.6372368,-290.1517944,-552.5952148,1159.365229
-290.0607786,-554.7340049,-298.8026572,-546.720218,-291.1755981,-553.7120361,1160.866749
-291.1136814,-555.8217911,-299.8408111,-547.8029002,-292.1983643,-554.8251343,1162.366737
-292.1634052,-556.9065864,-300.8759581,-548.8809452,-293.2195435,-555.9337158,1163.861298
-293.2096777,-557.9880246,-301.9043703,-549.9542364,-294.2389526,-557.0369873,1165.347765
-294.2795755,-559.0947969,-302.9592712,-551.0555452,-295.2835999,-558.164856,1166.872789
-295.3242345,-560.2079397,-304.0223726,-552.165546,-296.3207397,-559.2865601,1168.409762
-296.3792385,-561.2972362,-305.0633837,-553.2527042,-297.3501587,-560.3978271,1169.914958
-297.4263648,-562.3760969,-306.0937459,-554.3286386,-298.3718567,-561.49823,1171.404684
-298.4888686,-563.474823,-307.1437089,-555.4251602,-299.4118347,-562.616394,1172.922834
-299.5406012,-564.560286,-308.1861495,-556.5142814,-300.44104,-563.72229,1174.430438
-300.5862126,-565.6761761,-309.2408742,-557.6161979,-301.4829407,-564.8410645,1175.955778
-301.6333639,-566.7560911,-310.2721982,-558.693243,-302.5082092,-565.9395752,1177.446971
-302.6880124,-567.8470121,-311.3015528,-559.7693787,-303.5440979,-567.0441895,1178.936145
-303.7500995,-568.9447639,-312.3370644,-560.85152,-304.5896301,-568.1535034,1180.433915
-304.798368,-570.0677973,-313.3758966,-561.9373091,-305.6441956,-569.2660522,1181.936616
-305.8460881,-571.1501475,-314.3999717,-563.00843,-306.6810608,-570.3554077,1183.418516
-306.8973695,-572.2361164,-315.4397738,-564.0958281,-307.7232666,-571.4490967,1184.92305
-307.9509146,-573.3272948,-316.4791145,-565.1828331,-308.7699585,-572.545105,1186.426982
-308.9880015,-574.4387131,-317.5243595,-566.2751,-309.8199768,-573.6430664,1187.938796
-310.0492839,-575.5372278,-318.576499,-567.3749862,-310.8757935,-574.7460938,1189.460883
-311.096582,-576.6210381,-319.6185774,-568.4654107,-311.9179077,-575.835022,1190.969178
-312.1497559,-577.7129274,-320.6549986,-569.5488727,-312.9672546,-576.9282227,1192.46853
-313.18478,-578.8262714,-321.7120202,-570.6540563,-314.0195618,-578.0262451,1193.99782
-314.2463214,-579.9262287,-322.7728449,-571.7620447,-315.0771179,-579.1307373,1195.531765
-315.2937483,-581.0124461,-323.8304414,-572.8668394,-316.1201782,-580.223877,1197.06117
-316.3493122,-582.1092668,-324.8885693,-573.9713732,-317.1708374,-581.326355,1198.590755
-317.3719915,-583.2096411,-325.9344628,-575.0618777,-318.2069092,-582.4151611,1200.101746
-318.4225076,-584.2988356,-326.976046,-576.1470565,-319.2502747,-583.5099487,1201.60591
-319.4816066,-585.396762,-328.0189904,-577.2318446,-320.3032532,-584.6109619,1203.110735
-320.5276538,-586.4816815,-329.030891,-578.28477,-321.3460693,-585.692749,1204.571075
-321.5513039,-587.5817011,-330.0605458,-579.3550255,-322.3891602,-586.7716675,1206.056214
-322.6090482,-588.6753384,-331.0794201,-580.4133442,-323.4479065,-587.8571167,1207.525276
-323.6584792,-589.7590991,-332.0811222,-581.4508798,-324.502655,-588.9263916,1208.967457
-324.7243819,-590.8591582,-333.0711501,-582.4777384,-325.5803528,-589.9996338,1210.393849
-325.7998829,-591.9685833,-334.0011131,-583.4438635,-326.6781006,-591.0557251,1211.73483
-326.857193,-593.0870513,-334.9031187,-584.3863527,-327.7872009,-592.0813599,1213.039398
-327.936436,-594.1910838,-335.8014321,-585.3317866,-328.9180908,-593.0853271,1214.34355
-329.0343432,-595.3094218,-336.6538208,-586.2447396,-330.0816956,-594.0634155,1215.59257
-330.1343774,-596.4247165,-337.466717,-587.1304079,-331.2623901,-594.994873,1216.794738
-331.2454655,-597.5650199,-338.2898349,-588.0380259,-332.4801025,-595.8952637,1218.020011
-332.392186,-598.7133014,-339.107488,-588.9562538,-333.7365417,-596.7600098,1219.249523
-333.5610764,-599.8712592,-339.8736143,-589.8504345,-335.0140381,-597.5647583,1220.427024
-334.7788642,-601.0521261,-340.6330822,-590.7588518,-336.3349915,-598.31604,1221.61109
-336.0579407,-602.2548492,-341.3869927,-591.6873851,-337.6976929,-599.0032349,1222.807148
-337.4205365,-603.4684839,-342.1119073,-592.666308,-339.0960388,-599.6105347,1224.025258
-338.8537549,-604.6836768,-342.8896142,-593.658314,-340.519989,-600.1317749,1225.285775
-340.3597389,-605.8816765,-343.7623949,-594.6355497,-341.96698,-600.5695801,1226.596018
-341.9511705,-607.054984,-344.7426436,-595.5673464,-343.4401245,-600.9275513,1227.948472
-343.6548069,-608.2443619,-345.8008224,-596.4864834,-344.9402771,-601.201355,1229.350098
-345.4722721,-609.3667475,-346.9178239,-597.3578691,-346.4335327,-601.3811035,1230.766786
-347.4323451,-610.3166875,-348.1279109,-598.1794587,-347.9394836,-601.4674072,1232.229428
-349.504097,-611.0578741,-349.4390682,-598.8415655,-349.4530029,-601.4593506,1233.698277
-351.6793878,-611.5489516,-350.8199103,-599.2587697,-350.9664001,-601.3535156,1235.14077
-353.924938,-611.7320761,-352.2381213,-599.4515925,-352.4709778,-601.1468506,1236.572029
-356.1633198,-611.5372199,-353.6569228,-599.3842889,-353.9572144,-600.840332,1237.992426
-358.3287578,-611.0967621,-355.0595925,-599.1231509,-355.4194336,-600.4411011,1239.419197
-360.4550779,-610.3710666,-356.3871334,-598.6041772,-356.8510742,-599.946167,1240.844573
-362.3782756,-609.223906,-357.5398031,-597.6770115,-358.2457581,-599.3617554,1242.323858
-364.261638,-607.8390798,-358.4936531,-596.5044855,-359.5975952,-598.6738281,1243.835363
-365.9027535,-606.3314938,-359.3225556,-595.2299695,-360.9046326,-597.8991089,1245.355715
-367.3779785,-604.6963377,-360.0364118,-593.9101027,-362.1667786,-597.0400391,1246.856262
-368.6754936,-602.9741797,-360.6340581,-592.5939769,-363.3614197,-596.114563,1248.301726
-369.7884156,-601.1795263,-361.1485645,-591.2482298,-364.5115967,-595.1139526,1249.742473
-370.7265864,-599.387667,-361.5965046,-589.9059583,-365.6011353,-594.0648193,1251.157515
-371.5465248,-597.5894198,-361.9571007,-588.5854869,-366.6279907,-592.9711914,1252.526337
-372.2875199,-595.7729055,-362.221113,-587.2522805,-367.6087036,-591.812561,1253.885433
-372.8963183,-593.9699626,-362.3969641,-585.9133842,-368.5263367,-590.6166992,1255.235828
-373.399037,-592.1578083,-362.5195727,-584.5586818,-369.4006348,-589.3649902,1256.596068
-373.8489235,-590.3845703,-362.5985812,-583.2672473,-370.2114258,-588.083374,1257.889917
-374.2716545,-588.6620566,-362.6871457,-582.0666881,-370.9565125,-586.7746582,1259.093738
-374.6607009,-586.9499116,-362.7711542,-580.8922172,-371.6490173,-585.4154663,1260.27121
-375.0135439,-585.2793347,-362.8565395,-579.7574571,-372.2756958,-584.0357666,1261.409178
-375.3317041,-583.6515973,-362.9618164,-578.6322348,-372.8415833,-582.6411743,1262.539314
-375.6274642,-582.0311628,-363.0900623,-577.4654144,-373.3639221,-581.2068481,1263.713161
-375.8965129,-580.4528013,-363.2521926,-576.2358821,-373.8437195,-579.7681885,1264.953337
-376.1591301,-578.9021488,-363.4240915,-575.0050834,-374.2843018,-578.3284302,1266.196082
-376.4241882,-577.3392556,-363.6050967,-573.7668745,-374.6943054,-576.8571777,1267.447451
-376.6865269,-575.7942762,-363.7852671,-572.5591855,-375.0629272,-575.387146,1268.668505
-376.9430452,-574.2699678,-363.9732969,-571.3475231,-375.3933411,-573.9207764,1269.894671
-377.1988628,-572.7276641,-364.169405,-570.1127842,-375.6934204,-572.4255371,1271.144886
-377.4503861,-571.2102478,-364.3800218,-568.8171882,-375.9656982,-570.9384155,1272.45749
-377.7016525,-569.6755774,-364.6007902,-567.4635581,-376.2211304,-569.4255981,1273.829004
-377.9468849,-568.1579512,-364.8247369,-566.0937511,-376.4573975,-567.923645,1275.216997
-378.1876897,-566.6560902,-365.0470931,-564.7203092,-376.6769104,-566.4335327,1276.608322
-378.4282884,-565.134361,-365.2754502,-563.3111007,-376.8866272,-564.9206543,1278.035913
-378.6641044,-563.6277394,-365.5010221,-561.9100817,-377.0822754,-563.4213257,1279.454975
-378.9003429,-562.0977927,-365.7263864,-560.4953549,-377.2674255,-561.8991699,1280.887539
-379.1330239,-560.5857685,-365.9500604,-559.0842568,-377.4389954,-560.3928223,1282.316255
-379.3655039,-559.052543,-366.1748323,-557.6455591,-377.6020203,-558.8644409,1283.772405
-379.5909096,-557.5391384,-366.3956733,-556.2104959,-377.7540894,-557.354187,1285.224361
-379.8141516,-556.0058615,-366.6195644,-554.7432493,-377.9006348,-555.8227539,1286.708592
-380.0313857,-554.493283,-366.8381219,-553.2891486,-378.0385742,-554.3114014,1288.179026
-380.2466774,-552.9636215,-367.0585405,-551.7965762,-378.1740723,-552.7802124,1289.687786
-380.4545894,-551.4579167,-367.2720146,-550.311432,-378.3053284,-551.2709961,1291.188194
-380.6623247,-549.9321961,-367.4835945,-548.8106356,-378.4353943,-549.7426758,1292.703831
-380.8628659,-548.4278398,-367.6869192,-547.3458851,-378.5588989,-548.2386475,1294.182626
-381.0632057,-546.8966048,-367.8841252,-545.8986137,-378.6742249,-546.7156982,1295.643271
-381.2531953,-545.4042645,-368.0799395,-544.4130612,-378.7868652,-545.218689,1297.141674
-381.4442697,-543.8897941,-368.2710096,-542.9313623,-378.8970337,-543.7044678,1298.635641
-381.632162,-542.3624575,-368.4611909,-541.4125244,-379.0074768,-542.1731567,1300.16634
-381.8154511,-540.8614785,-368.6436749,-539.928393,-379.1139526,-540.670105,1301.661648
-381.9992058,-539.3464136,-368.826027,-538.4177934,-379.2210693,-539.1505737,1303.183214
-382.1720419,-537.8102847,-369.0057659,-536.9037268,-379.3268433,-537.6143799,1304.707912
-382.3295815,-536.3056181,-369.1776635,-535.4187921,-379.4282837,-536.1099854,1306.202763
-382.4788775,-534.7845874,-369.3475516,-533.9248579,-379.52771,-534.5913696,1307.706326
-382.6200241,-533.2503891,-369.5169054,-532.4129816,-379.6256409,-533.059021,1309.227658
-382.7586433,-531.703086,-369.6843118,-530.8870052,-379.7221069,-531.5135498,1310.762789
-382.8900643,-530.1904317,-369.8450269,-529.4000392,-379.8135681,-530.0040283,1312.258415
-383.012786,-528.6656014,-370.0054257,-527.9017368,-379.9028931,-528.4829712,1313.765279
-383.1342063,-527.1296874,-370.1621723,-526.390362,-379.9902344,-526.9505005,1315.28476
-383.2514004,-525.5822608,-370.3186073,-524.8692847,-380.0753174,-525.4071655,1316.81386
-383.3642054,-524.0752107,-370.4691783,-523.384845,-380.1558228,-523.9034424,1318.305917
-383.4715749,-522.5580139,-370.6167475,-521.8933863,-380.2340393,-522.390625,1319.804658
-383.5719882,-521.0316081,-370.7628808,-520.3936705,-380.3098145,-520.8691406,1321.311477
-383.6621602,-519.4960107,-370.9079978,-518.8852659,-380.3830872,-519.3389893,1322.826846
-383.7488654,-517.9525006,-371.0516771,-517.3673639,-380.4539795,-517.8006592,1324.351533
-383.8271607,-516.4009633,-371.194412,-515.8420959,-380.5223694,-516.2547607,1325.883465
-383.8854046,-514.8934461,-371.3313071,-514.3599187,-380.5861816,-514.7532349,1327.371951
-383.9271828,-513.377707,-371.4663058,-512.8697374,-380.6477051,-513.2440186,1328.868234
-383.9514713,-511.8535739,-371.6005443,-511.3708849,-380.7070007,-511.7267761,1330.373086
-383.9819451,-510.3216591,-371.7332246,-509.8650343,-380.763855,-510.2016907,1331.884771
-384.0271242,-508.7834179,-371.8630469,-508.3514439,-380.8182678,-508.6694641,1333.403918
-384.0870515,-507.2388042,-371.9903327,-506.8308233,-380.8701782,-507.1303101,1334.929857
-384.1518189,-505.6869249,-372.1156251,-505.3046538,-380.919281,-505.584259,1336.461161
-384.212453,-504.1811792,-372.2335811,-503.8234336,-380.9640808,-504.0841675,1337.94707
-384.2591205,-502.6675692,-372.3507939,-502.3332945,-381.0064087,-502.5762634,1339.441812
-384.2978512,-501.1467264,-372.4657216,-500.8334361,-381.0465393,-501.0606384,1340.946067
-384.3437578,-499.617519,-372.5796466,-499.3265381,-381.0842285,-499.5368958,1342.457266
-384.4164627,-498.0808306,-372.6914039,-497.8119415,-381.1193542,-498.0052185,1343.97598
-384.5144236,-496.536978,-372.7979904,-496.2891402,-381.1519165,-496.4658508,1345.502507
-384.6280547,-494.9855319,-372.9030383,-494.7575204,-381.1820068,-494.9185181,1347.037725
-384.7426905,-493.4242762,-373.0036854,-493.2213514,-381.2088928,-493.3631897,1348.577187
-384.8407125,-491.910448,-373.0975479,-491.7328455,-381.2316895,-491.8558655,1350.06865
-384.938344,-490.3901659,-373.1883767,-490.2341531,-381.2518005,-490.341217,1351.570092
-385.0324534,-488.8654377,-373.2745959,-488.7305506,-381.2692261,-488.8222656,1353.076164
-385.1222544,-487.3406367,-373.3577592,-487.2287763,-381.2836609,-487.3041382,1354.58024
-385.210669,-485.7993066,-373.4396478,-485.714023,-381.2947693,-485.7709351,1356.097205
-385.2963921,-484.2517324,-373.5185469,-484.1954216,-381.302124,-484.2326355,1357.617854
-385.3787551,-482.6978616,-373.5948072,-482.6736253,-381.3052979,-482.6894836,1359.14156
-385.4560196,-481.135339,-373.6682436,-481.152768,-381.303009,-481.1414795,1360.66419
-385.529304,-479.5659132,-373.7384725,-479.6284677,-381.2947693,-479.5883789,1362.190107
-385.5958952,-478.0472807,-373.8037219,-478.15734,-381.2807617,-478.0875549,1363.662681
-385.659862,-476.5241382,-373.8659047,-476.6782966,-381.2610779,-476.5816345,1365.143031
-385.7214241,-474.9976555,-373.9262143,-475.1904219,-381.2363892,-475.0709534,1366.632127
-385.7772213,-473.4700602,-373.9842119,-473.6906878,-381.2080383,-473.555542,1368.132982
-385.8318604,-471.9390092,-374.0372973,-472.1833776,-381.1765442,-472.0354614,1369.641227
-385.882062,-470.4032783,-374.08971,-470.6707016,-381.1419678,-470.5107727,1371.154811
-385.9281299,-468.8619546,-374.1387707,-469.1539009,-381.1040955,-468.9814148,1372.672405
-385.9726155,-467.3159086,-374.1844468,-467.6318139,-381.0629883,-467.4474792,1374.195177
-386.0144046,-465.7662257,-374.2271575,-466.1028973,-381.019043,-465.908905,1375.72469
-386.0523948,-464.2130851,-374.2687009,-464.5673067,-380.9726563,-464.3657837,1377.260843
-386.0886715,-462.6571683,-374.3058368,-463.0242493,-380.9244385,-462.8180542,1378.804347
-386.122862,-461.0960298,-374.3393332,-461.4768535,-380.8742676,-461.2656555,1380.352105
-386.1540845,-459.5298418,-374.3710735,-459.9257813,-380.8219604,-459.7090149,1381.903502
-386.1824177,-458.0207351,-374.3970834,-458.4291093,-380.7699585,-458.2082825,1383.4004
-386.2082656,-456.5078548,-374.4220756,-456.9289439,-380.716217,-456.704071,1384.900774
-386.2316777,-454.9913775,-374.4439723,-455.4251491,-380.6607361,-455.1963806,1386.404728
-386.2511946,-453.4713251,-374.4626292,-453.9179645,-380.6034851,-453.6853027,1387.912028
-386.2690069,-451.9466944,-374.4797451,-452.4082778,-380.5441895,-452.1708374,1389.421812
-386.2870942,-450.4185086,-374.4934398,-450.8954343,-380.4828186,-450.6532288,1390.934717
-386.3006878,-448.8864086,-374.503991,-449.3805619,-380.4191284,-449.132782,1392.449626
-386.3152286,-447.3515246,-374.5132162,-447.86225,-380.3532104,-447.6095276,1393.967966
-386.3269014,-445.8117144,-374.5202702,-446.342713,-380.2845764,-446.0834656,1395.487519
-386.3353606,-444.2682172,-374.5252604,-444.8205338,-380.2130737,-444.5545349,1397.009707
-386.342441,-442.7191546,-374.5280826,-443.2975259,-380.138092,-443.0228882,1398.532717
-386.3444372,-441.1676838,-374.5259037,-441.7708093,-380.0597839,-441.4884033,1400.059435
-386.3459812,-439.6130326,-374.5223307,-440.2409389,-379.9781494,-439.9512024,1401.58931
-386.3451123,-438.0550112,-374.5153472,-438.7081309,-379.8931274,-438.4112244,1403.122134
-386.3430891,-436.4920611,-374.505197,-437.1728599,-379.8043823,-436.868103,1404.657439
-386.3373899,-434.9266696,-374.4928545,-435.6334187,-379.7121277,-435.321991,1406.196929
-386.3279467,-433.3609568,-374.4761021,-434.0888246,-379.6170044,-433.7731018,1407.741614
-386.3137517,-431.7922568,-374.4549496,-432.5417715,-379.5189514,-432.2217102,1409.288812
-386.2969187,-430.2218215,-374.4318693,-430.9913229,-379.4181824,-430.6679382,1410.839432
-386.2737379,-428.6506908,-374.4048099,-429.4378705,-379.3150024,-429.1122131,1412.39312
-386.2428236,-427.0782843,-374.3744238,-427.8821924,-379.2095032,-427.5546875,1413.949095
-386.2075669,-425.5666743,-374.3422833,-426.3875476,-379.105957,-426.0579834,1415.444085
-386.1669795,-424.0547731,-374.3102288,-424.8915866,-379.0002747,-424.5605774,1416.94039
-386.1234898,-422.543807,-374.2738365,-423.3936936,-378.8928223,-423.0624084,1418.438725
-386.0745751,-421.0323626,-374.233383,-421.8942063,-378.7836914,-421.5630188,1419.938758
-386.0220439,-419.521585,-374.1910102,-420.3923702,-378.6732483,-420.0624695,1421.441191
-385.9665423,-418.0096277,-374.1446171,-418.8893475,-378.5614929,-418.5606689,1422.94493
-385.9067279,-416.4979088,-374.0952671,-417.384236,-378.4487,-417.0575562,1424.45085
-385.843021,-414.9843166,-374.0427577,-415.8788055,-378.3346863,-415.5534668,1425.957196
-385.7760339,-413.4703832,-373.9872529,-414.3719542,-378.219574,-414.0482788,1427.46507
-385.7067682,-411.9538951,-373.9270426,-412.8651686,-378.1030579,-412.5421143,1428.973058
-385.6351929,-410.4379344,-373.8650488,-411.356788,-377.9854126,-411.0351257,1430.482712
-385.5609779,-408.9219637,-373.8000886,-409.8471727,-377.8667908,-409.5272522,1431.993724
-385.4847447,-407.4048749,-373.7313244,-408.3366862,-377.7471619,-408.0183105,1433.505775
-385.4087962,-405.8850608,-373.6592032,-406.8262157,-377.6262207,-406.5084534,1435.017966
-385.331979,-404.3638726,-373.5831924,-405.3150338,-377.5039063,-404.9976196,1436.531059
-385.2525641,-402.8414334,-373.5047576,-403.8030659,-377.3801575,-403.4858398,1438.045059
-385.1701577,-401.3179094,-373.4232619,-402.2902019,-377.2549438,-401.973053,1439.560117
-385.0838079,-399.7935514,-373.3373994,-400.776563,-377.1282654,-400.4593201,1441.076189
-384.9945059,-398.2676807,-373.2490543,-399.2631984,-376.999939,-398.945282,1442.59213
-384.9022378,-396.7426205,-373.1582636,-397.7484154,-376.8702087,-397.4305115,1444.109632
-384.8071808,-395.2148075,-373.0641386,-396.2340702,-376.738678,-395.9151306,1445.626899
-384.7098197,-393.6889974,-372.9658015,-394.7189877,-376.6057739,-394.3997498,1447.14517
-384.6100715,-392.1618799,-372.8650765,-393.2044918,-376.4712524,-392.8843689,1448.663011
-384.5059936,-390.6340953,-372.7614891,-391.6903817,-376.3349609,-391.368988,1450.180661
-384.3998976,-389.1045301,-372.6528544,-390.1765927,-376.1966248,-389.8531799,1451.698343
-384.2911275,-387.5750832,-372.5437907,-388.6620902,-376.0563354,-388.3370667,1453.216767
-384.17559,-386.0467663,-372.4312425,-387.1470529,-375.9142761,-386.8207397,1454.735979
-384.05746,-384.5170906,-372.316754,-385.6317774,-375.7702637,-385.303894,1456.255574
-383.9347657,-382.9868243,-372.1990009,-384.1168615,-375.6242065,-383.7870483,1457.775059
-383.8080172,-381.457203,-372.0793094,-382.6016629,-375.4761963,-382.2702026,1459.294978
-383.6784136,-379.9274452,-371.9561724,-381.0866037,-375.3262024,-380.7533569,1460.815033
-383.5451221,-378.3996908,-371.8311894,-379.5707542,-375.1745605,-379.2365112,1462.336026
-383.4088757,-376.871685,-371.7035426,-378.0550767,-375.0212097,-377.7196655,1463.857069
-383.2679943,-375.3429069,-371.5729239,-376.5398492,-374.8659668,-376.2028198,1465.377916
-383.1222032,-373.8163542,-371.4402941,-375.0240332,-374.7091675,-374.6860962,1466.899523
-382.9745198,-372.2898832,-371.3011559,-373.5086576,-374.5508118,-373.1693726,1468.421273
-382.8243108,-370.7618515,-371.1621861,-371.9939396,-374.3905945,-371.6528625,1469.942353
-382.6693587,-369.2357607,-371.0198844,-370.4792373,-374.2287598,-370.1367188,1471.463725
-382.5130457,-367.7079482,-370.8746104,-368.9652647,-374.0649719,-368.6206055,1472.984651
-382.3543248,-366.1810519,-370.7243651,-367.4512645,-373.8993835,-367.1044922,1474.506088
-382.1956263,-364.654633,-370.5729285,-365.9369198,-373.7321167,-365.5883789,1476.027986
-382.033949,-363.1285139,-370.4189851,-364.4225724,-373.5632019,-364.0722656,1477.550138
-381.8703284,-361.6025298,-370.2593067,-362.9084045,-373.3926697,-362.5559998,1479.072702
-381.705079,-360.0758772,-370.0995351,-361.3934791,-373.220459,-361.0391541,1480.59603
-381.5367709,-358.5468565,-369.9362428,-359.8787301,-373.0462341,-359.5216675,1482.119555
-381.3668844,-357.0183771,-369.7666619,-358.3641317,-372.8701782,-358.0040894,1483.643617
-381.1941898,-355.4888669,-369.5978819,-356.8488054,-372.6921387,-356.4859314,1485.168314
-381.019809,-353.9597529,-369.4249852,-355.3333638,-372.5122681,-354.9676208,1486.693586
-380.8444616,-352.4311349,-369.2475756,-353.8173645,-372.330719,-353.448822,1488.219931
-380.6661361,-350.9017127,-369.0701496,-352.3010677,-372.1473999,-351.929718,1489.746573
-380.4860439,-349.3722983,-368.8877798,-350.7846073,-371.9623718,-350.4102173,1491.27396
-380.3032579,-347.8443709,-368.6994647,-349.267759,-371.7759399,-348.8903809,1492.802453
-380.117736,-346.315401,-368.5109761,-347.7499705,-371.5879822,-347.3696594,1494.331901
-379.9289954,-344.7865256,-368.3180785,-346.2316891,-371.3986206,-345.8482666,1495.862387
-379.7370705,-343.2569781,-368.1209421,-344.7129239,-371.2078247,-344.3260193,1497.393893
-379.5423047,-341.726746,-367.9200269,-343.1935314,-371.0155945,-342.8028564,1498.926512
-379.3446574,-340.1978722,-367.7157407,-341.6727046,-370.8222961,-341.278717,1500.460998
-379.1435447,-338.6672761,-367.5089391,-340.151371,-370.6277466,-339.75354,1501.996323
-378.9391417,-337.1352781,-367.2989294,-338.6297319,-370.4318237,-338.2275085,1503.532386
-378.7318705,-335.6019285,-367.0858672,-337.1076345,-370.2344055,-336.7005615,1505.069323
-378.5196706,-334.0697407,-366.869883,-335.5844923,-370.0357666,-335.1728516,1506.607702
-378.3033303,-332.5363241,-366.6484704,-334.06142,-369.8357544,-333.6443481,1508.146784
-378.0840715,-331.0031735,-366.4244854,-332.5372499,-369.6345215,-332.1148987,1509.687324
-377.8616373,-329.4683607,-366.1967678,-331.012976,-369.4318848,-330.5845947,1511.228514
-377.6372374,-327.9338232,-365.9655892,-329.4877168,-369.2280273,-329.0533752,1512.771193
-377.4089647,-326.4001718,-365.728909,-327.9618557,-369.0231934,-327.5213928,1514.315301
-377.1754453,-324.8665164,-365.4915045,-326.4350914,-368.8174133,-325.9885864,1515.860413
-376.9386532,-323.3306875,-365.2508624,-324.9084718,-368.6103821,-324.4549561,1517.405883
-376.6990224,-321.7943091,-365.0049446,-323.3816616,-368.4020996,-322.9205322,1518.952371
-376.4550779,-320.2571112,-364.7592321,-321.8541446,-368.1924744,-321.3853455,1520.499524
-376.2095678,-318.7199379,-364.5105372,-320.3260063,-367.9816284,-319.8494873,1522.047767
-375.9602336,-317.1814832,-364.2587284,-318.7977838,-367.7693787,-318.3128662,1523.596596
-375.7069002,-315.6427199,-364.0053214,-317.2690103,-367.5557251,-316.7755737,1525.146229
-375.452112,-314.1033501,-363.749274,-315.7397226,-367.3406677,-315.2375488,1526.696803
-375.1946287,-312.5641606,-363.4916878,-314.2095168,-367.1243286,-313.6987915,1528.248538
-374.9357675,-311.025613,-363.233592,-312.6779004,-366.9069519,-312.1592407,1529.801748
-374.6747979,-309.4856657,-362.9711489,-311.1463531,-366.688385,-310.6188965,1531.355619
-374.4123518,-307.9445702,-362.7102753,-309.6140112,-366.4685364,-309.0778503,1532.910008
-374.1480315,-306.4029367,-362.4462846,-308.0813322,-366.247406,-307.5361328,1534.465256
-373.8835734,-304.8611883,-362.1831021,-306.5484,-366.0250854,-305.9943848,1536.020617
-373.6189805,-303.3204485,-361.9185784,-305.0141928,-365.8018188,-304.4520569,1537.577461
-373.3558679,-301.7778317,-361.653143,-303.4805429,-365.5773926,-302.9095764,1539.133912
-373.0922893,-300.2355324,-361.3864257,-301.9468062,-365.3518982,-301.3670959,1540.690667
-372.8295363,-298.6914385,-361.1200769,-300.4136632,-365.1250305,-299.8246155,1542.246774
-372.5650452,-297.1479313,-360.8534002,-298.8802092,-364.8968811,-298.282135,1543.803243
-372.3010946,-295.603591,-360.585273,-297.3471493,-364.6673279,-296.7396545,1545.359574
-372.0367995,-294.0606801,-360.3175931,-295.8129851,-364.436676,-295.1970825,1546.916915
-371.7733188,-292.5154184,-360.0497691,-294.2786685,-364.2045593,-293.6537781,1548.474432
-371.5092667,-290.9694803,-359.7821652,-292.7432165,-363.9710083,-292.1096497,1550.033029
-371.245131,-289.4224438,-359.5136631,-291.2062218,-363.7360229,-290.564209,1551.5933
-370.9798089,-287.8746591,-359.2455591,-289.6670188,-363.4997253,-289.0172119,1553.155678
-370.7254836,-286.3892965,-358.9894848,-288.1903979,-363.2719727,-287.5331726,1554.654339
-370.470922,-284.9016175,-358.7324496,-286.7125445,-363.0427856,-286.0475769,1556.154378
-370.2150909,-283.4138126,-358.4753101,-285.2321633,-362.812439,-284.5603943,1557.656925
-369.9584186,-281.9241074,-358.2183739,-283.7502243,-362.5808716,-283.0716553,1559.160973
-369.7004491,-280.4332326,-357.9615153,-282.2665169,-362.3481445,-281.5814514,1560.66675
-369.442126,-278.9400964,-357.7061843,-280.7817772,-362.1141052,-280.0900574,1562.173284
-369.1833921,-277.4473622,-357.4497142,-279.2948587,-361.8790894,-278.5974426,1563.682159
-368.9242982,-275.9523916,-357.1947674,-277.8066801,-361.6429138,-277.1034851,1565.192018
-368.6650369,-274.4549841,-356.9383297,-276.317388,-361.4053955,-275.6079407,1566.703227
-368.4043366,-272.9568241,-356.682746,-274.8258367,-361.166687,-274.1108704,1568.216517
-368.1428445,-271.4563384,-356.4261364,-273.3330922,-360.9266357,-272.6122131,1569.731157
-367.8815339,-269.953781,-356.1690964,-271.8389409,-360.6851807,-271.1120605,1571.247257
-367.6197798,-268.4498957,-355.9114722,-270.3428684,-360.4423828,-269.610321,1572.765349
-367.3580173,-266.9452903,-355.6537899,-268.8443583,-360.1984558,-268.1069641,1574.285853
-367.0964567,-265.4461771,-355.3943943,-267.3397754,-359.954895,-266.6018066,1575.812632
-366.835085,-263.9483429,-355.1343895,-265.8313333,-359.7123413,-265.0946045,1577.343318
-366.574962,-262.4557693,-354.8736132,-264.3165248,-359.4723206,-263.5852356,1578.88041
-366.3153009,-260.9637503,-354.6107715,-262.7987124,-359.2353516,-262.0737,1580.420812
-366.0549605,-259.4718607,-354.3493471,-261.2775164,-359.0018311,-260.559845,1581.964308
-365.7945173,-257.9771062,-354.0867835,-259.7558482,-358.7715454,-259.0440979,1583.508463
-365.5331129,-256.4780702,-353.8239666,-258.2348071,-358.5438843,-257.5266724,1585.052043
-365.2710032,-254.975876,-353.5621488,-256.7136665,-358.3184509,-256.0077515,1586.595551
-365.0091762,-253.472035,-353.2989208,-255.1916013,-358.0951843,-254.4873047,1588.14021
-364.7469776,-251.9660987,-353.0362778,-253.6682353,-357.8739319,-252.9650879,1589.686051
-364.484395,-250.457766,-352.772907,-252.1440364,-357.6545105,-251.4411621,1591.232837
-364.2217092,-248.9447506,-352.5083567,-250.6210663,-357.4362183,-249.9158325,1592.778613
-363.9584531,-247.4267279,-352.245674,-249.0984272,-357.2182617,-248.3887177,1594.323745
-363.6938931,-245.9041801,-351.9831097,-247.5765146,-356.9999695,-246.8600922,1595.868141
-363.4289865,-244.3805732,-351.7187862,-246.0537593,-356.7814026,-245.3303986,1597.413667
-363.1643405,-242.8545884,-351.4559391,-244.5305017,-356.5622864,-243.7995911,1598.959436
-362.8990368,-241.3263337,-351.1932854,-243.0069957,-356.3423462,-242.2677155,1600.505417
-362.6338546,-239.7979005,-350.930035,-241.4825103,-356.1217651,-240.7352295,1602.052465
-362.3678484,-238.2694977,-350.6663477,-239.9571974,-355.9006653,-239.2022552,1603.600402
-362.1027454,-236.7420156,-350.4022629,-238.4301953,-355.6794128,-237.6687927,1605.150072
-361.8368781,-235.2149873,-350.1379973,-236.9023337,-355.4581909,-236.1349945,1606.700619
-361.5722787,-233.6877943,-349.8748746,-235.3735272,-355.2370911,-234.600769,1608.251904
-361.3070301,-232.1621892,-349.6103291,-233.8422819,-355.0166016,-233.0657349,1609.805833
-361.0409403,-230.633665,-349.3456492,-232.3117401,-354.7962036,-231.5296783,1611.359092
-360.7748982,-229.106187,-349.0817057,-230.7785337,-354.5763855,-229.992691,1612.914852
-360.5085409,-227.5745267,-348.8169047,-229.2471465,-354.3563538,-228.4546661,1614.468964
-360.2423611,-226.043962,-348.5517639,-227.7125738,-354.1366577,-226.9154358,1616.026274
-359.9750625,-224.5098912,-348.2872034,-226.1789238,-353.916687,-225.3750305,1617.582576
-359.7086218,-222.9767251,-348.0207426,-224.6424391,-353.696991,-223.8334808,1619.141994
-359.4410715,-221.4430262,-347.7553893,-223.1051256,-353.4776306,-222.2912292,1620.702041
-359.1747267,-219.908671,-347.4903877,-221.5672305,-353.2586365,-220.7484436,1622.262601
-358.9073327,-218.3737298,-347.225092,-220.0317051,-353.0397949,-219.2064667,1623.820875
-358.6409896,-216.8415821,-346.9599666,-218.4973862,-352.8215027,-217.6665039,1625.377932
-358.3747849,-215.3110395,-346.694794,-216.967187,-352.6035461,-216.129364,1626.930938
-358.1090838,-213.7834819,-346.4310725,-215.4397562,-352.3859558,-214.5951843,1628.480968
-357.8445749,-212.2600966,-346.1670104,-213.9147354,-352.1690369,-213.0642853,1630.028681
-357.579954,-210.7400568,-345.9026726,-212.3934916,-351.9527588,-211.5368347,1631.572721
-357.3165363,-209.2202315,-345.6410646,-210.87902,-351.7362671,-210.0130463,1633.109621
-357.0525771,-207.7041988,-345.3794006,-209.3684139,-351.5195618,-208.4930267,1634.642722
-356.7903193,-206.1917354,-345.1190807,-207.8610517,-351.3026733,-206.9766235,1636.172398
-356.5287329,-204.6834584,-344.8585391,-206.3565648,-351.0857849,-205.4637909,1637.699278
-356.26715,-203.1788176,-344.5983866,-204.8557783,-350.8688965,-203.9546204,1639.222445
-356.0065976,-201.677571,-344.3387671,-203.3581529,-350.6520081,-202.448822,1640.742407
-355.7470831,-200.1795224,-344.079996,-201.8636664,-350.4351196,-200.9463043,1642.259132
-355.4888722,-198.6865808,-343.8211915,-200.3701866,-350.2187805,-199.4470367,1643.77487
-355.231203,-197.1957765,-343.562993,-198.8812124,-350.0026855,-197.9510193,1645.286065
-354.972882,-195.7096177,-343.3063321,-197.3935578,-349.7872009,-196.4581146,1646.795697
-354.7162464,-194.2243419,-343.0510333,-195.910922,-349.5717773,-194.9681396,1648.300153
-354.4610385,-192.7439964,-342.7958051,-194.4286354,-349.3570251,-193.4810944,1649.804252
-354.1946294,-191.2023564,-342.5300435,-192.8852769,-349.133606,-191.9325409,1651.370325
-353.9288315,-189.6616184,-342.2659578,-191.3473342,-348.9102173,-190.3869934,1652.930777
-353.6636402,-188.124862,-342.0028443,-189.8106102,-348.6871948,-188.8442841,1654.489863
-353.3983695,-186.5896897,-341.7407796,-188.2783283,-348.4641418,-187.3044281,1656.044394
-353.1345663,-185.0568285,-341.4798333,-186.749912,-348.2409058,-185.7677307,1657.594926
-352.871928,-183.5271957,-341.2193469,-185.2248997,-348.0175171,-184.2344513,1659.142025
-352.6077839,-181.9990759,-340.9597747,-183.7059124,-347.793335,-182.7045593,1660.683031
-352.3464908,-180.4737325,-340.7008999,-182.1897975,-347.5683594,-181.1778259,1662.221088
-352.0842732,-178.9518335,-340.4436146,-180.676816,-347.3426208,-179.65448,1663.75579
-351.8226977,-177.4337911,-340.187344,-179.1663557,-347.1163025,-178.1345978,1665.287836
-351.5626847,-175.9181382,-339.93178,-177.6598718,-346.8891907,-176.6179962,1666.815843
-351.3015477,-174.4060745,-339.6758353,-176.155592,-346.6614075,-175.1043549,1668.341741
-351.0414638,-172.8966063,-339.4224856,-174.6533987,-346.4329529,-173.5934143,1669.865149
-350.7819244,-171.3906175,-339.1686467,-173.1519742,-346.2041626,-172.0849152,1671.38788
-350.5236619,-169.8883716,-338.9150523,-171.6493147,-345.9756165,-170.5782776,1672.911788
-350.2654399,-168.3871962,-338.6620666,-170.1489655,-345.7471008,-169.0732269,1674.433317
-350.0072928,-166.8875287,-338.4098438,-168.650293,-345.5185852,-167.5697937,1675.953065
-349.7484439,-165.3893928,-338.1563729,-167.1528072,-345.2900696,-166.0676117,1677.471851
-349.4914351,-163.8905513,-337.9046505,-165.6580409,-345.0610657,-164.5663757,1678.987665
-349.2333447,-162.3936593,-337.6524183,-164.1626747,-344.8318787,-163.0659943,1680.504155
-348.9751554,-160.8979608,-337.4005517,-162.667417,-344.6026306,-161.5664063,1682.020477
-348.7188486,-159.4008762,-337.1488667,-161.1756908,-344.3727112,-160.0675659,1683.533286
-348.4609857,-157.9066987,-336.8967603,-159.6822942,-344.1427307,-158.5697327,1685.047813
-348.2044836,-156.4117651,-336.6450886,-158.1918919,-343.9122009,-157.0727692,1686.559315
-347.9482936,-154.9188608,-336.3925818,-156.6995086,-343.6816101,-155.5763245,1688.072909
-347.6918281,-153.4273372,-336.1400281,-155.2067853,-343.4512024,-154.0805664,1689.586846
-347.4362442,-151.9370297,-335.8868321,-153.7134452,-343.2212219,-152.5853424,1691.101499
-347.1818947,-150.4461492,-335.6350763,-152.2217124,-342.9913635,-151.0905304,1692.614327
-346.9261339,-148.9552838,-335.3830716,-150.7318831,-342.7613831,-149.596283,1694.125319
-346.6720168,-147.4665402,-335.129542,-149.2396028,-342.5319214,-148.1025085,1695.638983
-346.4195386,-145.9770815,-334.8770239,-147.7488253,-342.3026733,-146.6090088,1697.150995
-346.16455,-144.4890782,-334.6239253,-146.2574464,-342.0738831,-145.1158905,1698.663698
-345.9120726,-143.0013135,-334.3708555,-144.7662312,-341.8456116,-143.6231689,1700.176235
-345.6591628,-141.5143718,-334.1176078,-143.274746,-341.617981,-142.1307526,1701.689068
-345.4086854,-140.027929,-333.8653637,-141.7837155,-341.3910828,-140.6390228,1703.201284
-345.1586549,-138.5425524,-333.6122798,-140.293013,-341.1650391,-139.147995,1704.713318
-344.9099968,-137.059106,-333.3591302,-138.8005758,-340.9403381,-137.6575928,1706.227072
-344.658301,-135.5779675,-333.1065866,-137.3067198,-340.7173767,-136.1677399,1707.742125
-344.4113608,-134.0971331,-332.8537118,-135.8132194,-340.4962463,-134.6784515,1709.256882
-344.1640421,-132.6175057,-332.6022212,-134.3193697,-340.2770996,-133.1896515,1710.771753
-343.917931,-131.1386993,-332.350194,-132.8259327,-340.0600281,-131.7014008,1712.286306
-343.6708284,-129.6605784,-332.0985649,-131.3333079,-339.8449707,-130.2135925,1713.799993
-343.4261181,-128.1820539,-331.8479689,-129.8426423,-339.6316528,-128.7262726,1715.311575
-343.1797942,-126.7041548,-331.5989529,-128.3531697,-339.4199524,-127.2395248,1716.82172
-342.9368421,-125.2258154,-331.3500522,-126.8655217,-339.2096252,-125.753273,1718.330047
-342.6943533,-123.7488463,-331.1019044,-125.3768049,-339.0009766,-124.2675171,1719.839303
-342.4425494,-122.2106259,-330.8441466,-123.8271615,-338.7853394,-122.7203522,1721.410237
-342.1887602,-120.6734545,-330.5871723,-122.2779519,-338.5714417,-121.1737289,1722.980615
-341.9379699,-119.135467,-330.3308387,-120.7317024,-338.3588257,-119.6276779,1724.547967
-341.6885656,-117.5968311,-330.0767666,-119.1883931,-338.1470032,-118.0822525,1726.112051
-341.439236,-116.0592211,-329.8242977,-117.6446981,-337.9361267,-116.5374069,1727.676255
-341.1917079,-114.5217318,-329.5717806,-116.1022697,-337.7260742,-114.9931259,1729.239217
-340.9437797,-112.984954,-329.3219671,-114.5601465,-337.5168457,-113.4494324,1730.801443
-340.6928001,-111.4489774,-329.0719577,-113.0193678,-337.3083191,-111.9063416,1732.362373
-340.4459553,-109.9129296,-328.8237742,-111.4792316,-337.1004333,-110.3638,1733.922378
-340.2006775,-108.377969,-328.5756843,-109.9380682,-336.8934937,-108.8218002,1735.483382
-339.9551315,-106.8433811,-328.3292286,-108.3982431,-336.6873474,-107.2804184,1737.042806
-339.7089454,-105.309466,-328.0847408,-106.8589225,-336.4819641,-105.7396088,1738.601421
-339.4669424,-103.775734,-327.8412545,-105.3200208,-336.2773743,-104.1994171,1740.159466
-339.2271785,-102.2427555,-327.5989692,-103.780568,-336.073761,-102.65979,1741.717868
-338.9852203,-100.710455,-327.3583721,-102.2421963,-335.8710022,-101.1207275,1743.27494
-338.7483264,-99.17845906,-327.1183854,-100.7035648,-335.6692505,-99.58223724,1744.832175
-338.5137073,-97.64701056,-326.8797674,-99.16488246,-335.4685974,-98.04430389,1746.38925
-338.2805378,-96.11570521,-326.645578,-97.62709288,-335.2688904,-96.50691986,1747.94477
-338.0454208,-94.58504027,-326.4145015,-96.08990152,-335.0700378,-94.97000885,1749.499232
-337.8165726,-93.05454689,-326.1865647,-94.55228661,-334.8721924,-93.43373108,1751.05365
-337.5903827,-91.52366399,-325.9616322,-93.01727451,-334.6749573,-91.89812469,1752.605055
-337.365026,-89.99343835,-325.7393508,-91.48179841,-334.4784241,-90.36299133,1754.156537
-337.1454287,-88.46312746,-325.5200288,-89.94673407,-334.2825928,-88.82847595,1755.70719
-336.9275367,-86.93364705,-325.3022095,-88.41082254,-334.087677,-87.29449463,1757.25847
-336.7095323,-85.40552184,-325.088987,-86.87227512,-333.894104,-85.76088715,1758.811722
-336.4975013,-83.87828593,-324.8760952,-85.33063642,-333.7024841,-84.22758484,1760.367991
-336.2878729,-82.35142703,-324.6668889,-83.78851407,-333.5129089,-82.69458771,1761.924239
-336.0786947,-80.8250352,-324.4611713,-82.2465033,-333.3253784,-81.16191864,1763.479911
-335.8747639,-79.29842431,-324.2571218,-80.70518602,-333.1398315,-79.6295929,1765.034677
-335.6750146,-77.77184234,-324.0566462,-79.16395663,-332.9562683,-78.09760284,1766.58889
-335.4798044,-76.24512645,-323.860053,-77.62311221,-332.7746277,-76.56593323,1768.142225
-335.290214,-74.71878349,-323.664938,-76.08073954,-332.5952148,-75.03451538,1769.69689
-335.0997799,-73.19293014,-323.4739218,-74.53875346,-332.4179688,-73.50337982,1771.250662
-334.9164965,-71.66685689,-323.2863901,-72.99619074,-332.242981,-71.97244263,1772.804583
-334.7350616,-70.14166537,-323.1007106,-71.45168958,-332.0706177,-70.44168091,1774.360205
-334.5562867,-68.61654692,-322.9181564,-69.90741007,-331.9008484,-68.91107941,1775.915237
-334.3829294,-67.09084534,-322.7390604,-68.36435724,-331.7334595,-67.38062286,1777.468649
-334.2135709,-65.56467281,-322.5629277,-66.82309655,-331.5681763,-65.85041046,1779.019941
-334.0414721,-64.03956123,-322.386913,-65.28086077,-331.4052124,-64.32034302,1780.572188
-333.8761636,-62.51392872,-322.2135952,-63.73950124,-331.2444458,-62.79048538,1782.123262
-333.712868,-60.98960783,-322.0426458,-62.19443064,-331.0865173,-61.26074982,1783.67776
-333.5492231,-59.46741654,-321.8739338,-60.6436801,-330.9324036,-59.73105621,1785.237661
-333.3912174,-57.94596597,-321.7065464,-59.09037747,-330.7825928,-58.20145798,1786.799957
-333.2358047,-56.42466198,-321.5424009,-57.53873064,-330.6369019,-56.67226791,1788.360262
-333.0785947,-54.90440012,-321.3804873,-55.98696471,-330.4954224,-55.14345169,1789.920452
-332.9278838,-53.38372438,-321.2224444,-54.43790523,-330.3577881,-53.61518478,1791.477553
-332.7811851,-51.86196032,-321.0676438,-52.89455062,-330.223114,-52.08746338,1793.028652
-332.6306601,-50.34039791,-320.9152593,-51.35453287,-330.0909119,-50.56024933,1794.57619
-332.486324,-48.81772294,-320.7655623,-49.81959907,-329.9604187,-49.03363419,1796.118406
-332.3429196,-47.29640459,-320.6179907,-48.28150656,-329.8321838,-47.50735092,1797.663562
-332.1985087,-45.77468161,-320.4740224,-46.74626857,-329.705719,-45.98125458,1799.205536
-332.0590509,-44.25361228,-320.3323692,-45.20837006,-329.5814819,-44.4553299,1800.749944
-331.9215743,-42.73311955,-320.1918482,-43.66896857,-329.4597473,-42.92953491,1802.295746
-331.7823653,-41.21329287,-320.0531214,-42.12877123,-329.3406677,-41.40386963,1803.842178
-331.649079,-39.69360705,-319.9162882,-40.58870324,-329.2243042,-39.87859344,1805.388313
-331.5177133,-38.17450733,-319.7809922,-39.04881835,-329.1107178,-38.35381317,1806.93413
-331.384336,-36.65597116,-319.6483995,-37.51032049,-328.9997559,-36.82956314,1808.478331
-331.2584075,-35.13714086,-319.5184822,-35.97346491,-328.8912048,-35.30577469,1810.020668
-331.133949,-33.61924273,-319.3909486,-34.4364049,-328.7852173,-33.78268433,1811.56301
-331.0065021,-32.10346744,-319.2646811,-32.90047717,-328.6819458,-32.26125336,1813.104119
-330.8870982,-30.59248688,-319.1409084,-31.36774176,-328.5818481,-30.74463463,1814.641844
-330.7684793,-29.08763073,-319.019116,-29.83892364,-328.4852295,-29.23362923,1816.175505
-330.6479827,-27.58770298,-318.9007349,-28.31953564,-328.391449,-27.72828102,1817.699498
-330.53379,-26.09336986,-318.7834929,-26.8041787,-328.3007202,-26.22845459,1819.219384
-330.4172148,-24.54423114,-318.6635656,-25.23737971,-328.2090759,-24.67445183,1820.790766
-330.3043729,-23.00094908,-318.5471294,-23.67509245,-328.1203003,-23.12618065,1822.357386
-330.1950861,-21.46326876,-318.4334977,-22.11852925,-328.0343628,-21.58364677,1823.918091
-330.0852155,-19.93049194,-318.3230484,-20.57190092,-327.9505615,-20.04689789,1825.468659
-329.983555,-18.40367371,-318.2146141,-19.02813909,-327.8693237,-18.51585579,1827.016224
-329.8792121,-16.88222231,-318.1098837,-17.49257623,-327.7902222,-16.99055672,1828.555354
-329.7823056,-15.36627108,-318.0075009,-15.96269198,-327.7132568,-15.47107315,1830.08866
-329.6876726,-13.85598096,-317.9085884,-14.43849344,-327.6383972,-13.95732403,1831.616065
-329.5902304,-12.35082709,-317.8120009,-12.92308338,-327.5651245,-12.44921875,1833.13455
-329.5009169,-10.85084282,-317.7201758,-11.41389974,-327.4933167,-10.94679546,1834.646525
-329.4123886,-9.298700137,-317.6290516,-9.853497607,-327.4201355,-9.392501831,1836.209585
-329.3213161,-7.752939005,-317.5412424,-8.297640863,-327.3485413,-7.844158649,1837.767918
-329.2395508,-6.213651889,-317.4575975,-6.743295581,-327.2792053,-6.301776886,1839.324512
-329.1618181,-4.67991294,-317.3781857,-5.19549394,-327.2119751,-4.765226364,1840.87435
-329.0882419,-3.151940517,-317.3030637,-3.652605396,-327.1469421,-3.234411955,1842.419066
-329.0173537,-1.629610695,-317.2306625,-2.115217907,-327.0841064,-1.709259748,1843.958157
-328.9456082,-0.113537505,-317.1612453,-0.580726491,-327.0238647,-0.189724684,1845.494218
-328.880503,1.397681136,-317.0945513,0.945825804,-326.9658203,1.324275136,1847.022226
-328.8196691,2.903456137,-317.031423,2.467029944,-326.9099731,2.832755089,1848.54474
-328.761733,4.403724524,-316.9706485,3.983830428,-326.8564453,4.335875034,1850.062757
-328.7061737,5.954316976,-316.9131571,5.549979354,-326.8031921,5.889070988,1851.629961
-328.6475601,7.502667211,-316.8575566,7.114857913,-326.7521667,7.440321922,1853.195827
-328.5968896,9.052286196,-316.803654,8.675072471,-326.7025452,8.99169445,1854.756973
-328.5495237,10.56542427,-316.7530275,10.19799228,-326.655365,10.50642586,1856.280734
-328.5034069,12.0773541,-316.7043084,11.72126486,-326.6096802,12.02020264,1857.804785
-328.4539474,13.58078895,-316.6573959,13.23445434,-326.5654907,13.5253458,1859.318702
-328.4089496,15.13154144,-316.6096722,14.7937622,-326.5210571,15.07749653,1860.87874
-328.3671598,16.67367462,-316.564459,16.34270631,-326.4777832,16.62069321,1862.428344
-328.326369,18.20524388,-316.5212547,17.89155183,-326.4370117,18.15503883,1863.977792
-328.2798975,19.72942866,-316.4779727,19.42395246,-326.397522,19.68070602,1865.510803
-328.2417342,21.2443304,-316.4357138,20.95147929,-326.3598938,21.19765091,1867.038915
-328.2034673,22.75020672,-316.3951808,22.47185979,-326.3243408,22.70591164,1868.559835
-328.1596251,24.24736978,-316.3550536,23.98435842,-326.2909241,24.20573425,1870.072866
-328.122011,25.78978427,-316.315499,25.5389979,-326.2581177,25.75019264,1871.628009
-328.0842551,27.32332784,-316.2772277,27.08421183,-326.2270203,27.2857151,1873.173696
-328.0414018,28.84822099,-316.2390757,28.61866193,-326.1973267,28.81235313,1874.708621
-328.0058225,30.36431964,-316.2010771,30.14549898,-326.1691895,30.33027458,1876.235931
-327.9706055,31.87175201,-316.1636658,31.66308151,-326.1425171,31.83944321,1877.753974
-327.9363802,33.42069477,-316.1245309,33.22241022,-326.1164856,33.39014435,1879.313794
-327.9022506,34.95703214,-316.0846748,34.77065492,-326.0922241,34.92848587,1880.862552
-327.8628057,36.48174534,-316.0461462,36.30431146,-326.0693054,36.45481491,1882.396692
-327.8296534,37.99533127,-316.007987,37.82868349,-326.0479431,37.97021484,1883.921542
-327.7978173,39.49936605,-315.9690606,39.34037876,-326.02771,39.47557449,1885.433738
-327.7640925,41.04480237,-315.9283956,40.88708109,-326.0071106,41.02138901,1886.980975
-327.7304979,42.58142809,-315.8885646,42.4210114,-325.9862976,42.55780029,1888.515422
-327.6926518,44.10793458,-315.8477015,43.95005122,-325.9659424,44.08491898,1890.045008
-327.6606801,45.62558707,-315.8071089,45.4702343,-325.9460449,45.60311508,1891.565733
-327.6292838,47.13492179,-315.7657972,46.97828475,-325.9261169,47.11243439,1893.074349
-327.5942466,48.6354489,-315.7229449,48.47828786,-325.90625,48.61310196,1894.574964
-327.5639716,50.17531611,-315.681035,50.01705986,-325.8857422,50.15296555,1896.114307
-327.5333748,51.70532791,-315.640326,51.55145123,-325.8659363,51.68375397,1897.649238
-327.4976399,53.22648657,-315.6023058,53.07548544,-325.8466187,53.20552826,1899.173746
-327.4678126,54.73843456,-315.5643954,54.59243707,-325.828064,54.71832275,1900.691172
-327.4324316,56.24267767,-315.5295179,56.09268281,-325.8091125,56.22222137,1902.191823
-327.4017348,57.78406318,-315.4933237,57.63627754,-325.789978,57.76406097,1903.735842
-327.3709411,59.3166165,-315.4603339,59.16742965,-325.7707825,59.29657364,1905.267349
-327.3335848,60.83974503,-315.4292158,60.68972817,-325.7515869,60.81980896,1906.789966
-327.3029311,62.35383048,-315.3975562,62.20289679,-325.7323914,62.33391953,1908.303466
-327.271727,63.85906239,-315.3672306,63.70578535,-325.7130127,63.83899307,1909.80666
-327.239694,65.39920405,-315.3374634,65.25428013,-325.6942444,65.38038635,1911.355441
-327.2077427,66.93029715,-315.3080379,66.79163288,-325.6763916,66.9124527,1912.893075
-327.1695514,68.45192546,-315.2809812,68.31920276,-325.6593933,68.43506622,1914.420885
-327.1383411,69.96542225,-315.254551,69.83341274,-325.6425781,69.94880676,1915.935325
-327.1081579,71.4696304,-315.2294118,71.34196023,-325.6264038,71.45370483,1917.444082
-327.0698653,73.00877454,-315.2039568,72.88484062,-325.610321,72.99353027,1918.987173
-327.0387069,74.53899597,-315.1799445,74.41842423,-325.5947571,74.52431488,1920.520944
-327.0077697,76.06209223,-315.1552048,75.93114239,-325.5779419,76.04629517,1922.033865
-326.9695561,77.57533577,-315.131905,77.44163703,-325.5608521,77.55942535,1923.544539
-326.9404872,79.08033125,-315.1090115,78.94283129,-325.5433655,79.06409454,1925.045908
-326.9101498,80.61854543,-315.0861066,80.48346176,-325.5257874,80.6027298,1926.586709
-326.8727503,82.14702459,-315.0633217,82.01741379,-325.5090027,82.13205719,1928.12083
-326.8444878,83.66673288,-315.0400959,83.53731773,-325.4923401,83.65190887,1929.640911
-326.8075898,85.1758504,-315.0161092,85.0557735,-325.4769592,85.16230011,1931.159556
-326.7804843,86.67734062,-314.992737,86.55635157,-325.4615479,86.6638031,1932.660316
-326.7533106,88.20993318,-314.9680127,88.09594887,-325.4467163,88.19729614,1934.200112
-326.7179767,89.73361635,-314.9431259,89.62233712,-325.432312,89.72146606,1935.726703
-326.6921602,91.24780436,-314.9191883,91.13892056,-325.4183044,91.23602295,1937.243476
-326.6662158,92.75251432,-314.8938462,92.64244475,-325.4042358,92.74071503,1938.747213
-326.6394539,94.28711123,-314.8683294,94.1804015,-325.3903198,94.27578735,1940.285382
-326.6053608,95.81213989,-314.8408904,95.69981361,-325.3757629,95.80039978,1941.805042
-326.5792107,97.32557037,-314.8133801,97.21957296,-325.3621216,97.31460571,1943.32505
-326.5550935,98.83013045,-314.7860074,98.71813319,-325.3478088,98.81864166,1944.82386
-326.5299414,100.3617496,-314.7561659,100.2555275,-325.3339844,100.3509598,1946.361544
-326.4959491,101.8823845,-314.7251052,101.7787099,-325.3205872,101.8720322,1947.885043
-326.4718511,103.3921449,-314.6944653,103.2917108,-325.3077087,103.3822174,1949.398354
-326.4476809,104.9303765,-314.6637272,104.8253824,-325.2940063,104.9200974,1950.932334
-326.4237259,106.4576081,-314.6317521,106.3567918,-325.2809448,106.4478378,1952.464077
-326.3897315,107.974825,-314.5992376,107.8656884,-325.2669067,107.9644318,1953.973324
-326.367494,109.4757274,-314.5674137,109.3648744,-325.2528076,109.4652557,1955.472848
-326.3328266,110.9995744,-314.5350295,110.8742546,-325.2366333,110.9879303,1956.982575
-326.3078357,112.5141237,-314.5015074,112.365474,-325.2175903,112.5003967,1958.474171
-326.2823547,114.0194483,-314.4683164,113.8569325,-325.1968994,114.0045166,1959.965999
-326.2550932,115.5528014,-314.4330517,115.3733379,-325.173645,115.5363846,1961.482815
-326.2278831,117.0760396,-314.3975502,116.8971063,-325.1506042,117.0597458,1963.006997
-326.1920691,118.5932454,-314.3626474,118.398688,-325.1256714,118.5757065,1964.508984
-326.1662329,120.1025814,-314.327969,119.9019268,-325.1000977,120.0845108,1966.012623
-326.1403228,121.6046619,-314.2919136,121.4017072,-325.0743713,121.5864029,1967.512836
-326.1124217,123.1346617,-314.2532063,122.9362603,-325.0487671,123.1168671,1969.047877
-326.0739279,124.6583584,-314.2175125,124.4543337,-325.0225525,124.6402664,1970.56637
-326.0439598,126.1750131,-314.1813949,125.9661052,-324.9958496,126.1565552,1972.078573
-326.0148512,127.685903,-314.145555,127.4600863,-324.9671326,127.6659698,1973.572984
-325.9847215,129.1885416,-314.1083531,128.9552009,-324.9376221,129.1679688,1975.068562
-325.954817,130.7194213,-314.0721051,130.4735982,-324.9059753,130.6977234,1976.587392
-325.9120594,132.2428951,-314.0353927,131.9838864,-324.8727722,132.2202301,1978.098126
-325.8805998,133.7582796,-313.9988362,133.4942696,-324.8391113,133.7351379,1979.608951
-325.8486288,135.2658066,-313.9633827,134.991102,-324.8042908,135.2416687,1981.106204
-325.8158052,136.7975594,-313.9271444,136.5155625,-324.7679749,136.7727051,1982.631095
-325.771218,138.3197312,-313.893248,138.0201123,-324.7296143,138.293457,1984.136026
-325.7380365,139.830634,-313.8589766,139.513068,-324.68927,139.802597,1985.629375
-325.7019183,141.3626679,-313.825319,141.0289764,-324.6462708,141.3330078,1987.145657
-325.6586369,142.8851821,-313.7908529,142.5146826,-324.5988464,142.8520966,1988.631763
-325.6246134,144.3971004,-313.7569045,144.0136522,-324.5500488,144.362381,1990.131117
-325.5900252,145.904327,-313.7257795,145.488477,-324.497345,145.8660278,1991.60627
-325.5593321,147.4377291,-313.6936261,146.9878221,-324.4393616,147.3952637,1993.10596
-325.5248565,148.9627208,-313.6638011,148.4940238,-324.3792114,148.91745,1994.612457
-325.5029013,150.4858458,-313.6332183,149.9647657,-324.3126526,150.4335938,1996.083517
-325.4825131,152.0060139,-313.6064484,151.409006,-324.2367554,151.9433899,1997.528005
-325.460511,153.5248091,-313.5828905,152.8188426,-324.1473999,153.4467621,1998.938039
-325.4260674,155.0371028,-313.5594155,154.2331458,-324.04599,154.9436035,2000.352537
-325.3979481,156.5859479,-313.5420311,155.6172931,-323.9216614,156.465332,2001.736793
-325.370457,158.1371491,-313.5265386,156.96918,-323.7723389,157.9795532,2003.088769
-325.34566,159.6969038,-313.5186247,158.2697965,-323.5906677,159.4851379,2004.38941
-325.3281348,161.2688098,-313.5201419,159.5314438,-323.3706055,160.9807892,2005.651058
-325.2998546,162.856819,-313.5332932,160.7531537,-323.1053467,162.4644775,2006.872838
-325.2452012,164.4578175,-313.559258,161.963878,-322.791687,163.9342041,2008.083841
-325.1584281,166.1074103,-313.600406,163.1985281,-322.4183044,165.4177856,2009.319177
-325.0512762,167.7760986,-313.6390303,164.4428842,-321.9906006,166.8821564,2010.564132
-324.9067332,169.4641389,-313.6625998,165.6955583,-321.5071106,168.3247223,2011.817028
-324.7305784,171.1740892,-313.6699008,166.9677619,-320.9677124,169.7430878,2013.089253
-324.5121569,172.9024293,-313.6583221,168.2683574,-320.373291,171.1353302,2014.3899
-324.2394626,174.6438646,-313.6164844,169.5980331,-319.7252502,172.499649,2015.720233
-323.8926195,176.3941481,-313.5238289,170.9413592,-319.0237122,173.8336639,2017.066751
-323.4798201,178.1564755,-313.3903332,172.3058721,-318.2691345,175.1349487,2018.437779
-322.9862655,179.9216903,-313.1336174,173.6426381,-317.4621582,176.4011993,2019.798972
-322.3860166,181.6999513,-312.7230043,174.9605726,-316.5872498,177.6556549,2021.17939
-321.6968646,183.448408,-312.2160439,176.255569,-315.6645508,178.8718567,2022.570082
-320.9081637,185.1752139,-311.6484171,177.5329202,-314.6946411,180.0470428,2023.967875
-320.000177,186.8581696,-311.0258029,178.7952743,-313.6782532,181.1783295,2025.375421
-318.9877898,188.4969309,-310.3418863,180.0375544,-312.6166992,182.2632904,2026.793519
-317.8856896,190.0732424,-309.5907863,181.2588565,-311.5132446,183.301712,2028.227301
-316.695806,191.5646393,-308.7731781,182.4568802,-310.3717957,184.294632,2029.67773
-315.4540476,192.9815126,-307.8834143,183.6201833,-309.197113,185.2446136,2031.142296
-314.1713402,194.3366403,-306.9174943,184.7295278,-307.9929199,186.1538391,2032.61323
-312.8123488,195.6347176,-305.8828053,185.7727731,-306.7595215,187.0204926,2034.082564
-311.3942792,196.8624816,-304.7860142,186.7537367,-305.499054,187.8444824,2035.554039
-309.8963069,198.0283388,-303.640501,187.6784012,-304.2113342,188.622818,2037.026182
-308.3403652,199.1137935,-302.4458479,188.5427379,-302.8986511,189.3547821,2038.500724
-306.7073937,200.1443103,-301.2142321,189.3546682,-301.5610046,190.0357971,2039.975888
-305.0021953,201.1007362,-299.907721,190.10664,-300.1729431,190.6790009,2041.483347
-303.2627355,201.953062,-298.5562761,190.7740694,-298.765686,191.2714691,2042.990618
-301.4521956,202.6899188,-297.1704941,191.3623994,-297.3398438,191.8104248,2044.496116
-299.5501411,203.3896375,-295.749667,191.8464912,-295.8944702,192.2863007,2045.997147
-297.5989172,204.0903437,-294.3084532,192.251044,-294.4312744,192.6929626,2047.494064
-295.6130546,204.7645484,-292.8423727,192.5418645,-292.9526062,193.0281525,2048.988711
-293.5824596,205.3566375,-291.3627653,192.7267047,-291.461792,193.2901611,2050.479819
-291.5696062,205.7263447,-289.8746334,192.8179089,-289.9624939,193.48703,2051.970743
-289.6334263,205.8922842,-288.3823962,192.8259116,-288.4594727,193.6309357,2053.463002
-287.7136694,205.8996592,-286.8941619,192.7598325,-286.9543457,193.7248077,2054.952702
-285.8224905,205.7586262,-285.413769,192.5932536,-285.4503479,193.7714996,2056.442438
-283.932557,205.4477574,-283.9504411,192.311209,-283.9484558,193.769455,2057.932699
-282.0622593,205.0438734,-282.4789791,191.9096527,-282.4215088,193.7210083,2059.457968
-280.2228135,204.5738277,-281.0374603,191.4188387,-280.9007263,193.6268311,2060.980754
-278.436537,204.0354723,-279.6236269,190.8708934,-279.3874207,193.4903717,2062.497055
-276.6918233,203.4319607,-278.2386032,190.2897953,-277.8827515,193.3132782,2063.999042
-275.0039286,202.7643194,-276.8811526,189.6531919,-276.3877563,193.0992279,2065.498354
-273.3769994,202.0458877,-275.5465888,188.9762339,-274.9030762,192.8527679,2066.994794
-271.7607866,201.2879779,-274.211049,188.2647162,-273.401001,192.5701599,2068.508043
-270.1804272,200.5066372,-272.9011094,187.5369809,-271.9108582,192.2575684,2070.006556
-268.6333751,199.6982666,-271.61986,186.7844799,-270.4331665,191.9158325,2071.492442
-267.116496,198.8762107,-270.3648157,186.0171399,-268.9682312,191.5457764,2072.963478
-265.629155,198.0425501,-269.1314406,185.2484368,-267.5163879,191.1483459,2074.416791
-264.1488754,197.1837088,-267.8906271,184.4589453,-266.050354,190.7172546,2075.887476
-262.6919223,196.3178308,-266.6728251,183.6661362,-264.5979614,190.2602539,2077.340607
-261.2556528,195.4548195,-265.4734617,182.8766348,-263.1593018,189.777832,2078.776499
-259.8415623,194.588369,-264.2883758,182.0972086,-261.7346497,189.2706604,2080.194925
-258.4495533,193.7184411,-263.1152261,181.3256206,-260.3240051,188.7395782,2081.599072
-257.0735166,192.8485226,-261.9482827,180.5550869,-258.9231262,188.184082,2082.997456
-255.7050587,191.9720825,-260.7752964,179.7773728,-257.5221863,187.6016083,2084.404843
-254.3674129,191.1011403,-259.6152056,179.002085,-256.1444702,187.0040436,2085.80015
-253.0301899,190.2247781,-258.4422216,178.2173838,-254.7625885,186.3811951,2087.211407
-251.7143291,189.356719,-257.2841502,177.4367591,-253.4018097,185.7453461,2088.608012
-250.394652,188.4753275,-256.1224133,176.6460368,-252.0365906,185.0843048,2090.013314
-249.0925776,187.6037284,-254.9805596,175.8629858,-250.6937866,184.4108887,2091.397871
-247.7856213,186.7211248,-253.8334524,175.071562,-249.3477478,183.7120972,2092.791502
-246.4986845,185.8430658,-252.7078542,174.2889854,-248.0256805,183.0016174,2094.162413
-245.2115118,184.9495724,-251.57209,173.4948825,-246.7014771,182.2663116,2095.548256
-243.915316,184.0508045,-250.437028,172.6950451,-245.3770142,181.505661,2096.936818
-242.6374227,183.1670394,-249.3203332,171.9018419,-244.0796051,180.7359924,2098.306555
-241.354403,182.273629,-248.2018035,171.0983283,-242.7832489,179.9416809,2099.683778
-240.0949571,181.3846579,-247.1033297,170.30551,-241.5151672,179.1395264,2101.038475
-238.836342,180.4789907,-245.9979036,169.5022161,-240.2491455,178.3135376,2102.404948
-237.5703226,179.565035,-244.8975035,168.6884161,-238.9864502,177.4629059,2103.773579
-236.3337668,178.6541954,-243.8121264,167.8686335,-237.7528381,176.6075592,2105.133758
-235.1006452,177.7221809,-242.7246031,167.038013,-236.5224915,175.7296143,2106.502201
-233.8800856,176.7672486,-241.6156695,166.1799546,-235.2940369,174.8320465,2107.904342
-232.6562935,175.7957642,-240.5197232,165.3170223,-234.0692139,173.9129181,2109.299243
-231.4616245,174.8237097,-239.4536504,164.4633819,-232.8749084,172.9916229,2110.664972
-230.2718293,173.8354534,-238.380516,163.5912352,-231.6851654,172.0498962,2112.047815
-229.0902173,172.8214612,-237.3131516,162.7099761,-230.500885,171.0868073,2113.43197
-227.9475406,171.7987117,-236.273934,161.8379186,-229.3481293,170.1231995,2114.788605
-226.8312382,170.738276,-235.2303385,160.9459309,-228.2019958,169.1401367,2116.161461
-225.7203649,169.6615565,-234.1972893,160.0455288,-227.064209,168.1371307,2117.531831
-224.6150972,168.5745478,-233.1634322,159.1319864,-225.9358521,167.1156311,2118.911476
-223.5213206,167.472248,-232.1221285,158.1991704,-224.8157043,166.0766907,2120.309496
-222.4510156,166.3876939,-231.1077029,157.2733529,-223.7277985,165.0434113,2121.682885
-221.3857086,165.2938455,-230.0949441,156.3328679,-222.6485596,163.9944916,2123.064982
-220.3223107,164.1893375,-229.0918336,155.3842932,-221.5781555,162.9284058,2124.44557
-219.2523182,163.083669,-228.0867686,154.4194085,-220.5154724,161.8448486,2125.838825
-218.1803721,161.9680509,-227.0859201,153.4434824,-219.4604797,160.7427063,2127.236727
-217.1184329,160.8320275,-226.084631,152.452678,-218.4131622,159.6220398,2128.645369
-216.083503,159.7076258,-225.1078857,151.4743933,-217.397522,158.5088043,2130.027784
-215.0543803,158.5656498,-224.1315652,150.4845741,-216.3897552,157.3768158,2131.418088
-214.0283156,157.4094844,-223.1579404,149.4834269,-215.3910217,156.2264252,2132.814598
-213.0084854,156.239372,-222.1805372,148.4651465,-214.4013367,155.0587921,2134.226056
-212.0113253,155.0863634,-221.2299628,147.4620159,-213.4440918,153.9013824,2135.608033
-211.0154782,153.9217666,-220.281338,146.4449188,-212.4963226,152.7268372,2136.998852
-210.0150648,152.7510311,-219.3338396,145.4155687,-211.5588074,151.5358429,2138.397892
-209.00184,151.5815953,-218.3886603,144.3738329,-210.6324921,150.329483,2139.804511
-207.9835527,150.4081917,-217.4433771,143.3163972,-209.7171783,149.1085358,2141.222866
-206.9646016,149.2265379,-216.4996148,142.2457229,-208.8128815,147.8733673,2142.650112
-205.9533539,148.0320734,-215.5555048,141.1581384,-207.9190979,146.6248474,2144.090315
-204.970213,146.8561277,-214.6342982,140.0815409,-207.0561676,145.3938599,2145.507242
-203.99632,145.6684562,-213.7110496,138.9878269,-206.2019501,144.1516876,2146.938535
-203.0230532,144.4719531,-212.7915322,137.8848328,-205.3567505,142.8982849,2148.374539
-202.0531162,143.2651474,-211.8765345,136.7708877,-204.5207825,141.6337738,2149.816099
-201.0897448,142.0491795,-210.9618982,135.6396709,-203.6931,140.3589478,2151.270819
-200.1345834,140.8220276,-210.0494905,134.4946087,-202.8732605,139.0742798,2152.734942
-199.1810269,139.5864931,-209.1436105,133.337975,-202.0614319,137.7799072,2154.204098
-198.2321263,138.3410051,-208.242814,132.1704168,-201.2577209,136.4760284,2155.67876
-197.2917315,137.0827594,-207.3485527,130.992443,-200.4623566,135.1626587,2157.157721
-196.377433,135.8466142,-206.481422,129.832998,-199.6944427,133.8724213,2158.605556
-195.4705881,134.6002314,-205.6191455,128.6619007,-198.9343567,132.5734406,2160.059857
-194.5705415,133.3459211,-204.7576796,127.4737437,-198.1802368,131.2651825,2161.527454
-193.6787123,132.0819979,-203.9002366,126.2734599,-197.4322815,129.9489746,2163.002543
-192.7887303,130.810668,-203.0504257,125.0644546,-196.6911469,128.6254425,2164.480336
-191.9051952,129.5310752,-202.2064884,123.8455907,-195.9568024,127.2949142,2165.962854
-191.0265271,128.2421249,-201.3691139,122.6198484,-195.22966,125.957283,2167.447321
-190.1564611,126.9439152,-200.5379242,121.3848662,-194.5097351,124.6128311,2168.935963
-189.2944441,125.6353078,-199.7118924,120.1435622,-193.7973633,123.2615128,2170.426991
-188.4393564,124.319617,-198.8950385,118.8906848,-193.0923157,121.9036484,2171.922636
-187.5918119,122.9937441,-198.0872737,117.6304011,-192.3950653,120.5392075,2173.419566
-186.7540942,121.6585678,-197.2878825,116.3610123,-191.705658,119.1683731,2174.91969
-185.9250699,120.3151634,-196.4971989,115.0821947,-191.0240326,117.7912903,2176.423205
-185.1064519,118.9623161,-195.7162309,113.7946679,-190.3503723,116.4081879,2177.929072
-184.3144613,117.6344916,-194.9640786,112.5327872,-189.7015533,115.0538025,2179.398111
-183.5307215,116.3007202,-194.2195426,111.262072,-189.0605469,113.6939926,2180.870881
-182.7568015,114.9587712,-193.4842838,109.9837539,-188.427475,112.3289185,2182.345568
-181.9997944,113.6033707,-192.7585557,108.6997282,-187.8028412,110.9584503,2183.820493
-181.2529872,112.2360452,-192.0441484,107.4108815,-187.1875763,109.5824509,2185.294095
-180.5184154,110.8582342,-191.3387341,106.1158239,-186.581955,108.2006607,2186.76881
-179.795851,109.4720336,-190.6431509,104.8114878,-185.9855804,106.8126144,2188.247028
-179.085923,108.0804183,-189.956544,103.4963563,-185.3977966,105.4187469,2189.730605
-178.3919981,106.6789274,-189.2811882,102.172376,-184.8186035,104.0192413,2191.216885
-177.7041664,105.271257,-188.6167417,100.8403361,-184.2480927,102.6141739,2192.705448
-177.0208073,103.8596417,-187.961948,99.50013667,-183.686142,101.2038345,2194.197054
-176.3442289,102.4427165,-187.3181697,98.15197354,-183.1327362,99.78845215,2195.69104
-175.6750023,101.0223697,-186.6839829,96.79542558,-182.5874634,98.36830139,2197.18851
-175.0192301,99.59341907,-186.0585348,95.43296831,-182.0504913,96.94350433,2198.687668
-174.3714609,98.15906327,-185.4403275,94.06496293,-181.5218658,95.51430511,2200.188874
-173.7327253,96.71795237,-184.8319753,92.69095759,-181.001709,94.0806427,2201.691533
-173.1078685,95.26867571,-184.2322947,91.31047914,-180.4898529,92.64208221,2203.196636
-172.4977262,93.81115321,-183.642242,89.92276989,-179.986145,91.1984024,2204.704582
-171.8991136,92.34217882,-183.0621486,88.52988896,-179.4912872,89.74937439,2206.213431
-171.3158347,90.86436113,-182.4904303,87.13068271,-179.0053864,88.29511261,2207.724933
-170.7412126,89.38035514,-181.9290249,85.72458501,-178.5285187,86.83574677,2209.238963
-170.1789259,87.890498,-181.3779385,84.31112715,-178.0605011,85.37142944,2210.756052
-169.640915,86.43302561,-180.8496975,82.92712681,-177.6126556,83.93961334,2212.237435
-169.1133171,84.96806555,-180.3331598,81.53393603,-177.1724396,82.50135803,2213.723299
-168.596475,83.4984977,-179.8264853,80.13024757,-176.7390137,81.05628204,2215.215633
-168.0901791,82.02321641,-179.3291056,78.71703133,-176.3119659,79.60459137,2216.713821
-167.5913354,80.54031852,-178.8442338,77.29366204,-175.8910522,78.14570618,2218.21751
-167.1006164,79.04831813,-178.3710155,75.86098051,-175.4764252,76.67958832,2219.726322
-166.6172037,77.54605518,-177.9118235,74.41903233,-175.068512,75.20623016,2221.23962
-166.1408781,76.03575558,-177.4662005,72.96750075,-174.6674194,73.72574615,2222.758015
-165.6730282,74.51326609,-177.0342224,71.50791505,-174.2738953,72.23809814,2224.280183
-165.222363,73.02232051,-176.6212989,70.08000034,-173.8982697,70.78287506,2225.766604
-164.7812111,71.52493153,-176.2155351,68.64461266,-173.5300446,69.3210907,2227.258241
-164.3493893,70.01811902,-175.8183698,67.20258792,-173.1696014,67.85283661,2228.75396
-163.9266202,68.50685747,-175.4272824,65.75452968,-172.8169403,66.37923431,2230.253901
-163.5121817,66.98723255,-175.0441754,64.30280399,-172.4729156,64.9013443,2231.755326
-163.1079987,65.46519698,-174.6646874,62.84689074,-172.1371918,63.41952515,2233.259884
-162.7112722,63.93784684,-174.2936544,61.38685761,-171.8099823,61.93387985,2234.766324
-162.32438,62.40630262,-173.9288101,59.92300214,-171.4912872,60.44462204,2236.274961
-161.9481794,60.87076469,-173.5727149,58.45491568,-171.181076,58.95195389,2237.785617
-161.5823966,59.33341353,-173.2301893,56.98159766,-170.8790894,57.45631027,2239.298227
-161.2311036,57.79142001,-172.896583,55.5057186,-170.5856171,55.9585228,2240.811341
-160.8886865,56.2428537,-172.568233,54.0287408,-170.3012543,54.45849609,2242.324376
-160.5598147,54.69120092,-172.2481714,52.54879405,-170.0258789,52.95612717,2243.838537
-160.2440477,53.13648126,-171.9357836,51.06682523,-169.7596283,51.45204544,2245.353072
-159.9405571,51.57559127,-171.6370496,49.58455253,-169.5035553,49.9477272,2246.865149
-159.6507761,50.00700907,-171.3498108,48.10436595,-169.2590637,48.44438934,2248.372948
-159.3735179,48.44081287,-171.0748852,46.6243031,-169.0258942,46.94238663,2249.878328
-159.1097342,46.87646221,-170.8139641,45.14493622,-168.8039703,45.44229507,2251.380529
-158.8596134,45.31229786,-170.5672812,43.6669739,-168.5934601,43.94436264,2252.878936
-158.6256797,43.75393247,-170.3350238,42.19037172,-168.3938599,42.44957733,2254.373693
-158.4065699,42.19668783,-170.1177733,40.71644713,-168.2053528,40.95816803,2255.863542
-158.1939704,40.60233776,-169.9067966,39.20620485,-168.0232849,39.43071365,2257.38845
-157.9942036,39.01117367,-169.7101948,37.69973292,-167.8527985,37.90764236,2258.907696
-157.8093747,37.42539356,-169.5263597,36.19694063,-167.6935883,36.38909531,2260.421691
-157.6395829,35.84298679,-169.357015,34.69808587,-167.5456543,34.87507248,2261.930082
-157.4837759,34.2647406,-169.2069448,33.20269856,-167.408905,33.36558914,2263.432981
-157.3436904,32.69179684,-169.076858,31.71075869,-167.2830811,31.86074066,2264.930581
-157.2149556,31.12069331,-168.9634178,30.22334195,-167.1684875,30.3604393,2266.422317
-157.0935944,29.5172285,-168.8629406,28.70056178,-167.0619812,28.8255291,2267.948409
-156.9823589,27.92625258,-168.7761026,27.18129633,-166.9653473,27.29567337,2269.470154
-156.8799145,26.34412745,-168.7012109,25.66578231,-166.8778229,25.77041435,2270.987517
-156.7845201,24.75883262,-168.6341914,24.15515106,-166.800293,24.24857903,2272.499634
-156.6918286,23.16904031,-168.5691324,22.64940118,-166.7338409,22.72969627,2274.006789
-156.6034562,21.58510638,-168.5057797,21.14657773,-166.6779938,21.21392059,2275.510947
-156.5313524,20.00530677,-168.4481641,19.64570132,-166.6323242,19.70049667,2277.012929
-156.4757048,18.43111818,-168.3974987,18.14650919,-166.5962524,18.18951035,2278.512977
-156.4350232,16.85326789,-168.3618954,16.64950335,-166.5704651,16.68010902,2280.010406
-156.4099282,15.27246008,-168.3372718,15.15318733,-166.5553741,15.1710062,2281.506925
-156.4018517,13.69514517,-168.3267435,13.65066837,-166.5497284,13.65729618,2283.009481
-156.4127406,12.10916164,-168.328927,12.14010731,-166.5536804,12.13549709,2284.520044
-156.4430914,10.52066113,-168.3476906,10.61938347,-166.5663757,10.6046114,2286.040883
-156.4866063,8.967999645,-168.3782995,9.12809382,-166.5865784,9.103972435,2287.532487
-156.5436909,7.40972288,-168.4211111,7.627092365,-166.614212,7.594024181,2289.034099
-156.6195901,5.841213884,-168.4747223,6.116219322,-166.6494751,6.073878765,2290.545923
-156.7122211,4.261649205,-168.539481,4.595602961,-166.692688,4.543457031,2292.067917
-156.8232118,2.701205769,-168.6178131,3.108210122,-166.7444458,3.043564558,2293.557371
-156.9502399,1.130814083,-168.711885,1.61276301,-166.8062744,1.534678102,2295.055774
-157.0877575,-0.447791736,-168.821372,0.109613404,-166.8783569,0.017310508,2296.562906
-157.2333234,-2.0344828,-168.9453166,-1.402256047,-166.9607697,-1.509384155,2298.079848
-157.3901453,-3.622907387,-169.0807623,-2.924092737,-167.0525818,-3.045328617,2299.6077
-157.5513061,-5.175328714,-169.2241321,-4.411204226,-167.1508789,-4.546923161,2301.101706
-157.7204569,-6.730863181,-169.3839568,-5.903218446,-167.2578278,-6.054089069,2302.602256
-157.8988239,-8.281539634,-169.5542147,-7.401881672,-167.3719788,-7.566579819,2304.11056
-158.0816568,-9.827569716,-169.7329244,-8.907593148,-167.4918365,-9.084547997,2305.62684
-158.2694181,-11.37410116,-169.918948,-10.41953101,-167.616684,-10.60818005,2307.150178
-158.4625903,-12.92218352,-170.1153489,-11.93665731,-167.7459869,-12.13704491,2308.679964
-158.6604997,-14.475552,-170.3142764,-13.45878974,-167.879837,-13.67118835,2310.215041
-158.8562052,-15.99609794,-170.5129895,-14.94220478,-168.0151672,-15.1680336,2311.711706
-159.0584381,-17.5182561,-170.7161639,-16.4283494,-168.1553802,-16.66776276,2313.211675
-159.261722,-19.03754344,-170.9198543,-17.91343319,-168.2998505,-18.1660614,2314.710662
-159.4677809,-20.55443098,-171.123433,-19.39505462,-168.4485626,-19.66112137,2316.206204
-159.6815446,-22.11099359,-171.3305721,-20.91496738,-168.6060181,-21.19470215,2317.740167
-159.8966493,-23.65969981,-171.5375549,-22.43144627,-168.7673492,-22.72373581,2319.270706
-160.1140026,-25.20619239,-171.7458051,-23.94258454,-168.9329529,-24.24815559,2320.796126
-160.3314623,-26.74588031,-171.9572899,-25.44871097,-169.1024475,-25.76724434,2322.317028
-160.5508744,-28.27968575,-172.1689167,-26.94966245,-169.2757263,-27.28087234,2323.832825
-160.7704447,-29.80867681,-172.3814146,-28.44490049,-169.4528503,-28.78887749,2325.343088
-160.9901112,-31.33094659,-172.5924876,-29.93393337,-169.6336212,-30.29020309,2326.847006
-161.2097454,-32.84360516,-172.8042711,-31.41594512,-169.8175201,-31.78371048,2328.344074
-161.4352209,-34.39155558,-173.0214421,-32.93039316,-170.010025,-33.31016922,2329.874014
-161.660467,-35.93171597,-173.2382384,-34.43397583,-170.2061462,-34.82621765,2331.393145
-161.8826911,-37.45975178,-173.454318,-35.92281056,-170.4055786,-36.32774353,2332.897579
-162.1035269,-38.971826,-173.6676702,-37.39793217,-170.6079102,-37.8143692,2334.388049
-162.3297641,-40.5107345,-173.886954,-38.90034698,-170.8188019,-39.3278656,2335.906383
-162.5534913,-42.03977853,-174.1061762,-40.39211433,-171.0330963,-40.83040237,2337.414172
-162.7757473,-43.55512569,-174.3239694,-41.87491608,-171.2501373,-42.32214355,2338.912883
-163.0014018,-45.09599115,-174.5469644,-43.3875979,-171.4750519,-43.84214783,2340.441913
-163.2258913,-46.62650332,-174.7694757,-44.88951129,-171.7021027,-45.35106659,2341.96022
-163.448441,-48.14725697,-174.9920434,-46.38066161,-171.9313507,-46.84906006,2343.467888
-163.6682389,-49.65634715,-175.2130314,-47.86220739,-172.1624756,-48.33628464,2344.965825
-163.8918951,-51.19336804,-175.4377957,-49.37146543,-172.4014282,-49.85059357,2346.491728
-164.1144884,-52.72025402,-175.6621101,-50.87047833,-172.6422882,-51.35421371,2348.007431
-164.33605,-54.24041178,-175.8841228,-52.35944216,-172.8855743,-52.8478508,2349.512855
-164.5554859,-55.7493305,-176.1040748,-53.84028046,-173.1308746,-54.33176804,2351.00994
-164.7775888,-57.28562321,-176.3293509,-55.34916544,-173.3841858,-55.84287262,2352.535549
-164.9980929,-58.81028601,-176.5523511,-56.84973564,-173.638916,-57.34409332,2354.052598
-165.2175288,-60.32787881,-176.7752293,-58.34063566,-173.895401,-58.83579636,2355.560066
-165.435875,-61.83851113,-176.9965386,-59.82334795,-174.1539154,-60.31885147,2357.059203
-165.6596508,-63.3829064,-177.2203716,-61.33430698,-174.4217377,-61.83023453,2358.586652
-165.882833,-64.93156746,-177.4431691,-62.84477188,-174.6944427,-63.34095383,2360.11346
-166.1022543,-66.45235388,-177.6617405,-64.32833252,-174.9668579,-64.82350922,2361.613035
-166.3220407,-67.97698297,-177.8816027,-65.82402104,-175.2446747,-66.3151474,2363.124797
-166.5421739,-69.5062837,-178.1014324,-67.32972852,-175.5269928,-67.81448364,2364.646467
-166.7633936,-71.04164926,-178.3218687,-68.84206072,-175.813385,-69.31942749,2366.17478
-166.9823319,-72.57717609,-178.5417445,-70.35481415,-176.1026001,-70.82375336,2367.703429
-167.2021606,-74.11050943,-178.7601963,-71.86354315,-176.394165,-72.32351685,2369.227891
-167.4204917,-75.63386219,-178.9775445,-73.36591462,-176.6869354,-73.81542206,2370.745903
-167.6361386,-77.14642798,-179.1935627,-74.85744582,-176.9801331,-75.29582214,2372.252996
-167.854663,-78.68108288,-179.4121866,-76.36962519,-177.2801666,-76.79602051,2373.780897
-168.071798,-80.19964677,-179.6261012,-77.86666229,-177.5797729,-78.27984619,2375.293141
-168.2908757,-81.73840032,-179.84459,-79.38291342,-177.8860626,-79.78220367,2376.825053
-168.5071528,-83.25126714,-180.0606823,-80.88513315,-178.1903839,-81.26816559,2378.342735
-168.7170617,-84.73593665,-180.2741867,-82.37380719,-178.49086,-82.73829651,2379.846642
-168.9254216,-86.21691336,-180.4921919,-83.88404663,-178.7911377,-84.22712708,2381.372535
-169.1307454,-87.67436108,-180.7068021,-85.37846406,-179.0833435,-85.70044708,2382.882283
-169.3408592,-89.16311001,-180.9238949,-86.8870282,-179.3762665,-87.19113922,2384.406388
-169.5484353,-90.63432727,-181.1380828,-88.37820218,-179.6632385,-88.66530609,2385.912866
-169.7573441,-92.11662831,-181.3552172,-89.88523591,-179.9499664,-90.1556015,2387.435462
-169.9602152,-93.56157241,-181.5698107,-91.3772631,-180.2273407,-91.62984467,2388.942842
-170.1615205,-94.99720318,-181.7870903,-92.8864383,-180.4979858,-93.12049103,2390.467578
-170.3689646,-96.47028147,-182.0044523,-94.40596736,-180.7650604,-94.62585449,2392.002575
-170.5715784,-97.90940421,-182.2200882,-95.91011414,-181.020813,-96.11595154,2393.5221
-170.7725035,-99.33962554,-182.4359709,-97.41174018,-181.2669373,-97.60497284,2395.039165
-170.9743261,-100.7741333,-182.6514729,-98.91786386,-181.5046234,-99.10017395,2396.560628
-171.1809205,-102.230771,-182.8675917,-100.4298026,-181.7363892,-100.604126,2398.087935
-171.3914883,-103.7175439,-183.0844937,-101.9481664,-181.9653931,-102.1175079,2399.621713
-171.602832,-105.2073828,-183.2955337,-103.4415887,-182.1905518,-103.6084595,2401.129973
-171.8135711,-106.6906301,-183.5103498,-104.9453233,-182.4144287,-105.1088486,2402.648974
-172.0230593,-108.1718564,-183.7264552,-106.4605334,-182.6354065,-106.6200714,2404.179517
-172.2329901,-109.6500927,-183.93612,-107.9560636,-182.8515167,-108.11306,2405.689673
-172.4411188,-111.1188102,-184.1517823,-109.4657634,-183.0641327,-109.6192932,2407.214699
-172.6498681,-112.5938483,-184.3630777,-110.9538969,-183.2723694,-111.1066055,2408.717758
-172.8599587,-114.0744074,-184.5748576,-112.4554984,-183.4796906,-112.606842,2410.23422
-173.0712428,-115.5690002,-184.790271,-113.9684142,-183.6862488,-114.1192017,2411.762394
-173.2822115,-117.0658397,-185.0005348,-115.4559286,-183.8908386,-115.6083832,2413.264696
-173.4926935,-118.5593083,-185.2132702,-116.9536337,-184.0960999,-117.1066818,2414.777434
-173.7067377,-120.0705207,-185.4260711,-118.4514462,-184.3033142,-118.6065598,2416.290288
-173.9172452,-121.5681242,-185.6373015,-119.9412797,-184.5102997,-120.0977173,2417.795021
-174.1315597,-123.0872238,-185.8498428,-121.4487274,-184.7212677,-121.6065292,2419.317379
-174.3426981,-124.5779984,-186.0610645,-122.9409578,-184.9297638,-123.098999,2420.824484
-174.5556931,-126.0927611,-186.2756045,-124.4483458,-185.1414185,-124.6074829,2422.347063
-174.7708258,-127.6092938,-186.4869734,-125.9374248,-185.3542633,-126.0990601,2423.851068
-174.9826648,-129.1137731,-186.7017369,-127.4447054,-185.5688934,-127.6060486,2425.373572
-175.1935063,-130.6056867,-186.9104948,-128.9353275,-185.7813416,-129.0962982,2426.878741
-175.4045373,-132.0983941,-187.1245495,-130.4416572,-185.9941101,-130.6014557,2428.400204
-175.6150475,-133.5849186,-187.335168,-131.9316409,-186.2042542,-132.0911713,2429.905
-175.8261979,-135.0892263,-187.5509981,-133.4482122,-186.4164124,-133.6070099,2431.436852
-176.0410872,-136.6073897,-187.766244,-134.9627956,-186.628952,-135.1223145,2432.966654
-176.2489157,-138.0748944,-187.9769949,-136.4500857,-186.8348236,-136.6083221,2434.468802
-176.4550215,-139.5383836,-188.1877054,-137.9414657,-187.0375824,-138.0980072,2435.974994
-176.6627868,-141.0010339,-188.3993395,-139.4394638,-187.2366486,-139.594162,2437.487868
-176.870823,-142.4647328,-188.6123798,-140.9465214,-187.4312592,-141.0992432,2439.009909
-177.080487,-143.9367361,-188.8257962,-142.4630418,-187.6213379,-142.6141663,2440.541372
-177.2852205,-145.3689449,-189.0372342,-143.9587081,-187.8004913,-144.1071167,2442.05191
-177.492247,-146.811002,-189.2485969,-145.4648323,-187.9726868,-145.6109314,2443.572792
-177.698308,-148.2287331,-189.4631095,-146.9864127,-188.1327667,-147.1268921,2445.109419
-177.9018646,-149.6178945,-189.6744522,-148.489207,-188.2762299,-148.6232605,2446.627002
-178.1051586,-151.0041722,-189.8872925,-150.0071015,-188.4039612,-150.1326294,2448.159746
-178.3122704,-152.3778519,-190.1036284,-151.5425918,-188.5118256,-151.6553497,2449.710401
-178.5227743,-153.7555256,-190.3163033,-153.0554312,-188.6009827,-153.1572571,2451.238116
-178.7408546,-155.1329037,-190.5312195,-154.5855809,-188.6712952,-154.6719208,2452.783285
-178.9629504,-156.5433072,-190.7460034,-156.1275303,-188.725174,-156.1988373,2454.340122
-179.179637,-157.9300618,-190.9594535,-157.6514786,-188.7607574,-157.703476,2455.878946
-179.4031591,-159.3241896,-191.1739767,-159.1930618,-188.7776489,-159.2197571,2457.435384
-179.6313969,-160.7340441,-191.3892639,-160.7497929,-188.7756042,-160.7462921,2459.006931
-179.8416699,-162.1226039,-191.6025151,-162.2878894,-188.7545013,-162.2478638,2460.55974
-180.0365044,-163.5192403,-191.8170944,-163.8436853,-188.7129059,-163.758194,2462.130264
-180.218179,-164.9252818,-192.02875,-165.4122384,-188.6504517,-165.2729492,2463.713033
-180.386497,-166.3389651,-192.2349889,-166.9888597,-188.5673676,-166.7876892,2465.303086
-180.5332656,-167.7581268,-192.4383795,-168.5713899,-188.4640656,-168.2998962,2466.898633
-180.668776,-169.1758858,-192.6336012,-170.160164,-188.3400879,-169.8069611,2468.499356
-180.7954289,-170.5889188,-192.8120386,-171.7477194,-188.1958618,-171.3025665,2470.096908
-180.893884,-172.0267838,-192.9869365,-173.3663951,-188.0280914,-172.8170776,2471.725005
-180.9668987,-173.4541717,-193.1515253,-174.9811584,-187.8403015,-174.3155518,2473.348135
-180.9902053,-174.9036685,-193.2641207,-176.6193532,-187.6283875,-175.8315735,2474.990194
-180.9860704,-176.3420127,-193.2703883,-178.2371196,-187.3970642,-177.3310394,2476.607973
-180.9470896,-177.7654883,-193.2029478,-179.8377306,-187.1463776,-178.8136749,2478.210004
-180.8832141,-179.2075863,-193.089563,-181.4588856,-186.8700714,-180.3117828,2479.835119
-180.7953318,-180.6376869,-192.9526535,-183.0669211,-186.5742188,-181.7924042,2481.448973
-180.6706157,-182.0854147,-192.7756805,-184.6917051,-186.2523804,-183.2872009,2483.083366
-180.5252659,-183.5175948,-192.5613585,-186.302503,-185.9107513,-184.7636871,2484.70836
-180.3482667,-184.9306146,-192.3068428,-187.8996093,-185.5487518,-186.221756,2486.325619
-180.1431357,-186.3571764,-192.0072013,-189.5144325,-185.1575928,-187.6916199,2487.968007
-179.9116465,-187.7667353,-191.6749769,-191.1138081,-184.7449188,-189.1419678,2489.601523
-179.6412253,-189.1904166,-191.3146752,-192.7272788,-184.3023529,-190.6026611,2491.254734
-179.3488263,-190.6006102,-190.9250256,-194.320577,-183.8393097,-192.0436096,2492.894986
-179.0275132,-191.9985499,-190.5068937,-195.9023768,-183.354248,-193.4699554,2494.531117
-178.6748811,-193.3913303,-190.0594524,-197.4796284,-182.8447418,-194.8887634,2496.170606
-178.3024043,-194.7905513,-189.580847,-199.0521147,-182.3097229,-196.304718,2497.814314
-177.9076982,-196.1953951,-189.0731584,-200.6273373,-181.7480469,-197.7197571,2499.469329
-177.4851355,-197.6028167,-188.5397985,-202.2070664,-181.1593781,-199.1331329,2501.136667
-177.0479159,-198.9823874,-187.9944507,-203.7586171,-180.5570831,-200.5135193,2502.781269
-176.5844207,-200.362142,-187.4251753,-205.3017784,-179.9311981,-201.8871155,2504.426085
-176.0990073,-201.7367048,-186.8278472,-206.8374937,-179.28302,-203.250473,2506.073879
-175.5745597,-203.121565,-186.1944423,-208.3839031,-178.603241,-204.6223297,2507.744981
-175.0233334,-204.485409,-185.5372978,-209.9087175,-177.9066925,-205.972702,2509.405372
-174.4453155,-205.8270062,-184.8474468,-211.4080142,-177.1937103,-207.30159,2511.055761
-173.8297488,-207.1728047,-184.1064298,-212.9102263,-176.4491577,-208.6352081,2512.730798
-173.1928352,-208.4957915,-183.3344176,-214.3909235,-175.6873322,-209.9458008,2514.400668
-172.532,-209.7965121,-182.5414317,-215.8486632,-174.9086914,-211.2335663,2516.060135
-171.8278934,-211.0971313,-181.7139101,-217.3108348,-174.0977325,-212.5238037,2517.740236
-171.1022198,-212.3781626,-180.862442,-218.75259,-173.2687378,-213.7931213,2519.414648
-170.3467388,-213.6509511,-179.9908845,-220.1909506,-172.4143372,-215.0530548,2521.096461
-169.5759889,-214.9043436,-179.1149772,-221.610854,-171.5454102,-216.2889709,2522.764795
-168.7909244,-216.1434279,-178.2307044,-223.0092936,-170.6616364,-217.5040588,2524.419356
-167.958834,-217.3781877,-177.3078084,-224.4138363,-169.7448578,-218.7222748,2526.099974
-167.0709621,-218.5582173,-176.360089,-225.7922602,-168.8149414,-219.9163666,2527.772763
-166.1121474,-219.7041414,-175.3750855,-227.1762337,-167.8532104,-221.1085968,2529.471473
-165.1181504,-220.7960044,-174.3743467,-228.519962,-166.8842621,-222.2697601,2531.146909
-164.1224249,-221.8920211,-173.3269927,-229.8406322,-165.8913422,-223.4195709,2532.832471
-163.1458089,-223.0098566,-172.2311394,-231.1387146,-164.8742523,-224.5563354,2534.531268
-162.1789398,-224.1405911,-171.1001314,-232.4191226,-163.8344574,-225.6768494,2536.239666
-161.2065371,-225.2626403,-169.9412951,-233.6781004,-162.7763672,-226.7750854,2537.950785
-160.2103783,-226.3520491,-168.7624544,-234.9070479,-161.7044525,-227.8466339,2539.653717
-159.1969033,-227.4142016,-167.5685632,-236.1082622,-160.6193848,-228.8914642,2541.34732
-158.1487805,-228.4755215,-166.3389781,-237.309153,-159.4982147,-229.9309692,2543.066046
-157.0872235,-229.5102931,-165.0942871,-238.4905128,-158.3640137,-230.9422607,2544.782107
-156.0049143,-230.51194,-163.8355215,-239.6417758,-157.217453,-231.9256592,2546.487949
-154.907789,-231.4854036,-162.5591282,-240.7647861,-156.0586548,-232.8811493,2548.188047
-153.7726633,-232.4506483,-161.2424812,-241.8804792,-154.8635864,-233.8278198,2549.913831
-152.6227231,-233.3875114,-159.9132688,-242.9641044,-153.657135,-234.7462769,2551.62878
-151.4592097,-234.292326,-158.5596244,-244.0256075,-152.4387512,-235.6350861,2553.348995
-150.2804516,-235.1673269,-157.1934569,-245.0527736,-151.2089691,-236.4950867,2555.05823
-149.0584287,-236.0351998,-155.8053401,-246.0597137,-149.9419098,-237.3478699,2556.773105
-147.8221708,-236.8828279,-154.3943232,-247.0400106,-148.6598358,-238.1774292,2558.491229
-146.5669393,-237.7048635,-152.9561404,-247.9957957,-147.3609924,-238.9838257,2560.218046
-145.3194108,-238.487833,-151.5219465,-248.9032701,-146.0719299,-239.7514801,2561.915226
-144.0570263,-239.2497174,-150.0584751,-249.7831287,-144.7666321,-240.4951782,2563.622827
-142.7706589,-239.9797267,-148.5845246,-250.6250323,-143.4460602,-241.2164001,2565.320276
-141.4684344,-240.6878189,-147.0923587,-251.4375208,-142.1105194,-241.9151154,2567.019304
-140.1525662,-241.3771085,-145.5831415,-252.2175476,-140.7608032,-242.5912628,2568.718179
-138.8195176,-242.0393311,-144.0568604,-252.9689593,-139.3971252,-243.2447205,2570.419401
-137.4689644,-242.6736084,-142.5157837,-253.6874129,-138.0198517,-243.875824,2572.119722
-136.1009821,-243.2751132,-140.9513622,-254.3735603,-136.6291351,-244.4836121,2573.828
-134.7165079,-243.8444001,-139.3672842,-255.0291391,-135.2250671,-245.0674438,2575.542376
-133.3171634,-244.3862907,-137.7721053,-255.6518759,-133.8081055,-245.6277771,2577.2548
-131.9054885,-244.9040621,-136.164732,-256.2436018,-132.378952,-246.1645813,2578.967631
-130.4804216,-245.3880021,-134.5332125,-256.8078442,-130.937561,-246.6761169,2580.693964
-129.0711178,-245.8325129,-132.9377432,-257.3293694,-129.5156708,-247.1543274,2582.372508
-127.6548832,-246.2495909,-131.3151657,-257.830242,-128.0838776,-247.6068726,2584.070634
-126.2280453,-246.6455108,-129.7034544,-258.30109,-126.6428223,-248.0365601,2585.749714
-124.7929946,-247.0080369,-128.0663917,-258.7443267,-125.1926727,-248.4410248,2587.445719
-123.34864,-247.3431732,-126.4233931,-259.1545497,-123.7333298,-248.8209229,2589.139156
-121.8963481,-247.6528477,-124.7746246,-259.5336275,-122.26548,-249.1765289,2590.830941
-120.4409336,-247.9464273,-123.1050425,-259.8814452,-120.7890778,-249.5060883,2592.536368
-118.9761072,-248.2108637,-121.4349795,-260.1935867,-119.3044052,-249.8107452,2594.235351
-117.5064008,-248.4502138,-119.746725,-260.4732132,-117.8117447,-250.0888824,2595.946606
-116.0288902,-248.6607635,-118.0583194,-260.7189098,-116.3117371,-250.3413391,2597.652795
-114.5462005,-248.8487636,-116.3635189,-260.9345852,-114.8047104,-250.5679474,2599.361264
-113.0565567,-249.0040167,-114.6654464,-261.1153736,-113.2910233,-250.7690277,2601.068933
-111.5631808,-249.1319365,-112.9573951,-261.2602494,-111.7714539,-250.9437103,2602.783118
-110.0963294,-249.2318077,-111.2829362,-261.3690754,-110.2779694,-251.0897217,2604.461109
-108.6248212,-249.294834,-109.6055751,-261.4434769,-108.7794876,-251.2106934,2606.140119
-107.1499691,-249.3294552,-107.9281242,-261.4815444,-107.2765961,-251.3069305,2607.818002
-105.6715127,-249.3381909,-106.2541275,-261.481388,-105.7694397,-251.3792419,2609.491999
-104.1907214,-249.3104455,-104.5783167,-261.4458038,-104.2583389,-251.4275055,2611.168187
-102.7086801,-249.2520516,-102.900479,-261.372561,-102.7434845,-251.4514771,2612.847623
-101.2239516,-249.1714779,-101.2301479,-261.2612883,-101.2251205,-251.4522552,2614.521656
-99.73760036,-249.0590461,-99.56305823,-261.1145408,-99.70326996,-251.4302216,2616.195192
-98.24930972,-248.9243498,-97.90250914,-260.9384354,-98.17824554,-251.3862,2617.865054
-96.76034584,-248.7613631,-96.24576315,-260.7305205,-96.65032196,-251.3205109,2619.534795
-95.30244579,-248.5707637,-94.63095877,-260.499501,-95.15240479,-251.2361908,2621.166041
-93.84624042,-248.3436353,-93.01791513,-260.243247,-93.65216064,-251.1317596,2622.799312
-92.39070688,-248.0847778,-91.40892556,-259.9650555,-92.14916992,-251.0075531,2624.432174
-90.93747625,-247.7955685,-89.79936641,-259.6592937,-90.64320374,-250.8630829,2626.070518
-89.48662714,-247.4687573,-88.1945561,-259.3233532,-89.13459015,-250.6986542,2627.710113
-88.03955682,-247.1017874,-86.59410858,-258.9582224,-87.62351227,-250.5144348,2629.351683
-86.59692922,-246.694786,-85.00015377,-258.5599307,-86.11029816,-250.310791,2630.994647
-85.15747141,-246.2617853,-83.4139462,-258.1261087,-84.59516907,-250.0881348,2632.639109
-83.75127686,-245.8291154,-81.8687796,-257.6649548,-83.11141205,-249.8521423,2634.251623
-82.34664558,-245.3871054,-80.33130415,-257.1714581,-81.62647247,-249.5981903,2635.866359
-80.94670407,-244.9222734,-78.80066261,-256.6462815,-80.14057922,-249.3262024,2637.48459
-79.55529167,-244.4187327,-77.27697385,-256.08818,-78.65383911,-249.0359344,2639.107275
-78.17213934,-243.8792193,-75.76197644,-255.499588,-77.16657257,-248.7274628,2640.732592
-76.79658137,-243.310416,-74.2559277,-254.8799894,-75.67875671,-248.4007416,2642.361115
-75.42950204,-242.7066485,-72.76733396,-254.2006977,-74.19051361,-248.0560455,2643.997375
-74.07147899,-242.0707675,-71.29078851,-253.4869635,-72.70193481,-247.6934662,2645.637376
-72.75885694,-241.4066132,-69.84264758,-252.8109381,-71.24641418,-247.3212738,2647.235539
-71.45670473,-240.7138679,-68.38209639,-252.1917478,-69.79118347,-246.9314575,2648.82192
-70.1616962,-240.0068614,-66.90744897,-251.6261523,-68.33641815,-246.5240173,2650.401313
-68.87309898,-239.2972844,-65.4276752,-251.069324,-66.88253021,-246.0984955,2651.982385
-67.59189621,-238.572439,-63.96128095,-250.4655021,-65.42978668,-245.655014,2653.568233
-66.31850443,-237.8355188,-62.51454885,-249.7967005,-63.97849274,-245.1934662,2655.162074
-65.05175739,-237.0901611,-61.07728973,-249.1002899,-62.52890778,-244.7137604,2656.759166
-63.79523043,-236.3257958,-59.64536996,-248.3903455,-61.08128738,-244.2158203,2658.357419
-62.57395976,-235.5665204,-58.24889296,-247.6913474,-59.66843033,-243.7118378,2659.919068
-61.35115999,-234.8135963,-56.85751178,-246.9817003,-58.25748825,-243.1907806,2661.480971
-60.12725321,-234.0642389,-55.4726379,-246.2568236,-56.8484726,-242.6528778,2663.044084
-58.90304711,-233.3187962,-54.09164551,-245.5219011,-55.44154739,-242.0981598,2664.608453
-57.67481512,-232.5739861,-52.71542046,-244.7794984,-54.0368309,-241.5273895,2666.172153
-56.44214495,-231.8259329,-51.34664044,-244.0224379,-52.6339035,-240.9412689,2667.736346
-55.20585262,-231.0811491,-49.98397629,-243.2500226,-51.23271942,-240.3399963,2669.302704
-53.97227236,-230.3330031,-48.62667961,-242.4603506,-49.83322144,-239.723114,2670.873002
-52.73268774,-229.5836985,-47.27732751,-241.652328,-48.43507004,-239.0911102,2672.445787
-51.51335738,-228.8493177,-45.95975676,-240.8627872,-47.07040405,-238.4602509,2673.98181
-50.28545428,-228.1174106,-44.63761702,-240.0802703,-45.70646286,-237.8163147,2675.518165
-49.05205108,-227.3784143,-43.31578634,-239.2930795,-44.3428421,-237.1598053,2677.05664
-47.816585,-226.6391384,-41.99117011,-238.5030786,-42.97945404,-236.4903564,2678.598947
-46.56743831,-225.8992127,-40.66523043,-237.7127855,-41.61624527,-235.8092804,2680.14254
-45.32293821,-225.1572408,-39.33228138,-236.9258074,-40.25370026,-235.1156921,2681.69047
-44.08213037,-224.4205143,-37.99768692,-236.1310724,-38.89266205,-234.4085388,2683.243772
-42.87276956,-223.6980369,-36.69200027,-235.3538205,-37.5662384,-233.7051697,2684.763291
-41.65472959,-222.9696637,-35.38456042,-234.5756394,-36.24149323,-232.9894714,2686.284791
-40.4339928,-222.2431492,-34.07484847,-233.7956703,-34.91926193,-232.2616425,2687.809159
-39.20653445,-221.5083701,-32.76312495,-233.0145297,-33.59882355,-231.5222015,2689.335855
-37.97606629,-220.7706246,-31.44966786,-232.230859,-32.28071213,-230.7715607,2690.865335
-36.74109466,-220.0306985,-30.13415202,-231.4439653,-30.96447372,-230.009613,2692.398235
-35.49462205,-219.2882565,-28.81759363,-230.6551874,-29.65027237,-229.2376404,2693.932998
-34.24425321,-218.5401769,-27.49868857,-229.8652901,-28.33806992,-228.4560547,2695.470349
-32.98645382,-217.7894666,-26.17270672,-229.0811635,-27.02722931,-227.6650543,2697.01083
-31.71296864,-217.0288776,-24.85042403,-228.2881967,-25.71697426,-226.8664551,2698.552656
-30.46471364,-216.2889786,-23.55586398,-227.5140169,-24.43867683,-226.0796814,2700.061046
-29.21128184,-215.5438475,-22.25894811,-226.7383092,-23.16085243,-225.286087,2701.572242
-27.94564766,-214.7909247,-20.95968564,-225.962114,-21.88240433,-224.4866028,2703.085702
-26.67410967,-214.034016,-19.65786718,-225.1840153,-20.60323143,-223.6816711,2704.602333
-25.38598517,-213.271519,-18.35620861,-224.4049183,-19.32320213,-222.8734436,2706.119339
-24.09508558,-212.5024577,-17.05273587,-223.6250943,-18.04218674,-222.0623627,2707.638275
-22.79804487,-211.7298743,-15.74869659,-222.8433235,-16.75996399,-221.2490387,2709.158698
-21.49722757,-210.9597014,-14.44237018,-222.0603122,-15.47640514,-220.4332886,2710.681719
-20.18952204,-210.1803137,-13.13246621,-221.2819051,-14.1912365,-219.616333,2712.205454
-18.87140938,-209.4004753,-11.82465301,-220.4992268,-12.90408611,-218.7991028,2713.72958
-17.54793239,-208.6115646,-10.51556479,-219.7168304,-11.61402702,-217.9821777,2715.254656
-16.22512431,-207.8245744,-9.204970302,-218.9321737,-10.32162094,-217.1653595,2716.782184
-14.9006244,-207.0397416,-7.891640785,-218.1475782,-9.026909828,-216.3484039,2718.312029
-13.56642734,-206.2453991,-6.579184855,-217.3627777,-7.729288101,-215.5328522,2719.841229
-12.25622859,-205.470228,-5.257390581,-216.5776373,-6.431127548,-214.7148743,2721.378625
-10.96272669,-204.7015832,-3.932068331,-215.7871895,-5.13392067,-213.8921661,2722.921766
-9.632761465,-203.9090548,-2.613592012,-215.000266,-3.835066795,-213.0701752,2724.457223
-8.288091128,-203.1115601,-1.296442472,-214.2150983,-2.53345561,-212.2505798,2725.990642
-6.994026156,-202.3412788,-0.006221764,-213.4483364,-1.262730479,-211.4511261,2727.491506
-5.675888917,-201.5597126,1.278843571,-212.6838142,0.010505121,-210.6551056,2728.986794
-4.36118076,-200.7761242,2.565877129,-211.9197326,1.286650658,-209.8618317,2730.483549
-3.041397622,-199.9886163,3.852295361,-211.1559194,2.565939903,-209.072113,2731.979638
-1.720476153,-199.2068268,5.139699116,-210.391419,3.848121166,-208.285675,2733.476926
-0.398952397,-198.4192608,6.428033815,-209.6284534,5.133431911,-207.5028534,2734.974231
0.921164947,-197.6334532,7.717004893,-208.8646145,6.421439648,-206.7234955,2736.472529
2.244192644,-196.8503514,9.006617579,-208.1010812,7.712253571,-205.9476318,2737.971223
3.564224876,-196.064614,10.2966541,-207.3365759,9.005670547,-205.1751099,2739.470777
4.879792556,-195.2813797,11.58735451,-206.5703374,10.30103779,-204.4054413,2740.971786
6.187469654,-194.5042168,12.88182109,-205.805074,11.59770203,-203.6373291,2742.475539
7.491225957,-193.7315195,14.17601638,-205.0363934,12.89508247,-202.870163,2743.9808
8.798172729,-192.9532152,15.47184496,-204.2722331,14.19373989,-202.1044769,2745.485164
10.10331805,-192.1763464,16.76851344,-203.5085293,15.49317455,-201.3401947,2746.990021
11.413763,-191.3953096,18.06041669,-202.7388482,16.79420662,-200.5778656,2748.493824
12.72030984,-190.6214809,19.34861584,-201.9597505,18.09591103,-199.8168945,2749.999297
14.01739724,-189.8482996,20.6299473,-201.1651897,19.39768219,-199.0562592,2751.50699
15.31017738,-189.0782048,21.90727569,-200.3610331,20.69935799,-198.295166,2753.016372
16.59151407,-188.3167821,23.18364891,-199.5491147,21.99979782,-197.5319519,2754.529098
17.88370038,-187.5462999,24.44623855,-198.7216795,23.29942703,-196.7687683,2756.038662
19.16337305,-186.7828643,25.7058751,-197.883683,24.59778214,-196.0035553,2757.55158
20.4572382,-186.0104637,26.96211442,-197.0485691,25.89557076,-195.2387543,2759.060074
21.74171299,-185.2467925,28.21862956,-196.2099784,27.19225883,-194.4726868,2760.570724
23.02367451,-184.481041,29.47266976,-195.3687308,28.48749924,-193.7054901,2762.080795
24.30566244,-183.7155963,30.725951,-194.5279413,29.78137779,-192.9371948,2763.589981
25.58907628,-182.9486052,31.97853805,-193.688495,31.07404327,-192.1681519,2765.097841
26.87575848,-182.1811914,33.22735467,-192.8460529,32.36553574,-191.3989868,2766.604245
28.1450001,-181.421858,34.47768968,-192.002705,33.65460587,-190.6274719,2768.112414
29.40207138,-180.6687718,35.73218569,-191.1657991,34.94008255,-189.8522797,2769.62045
30.67940197,-179.9073754,37.02584831,-190.3185143,36.25356293,-189.0516052,2771.166882
31.94059386,-179.152217,38.32529737,-189.4802667,37.56074905,-188.243515,2772.713242
33.19620194,-178.4044622,39.62958317,-188.6514478,38.86096191,-187.4272003,2774.25859
34.44540979,-177.6585007,40.93035596,-187.8186294,40.15381622,-186.602005,2775.803128
35.69232621,-176.9151659,42.2276651,-186.982899,41.43890381,-185.767807,2777.346325
36.93573588,-176.1753223,43.52562392,-186.1498447,42.71585083,-184.9241638,2778.88862
38.17879377,-175.4360354,44.83008302,-185.328674,43.98458099,-184.0711365,2780.430027
39.41937258,-174.7014678,46.14215358,-184.518868,45.24466705,-183.208252,2781.971882
40.64982634,-173.9696727,47.46208831,-183.7182104,46.49511337,-182.3344421,2783.515669
41.87736344,-173.2466054,48.78600877,-182.9204827,47.73508072,-181.4489136,2785.061352
43.10495461,-172.5250282,50.10474634,-182.113033,48.96459198,-180.5513,2786.607652
44.33523787,-171.811635,51.42450781,-181.3022319,50.18347168,-179.6408234,2788.156577
45.56399418,-171.1061156,52.74605379,-180.486751,51.39072037,-178.7165222,2789.709475
46.79234693,-170.4032187,54.06795159,-179.6649689,52.58556366,-177.7779083,2791.26599
48.01695207,-169.6947855,55.39050493,-178.8370999,53.76743698,-176.8246918,2792.826283
49.24477356,-168.9856659,56.71406417,-178.0034931,54.93599701,-175.8567963,2794.39048
50.47419914,-168.2687342,58.03858084,-177.1647822,56.09117126,-174.8745422,2795.95821
51.69566666,-167.5414086,59.36633093,-176.3197551,57.23222351,-173.8774719,2797.532056
52.90829062,-166.8037374,60.69832441,-175.4677548,58.35819626,-172.8650818,2799.11323
54.11815344,-166.0559271,62.03245316,-174.6078741,59.46860886,-171.8374634,2800.700459
55.32098173,-165.2942945,63.36611786,-173.7352151,60.56309509,-170.7942963,2802.294258
56.51525491,-164.51734,64.70607988,-172.8562069,61.64089966,-169.7356262,2803.896804
57.70697049,-163.7326028,66.0500448,-171.9662179,62.70116043,-168.6612701,2805.508735
58.89106312,-162.9308725,67.37571003,-171.0447303,63.74352264,-167.5712738,2807.12321
60.058155,-162.1000808,68.66285368,-170.077054,64.76792145,-166.4662628,2808.733531
61.20247826,-161.238904,69.91905002,-169.0709544,65.77401733,-165.3465424,2810.342962
62.32729653,-160.3494838,71.15327511,-168.0385115,66.76177979,-164.2127228,2811.952076
63.42715833,-159.4308178,72.37237744,-166.9842293,67.7309494,-163.0649719,2813.563821
64.51300901,-158.4905316,73.57058881,-165.9073663,68.68161011,-161.904007,2815.174828
65.60829242,-157.5025736,74.77692621,-164.7810479,69.6368866,-160.7006531,2816.825235
66.68377871,-156.4904637,75.95390835,-163.6267456,70.5730896,-159.4845123,2818.47378
67.73771281,-155.4532522,77.1012558,-162.4473493,71.49045563,-158.2563629,2820.119193
68.76705204,-154.39278,78.22169288,-161.2415226,72.3887558,-157.0162659,2821.765217
69.77366687,-153.3110305,79.31951191,-160.0143485,73.26769257,-155.7646179,2823.411778
70.75950404,-152.2103438,80.39107622,-158.7645382,74.12697601,-154.5018768,2825.05807
71.72059765,-151.0875853,81.43868358,-157.4965592,74.9668045,-153.2284241,2826.702835
72.65749995,-149.9448234,82.46404993,-156.2122178,75.78707886,-151.9449463,2828.346279
73.56780362,-148.7834552,83.47051077,-154.9102449,76.58727264,-150.6515961,2829.991909
74.44904293,-147.6039253,84.45465399,-153.585985,77.36653137,-149.3482056,2831.641818
75.30779665,-146.4095572,85.41656674,-152.2438351,78.12436676,-148.035141,2833.293073
76.14190409,-145.1992871,86.35379974,-150.884136,78.8605423,-146.7127228,2834.944493
76.95176521,-143.9732929,87.26668451,-149.510214,79.57513428,-145.381485,2836.594045
77.7391998,-142.7350795,88.15647549,-148.118349,80.26752472,-144.041626,2838.246018
78.50143239,-141.4838466,89.02258254,-146.7081078,80.9370575,-142.6932526,2839.900987
79.23785765,-140.2185663,89.86382696,-145.2839962,81.58367157,-141.3368225,2841.555008
79.96469628,-138.9077547,90.69414004,-143.8109277,82.22225952,-139.9394226,2843.245969
80.66407577,-137.5849317,91.49337067,-142.3183232,82.83637238,-138.5344238,2844.939084
81.34960681,-136.255863,92.26193993,-140.8101463,83.42571259,-137.1223297,2846.631803
82.01432667,-134.9180146,92.99344546,-139.2835906,83.98986053,-135.703537,2848.324573
82.63885982,-133.5642942,93.68245431,-137.7382344,84.52846527,-134.2784729,2850.016572
83.19760343,-132.1873445,94.33366197,-136.1753649,85.0409317,-132.8474731,2851.709685
83.6628888,-130.7806916,94.95104066,-134.5980059,85.52671051,-131.4109802,2853.403562
84.08658649,-129.3645504,95.53181656,-133.0100529,85.98584747,-129.9694977,2855.094389
84.50734203,-127.9517706,96.07793709,-131.4139985,86.41848755,-128.5236359,2856.78129
84.9508805,-126.5490892,96.59147305,-129.8102073,86.82460022,-127.0740128,2858.465293
85.3933109,-125.1483878,97.07262184,-128.1979165,87.20394897,-125.6211548,2860.147846
85.82234102,-123.710534,97.53092298,-126.5349621,87.56352234,-124.1305542,2861.872798
86.21309227,-122.2666965,97.95750684,-124.8580574,87.89299011,-122.6373596,2863.603111
86.56941847,-120.8175242,98.34927638,-123.1740848,88.19210815,-121.1421432,2865.332055
86.89772506,-119.3649281,98.70816896,-121.4854121,88.4608078,-119.6455688,2867.058444
87.19688736,-117.9104508,99.03748334,-119.7858866,88.69797516,-118.1482086,2868.789581
87.45919824,-116.4519424,99.33932982,-118.087757,88.90414429,-116.6509018,2870.514329
87.68946951,-114.9911974,99.61076563,-116.3866409,89.07937622,-115.1538925,2872.236964
87.88742312,-113.5271903,99.85152718,-114.6772873,89.22340393,-113.6556168,2873.96319
88.05343277,-112.0590477,100.0622502,-112.956275,89.33553314,-112.1548386,2875.697055
88.18096161,-110.5839295,100.2400271,-111.2315003,89.41632843,-110.6502686,2877.430968
88.27758089,-109.1015272,100.378372,-109.5101479,89.4672699,-109.1417007,2879.15787
88.34052485,-107.6143838,100.4715901,-107.7770928,89.48754883,-107.6297684,2880.893431
88.36864893,-106.1227832,100.5203476,-106.0364903,89.47679138,-106.1149139,2882.634716
88.35762977,-104.6267434,100.5259539,-104.2997353,89.4360199,-104.5977631,2884.37148
88.31523678,-103.1255641,100.4925438,-102.5845217,89.36853027,-103.0787659,2886.087019
88.23970168,-101.6218841,100.4231173,-100.8778512,89.2756958,-101.5586166,2887.795101
88.12833271,-100.1178671,100.3200772,-99.16837332,89.15724945,-100.037735,2889.507682
87.98671684,-98.61606977,100.1781859,-97.4358536,89.01003265,-98.51700592,2891.246002
87.8214452,-97.11543268,100.0019779,-95.68607167,88.83164978,-96.99688721,2893.004634
87.637171,-95.60997334,99.79581319,-93.98890246,88.62910461,-95.47772217,2894.714279
87.42995294,-94.10479992,99.55760328,-92.30660459,88.4041214,-93.96035767,2896.413358
87.19436972,-92.6032178,99.28770912,-90.6236941,88.15620422,-92.44577789,2898.117773
86.92190385,-91.10834328,98.98586436,-88.93237367,87.88368225,-90.93486786,2899.835817
86.62452827,-89.61848665,98.65589136,-87.2414148,87.5860672,-89.42851257,2901.558671
86.29822818,-88.1321826,98.29794852,-85.58277226,87.26692963,-87.92637634,2903.255497
85.95511676,-86.68538494,97.91075333,-83.96855743,86.93435669,-86.46286011,2904.9155
85.58406953,-85.24452177,97.49611942,-82.38027663,86.58361816,-85.00418091,2906.55701
85.18565406,-83.77881926,97.02682158,-80.72561718,86.20021057,-83.51721954,2908.276934
84.75803252,-82.32218636,96.51804974,-79.08908358,85.79341125,-82.03753662,2909.990728
84.29565789,-80.87872812,95.96238181,-77.45476408,85.36151886,-80.56591797,2911.716929
83.80896427,-79.44125589,95.38435012,-75.85956397,84.90827179,-79.10110474,2913.413627
83.29329239,-78.01861131,94.77197405,-74.2456946,84.42969513,-77.6450882,2915.139772
82.740279,-76.61075677,94.13518374,-72.65536796,83.92759705,-76.19861603,2916.852852
82.13639477,-75.22521096,93.46635473,-71.07347721,83.4010849,-74.76177979,2918.570324
81.50654675,-73.85303237,92.77157476,-69.51056315,82.85099792,-73.3347702,2920.28071
80.84831338,-72.49727434,92.05017892,-67.96091436,82.27746582,-71.91851807,2921.990044
80.15531093,-71.15980014,91.30000623,-66.43585895,81.681633,-70.51283264,2923.689618
79.43949384,-69.83659981,90.52157994,-64.93905346,81.06526184,-69.11811829,2925.376738
78.70423081,-68.53073712,89.70827226,-63.45024401,80.42687225,-67.73540497,2927.073212
77.95431391,-67.23688795,88.8716628,-61.98825837,79.76800537,-66.36493683,2928.757646
77.18543499,-65.9605192,88.00509191,-60.53950261,79.08781433,-65.00736237,2930.445792
76.40081097,-64.69770208,87.1176031,-59.11561825,78.38751221,-63.66288376,2932.123613
75.59033507,-63.45720566,86.19961066,-57.70816272,77.66642761,-62.33219528,2933.803982
74.7478369,-62.23787538,85.26006107,-56.33366318,76.9262619,-61.01435852,2935.468916
73.87036642,-61.04382722,84.29808268,-54.98642493,76.16805267,-59.70911407,2937.124347
72.98153657,-59.86373614,83.31074763,-53.66291096,75.39213562,-58.4166069,2938.775565
72.08025069,-58.69634338,82.30441759,-52.36931626,74.60021973,-57.13690948,2940.414493
71.16093037,-57.5434681,81.27643488,-51.10752099,73.79328918,-55.8686409,2942.04203
70.22899301,-56.40177415,80.23131504,-49.8762918,72.9731369,-54.6115036,2943.657023
69.25278901,-55.25377577,79.1459496,-48.64423965,72.1217041,-53.33707809,2945.298964
68.25035671,-54.12999416,78.04232954,-47.43691911,71.2583313,-52.07396317,2946.93469
67.23805522,-53.02010199,76.92052124,-46.25235187,70.38311005,-50.82180405,2948.566147
66.20660672,-51.92993472,75.7766612,-45.09605958,69.49671173,-49.58050537,2950.192624
65.12567375,-50.88417793,74.61233931,-43.96476867,68.59951019,-48.35042191,2951.816036
64.01611937,-49.86431092,73.43014552,-42.86219817,67.69194794,-47.13024521,2953.432589
62.8592398,-48.88766726,72.23155612,-41.782541,66.77424622,-45.91971207,2955.045746
61.68837734,-47.9317675,71.00727844,-40.73112276,65.84638977,-44.71890259,2956.659542
60.50366254,-46.99791916,69.76578948,-39.70139029,64.90826416,-43.5280571,2958.272503
59.3102008,-46.08093128,68.52916199,-38.67834545,63.96007156,-42.34720612,2959.877454
58.09803325,-45.18917391,67.30914434,-37.65132359,63.00179672,-41.17621231,2961.472201
56.88001683,-44.30897636,66.10137589,-36.62621165,62.03416824,-40.01480103,2963.05636
55.65940923,-43.43734743,64.89524583,-35.61015532,61.05760193,-38.86248398,2964.63342
54.42496869,-42.58284477,63.67888204,-34.61308422,60.07267761,-37.71886063,2966.206218
53.18740303,-41.73787511,62.43560578,-33.64763592,59.07949829,-36.58352661,2967.780329
51.95004502,-40.90021409,61.18213314,-32.69916975,58.0782547,-35.45640564,2969.352201
50.7121023,-40.07139279,59.94922668,-31.73924151,57.06887817,-34.33739853,2970.914737
49.47036933,-39.24927603,58.74940711,-30.75730945,56.05182266,-33.22607803,2972.465143
48.23159337,-38.43082348,57.56512968,-29.76647997,55.02726364,-32.12238693,2974.009247
47.01102462,-37.60021635,56.37528607,-28.78762994,53.99608994,-31.02666092,2975.549985
45.80592383,-36.76242929,55.15633809,-27.84271177,52.95867157,-29.93914986,2977.09229
44.61341234,-35.91912011,53.90942239,-26.9314347,51.91501617,-28.85969162,2978.636707
43.40360151,-35.05173013,52.62919428,-26.01231652,50.84143448,-27.76399803,2980.212703
42.19144371,-34.17145776,51.37048864,-25.083396,49.76309204,-26.67486,2981.777067
40.98200315,-33.28047773,50.12811086,-24.1466085,48.68123245,-25.59155083,2983.333046
39.78296633,-32.37657803,48.89586417,-23.20581208,47.59638214,-24.51354599,2984.883379
38.60464438,-31.47187343,47.67256883,-22.25917308,46.50803375,-23.4423008,2986.430174
37.45303041,-30.57176803,46.46038864,-21.30459196,45.41511154,-22.38002014,2987.973096
36.30738846,-29.65814415,45.26099728,-20.34654913,44.31908035,-21.3261261,2989.508148
35.17495002,-28.74003428,44.07476569,-19.38144983,43.21967697,-20.28061676,2991.037384
34.04509731,-27.80739469,42.90189439,-18.41250581,42.11899185,-19.24297333,2992.558725
32.91740884,-26.85806224,41.74467273,-17.43540081,41.01776886,-18.21133423,2994.073286
31.74182466,-25.8416388,40.60488786,-16.45705148,39.92382813,-17.17818642,2995.575377
30.56821881,-24.81085593,39.47850323,-15.4695771,38.83730316,-16.1417923,2997.073325
29.35495114,-23.72557724,38.33824337,-14.45344117,37.73612595,-15.07491875,2998.600651
28.20724753,-22.68442789,37.20438699,-13.42566142,36.63834763,-14.00816059,3000.130998
27.08453521,-21.64660098,36.08166874,-12.38556386,35.54100418,-12.94208717,3001.661455
25.96817979,-20.59532814,34.96982738,-11.33829631,34.44584656,-11.87714291,3003.188858
24.86366548,-19.53774646,33.86722397,-10.28289185,33.35174942,-10.81275368,3004.715165
23.7579666,-18.467818,32.77239689,-9.222161511,32.25969696,-9.748012543,3006.239565
22.65147882,-17.38203398,31.69235432,-8.147624994,31.17000389,-8.681157112,3007.763088
21.55966945,-16.29501809,30.6213725,-7.063602519,30.08196068,-7.613116741,3009.286934
20.46139992,-15.18643921,29.56412596,-5.971496552,28.99912262,-6.543465137,3010.806955
19.37664335,-14.07630298,28.51383179,-4.874209224,27.92015266,-5.472105503,3012.325888
18.29257318,-12.94948223,27.47430308,-3.769541307,26.84598923,-4.397732735,3013.842764
17.25888339,-11.858876,26.44277724,-2.653512633,25.77180481,-3.326053619,3015.362489
16.23782606,-10.76485816,25.41582794,-1.530886976,24.69516754,-2.255942106,3016.883973
15.16917638,-9.606154124,24.39834021,-0.411263831,23.6249733,-1.181758761,3018.396864
14.08584812,-8.41296812,23.39116234,0.712166134,22.56357193,-0.099399537,3019.905672
13.0130917,-7.210964441,22.39353941,1.841650992,21.51166725,0.990598917,3021.412651
11.96069405,-6.009782256,21.41003287,2.98228756,20.46874809,2.086553097,3022.918751
10.91847975,-4.796192885,20.44241176,4.133361436,19.43514442,3.188956499,3024.422501
9.889176569,-3.573225404,19.49189043,5.295744446,18.41119194,4.297622204,3025.924041
8.866839484,-2.33565625,18.55223937,6.463579143,17.3969574,5.413999557,3027.422968
7.852493785,-1.084803723,17.62167204,7.637217137,16.39212799,6.539467812,3028.920761
6.84388435,0.184901458,16.70017311,8.817009509,15.39701366,7.675706387,3030.417781
5.836127498,1.473157576,15.7890531,10.00196806,14.41360283,8.823324203,3031.912527
4.841276497,2.770477311,14.88838827,11.19479797,13.44202995,9.982052803,3033.407198
3.859869361,4.07784424,13.99838171,12.39607457,12.48210812,11.15203476,3034.902249
2.899982562,5.384881161,13.11602875,13.60657605,11.53240776,12.33210564,3036.400201
1.960334509,6.690514244,12.24161186,14.82690232,10.59150696,13.52104378,3037.901468
1.035104349,8.003356181,11.37468443,16.05442401,9.659065247,14.71853161,3039.404256
0.111016032,9.335971246,10.51757671,17.2861018,8.736842155,15.92570305,3040.90481
-0.801567041,10.6766698,9.669039234,18.52404654,7.825171471,17.14212799,3042.405651
-1.704211559,12.02655317,8.829350489,19.76862452,6.924008369,18.36821556,3043.907001
-2.598821457,13.38867612,7.999890072,21.01981301,6.033984661,19.60434914,3045.40816
-3.477064757,14.75433476,7.179407317,22.28006928,5.154334545,20.84993744,3046.911967
-4.335158693,16.11813821,6.368612118,23.55074496,4.284049988,22.10324287,3048.419285
-5.175359732,17.48404256,5.567730881,24.83013538,3.422481298,23.36322021,3049.928672
-5.99769911,18.84850854,4.776871749,26.11867602,2.568625212,24.62865639,3051.440557
-6.824537773,20.24039671,3.998804052,27.40683451,1.725682735,25.90173721,3052.945463
-7.634939177,21.61971551,3.229793893,28.70618526,0.891332209,27.18093491,3054.455327
-8.441870345,23.01137636,2.472256068,30.01066563,0.066168547,28.46762848,3055.963814
-9.237411841,24.40595193,1.725605211,31.32143588,-0.749247551,29.76029587,3057.472325
-10.02410714,25.80835605,0.990466239,32.63625624,-1.554201484,31.05882454,3058.978705
-10.79462576,27.20385691,0.2649763,33.9589832,-2.3500247,32.36175919,3060.487328
-11.5580751,28.61053591,-0.449355791,35.28511107,-3.136432886,33.67060471,3061.99361
-12.30691057,30.01952527,-1.152892223,36.61916993,-3.914308071,34.98528671,3063.501813
-13.04277001,31.43739427,-1.844576002,37.95856401,-4.683149338,36.30554581,3065.009262
-13.7679095,32.85845896,-2.523904877,39.30354113,-5.44262886,37.63052368,3066.516064
-14.480709,34.28338391,-3.192565483,40.65432837,-6.193368912,38.96069717,3068.023291
-15.18237153,35.71295624,-3.850011044,42.01075157,-6.935472488,40.29605103,3069.530645
-15.87383108,37.14939549,-4.497667519,43.37149848,-7.668902874,41.6370163,3071.037659
-16.55228168,38.59160835,-5.135642566,44.73739572,-8.393740654,42.98350143,3072.545203
-17.21606441,40.039879,-5.763626199,46.10865519,-9.110088348,44.33532715,3074.053419
-17.86506736,41.49608965,-6.377585571,47.4865054,-9.817824364,45.69251251,3075.561868
-18.50293733,42.95826131,-6.976388904,48.87241671,-10.51723385,47.05564499,3077.071608
-19.11655541,44.39871708,-7.56010292,50.23527851,-11.19574547,48.39910507,3078.554212
-19.72150247,45.85549312,-8.158620014,51.60420584,-11.87148666,49.75828171,3080.048262
-20.32030158,47.33095567,-8.775181593,52.98016414,-12.54532051,51.13537598,3081.556045
-20.90207712,48.79185204,-9.385140393,54.33808699,-13.20239162,52.49980545,3083.04467
-21.47964434,50.27047348,-9.992450623,55.71407853,-13.85760212,53.88244247,3084.548724
-22.03754067,51.73511183,-10.57630339,57.07911773,-14.49595451,55.25151062,3086.033384
-22.59082505,53.21867181,-11.15676958,58.46239106,-15.13234329,56.6391716,3087.533513
-23.1234601,54.68774682,-11.72088997,59.82917492,-15.75129128,58.01186371,3089.012137
-23.64881905,56.1712022,-12.28149045,61.20944989,-16.3661232,59.39905167,3090.501913
-24.17070473,57.66460323,-12.83486898,62.60303024,-16.9759903,60.79896164,3092.001344
-24.69299551,59.16618557,-13.382494,64.00651817,-17.57993889,62.21022034,3093.507887
-25.20163114,60.6403243,-13.91586541,65.38338228,-18.163311,63.59831238,3094.98445
-25.70587632,62.12140187,-14.465838,66.76007262,-18.7401638,64.99609375,3096.46693
-26.20328131,63.61007171,-15.01549397,68.14107246,-19.30954933,66.40200043,3097.953295
-26.68865842,65.10319436,-15.52743542,69.54243291,-19.87141991,67.81466675,3099.445239
-27.1695581,66.60172925,-15.97860018,70.96791462,-20.42486191,69.23319244,3100.940414
-27.64570976,68.10160612,-16.38037177,72.41483537,-20.97019577,70.65750122,3102.442079
-28.12284307,69.60371164,-16.75380079,73.87296923,-21.50734711,72.0879364,3103.947272
-28.59855622,71.10925225,-17.11957643,75.33333644,-22.03587532,73.5242157,3105.45275
-29.06412161,72.61943484,-17.48074261,76.79423029,-22.55526352,74.96530914,3106.957626
-29.51132113,74.13717688,-17.82955378,78.25687887,-23.06494713,76.41056061,3108.461291
-29.94325969,75.6655984,-18.16390205,79.71640966,-23.56326485,77.85961914,3109.958629
-30.36208622,77.19678681,-18.48853235,81.17446916,-24.04964256,79.31147766,3111.45239
-30.77275934,78.73009433,-18.80468955,82.6314541,-24.52412415,80.76702881,3112.943282
-31.17875674,80.26402416,-19.10549047,84.08855547,-24.9861927,82.22568512,3114.431108
-31.57234881,81.80239218,-19.38464031,85.54590927,-25.43518257,83.68745422,3115.914956
-31.93984398,83.34704189,-19.64059402,87.00711981,-25.87129402,85.1529541,3117.398414
-32.28068591,84.89702949,-19.87962689,88.4725845,-26.29509926,86.62283325,3118.883245
-32.59868742,86.45224738,-20.10744509,89.93757685,-26.70624733,88.09636688,3120.365846
-32.89001434,88.01255188,-20.33028362,91.40180397,-27.10489845,89.57366943,3121.846933
-33.14569973,89.57872202,-20.54643676,92.8656705,-27.49107361,91.05392456,3123.326671
-33.36933751,91.14988929,-20.75320938,94.32892551,-27.86476707,92.53694153,3124.804464
-33.57661026,92.72167158,-20.94606932,95.79233664,-28.22592735,94.02249908,3126.280529
-33.7734811,94.29207626,-21.12515506,97.25652869,-28.57468796,95.51054382,3127.755632
-33.95870192,95.86213536,-21.29155672,98.72066147,-28.9110775,97.00120544,3129.22919
-34.13235902,97.43167034,-21.44631921,100.1861385,-29.23540306,98.49492645,3130.702817
-34.29634739,99.00034363,-21.58985114,101.6515824,-29.54759979,99.99118042,3132.175273
-34.44715239,100.5666553,-21.7218212,103.1191328,-29.84806633,101.489151,3133.648745
-34.58745581,102.1320169,-21.84382549,104.5849668,-30.13670921,102.9887161,3135.119648
-34.71765616,103.6957046,-21.95640758,106.0500036,-30.41363144,104.4897461,3136.589004
-34.83744021,105.257693,-22.06142532,107.513799,-30.67892075,105.9920425,3138.056561
-34.94727806,106.8162124,-22.15883575,108.9799783,-30.93327904,107.495369,3139.525973
-35.05102209,108.3678319,-22.24968581,110.4557658,-31.1785965,108.9994354,3141.004554
-35.15227068,109.9184453,-22.33170652,111.9310697,-31.41496849,110.5051422,3142.482136
-35.25018352,111.4681291,-22.40279315,113.4058384,-31.64228439,112.012291,3143.958617
-35.34267472,113.016908,-22.46618888,114.8780049,-31.86023521,113.5202408,3145.432148
-35.42959431,114.564286,-22.52681687,116.3460619,-32.06850433,115.0284271,3146.901457
-35.51004078,116.1111974,-22.5882453,117.8129715,-32.26734543,116.5382538,3148.369652
-35.5856712,117.6574319,-22.64809548,119.2795349,-32.45685196,118.0497208,3149.837436
-35.65744735,119.2025459,-22.70660136,120.747555,-32.63736343,119.5628357,3151.306621
-35.72994628,120.744134,-22.76394481,122.2251809,-32.81039047,121.0776215,3152.78536
-35.7996236,122.2830001,-22.81875466,123.7101855,-32.97703552,122.5933304,3154.271375
-35.86737941,123.820754,-22.87229383,125.198995,-33.13791656,124.1102371,3155.761147
-35.93401044,125.3597068,-22.92575682,126.6812591,-33.29212189,125.6281052,3157.244375
-36.00049759,126.8984615,-22.98008293,128.1661646,-33.44007874,127.1477509,3158.730274
-36.06360766,128.4386087,-23.0336058,129.6432778,-33.58064651,128.6681671,3160.208357
-36.12777805,129.9776213,-23.08823882,131.1187004,-33.71372223,130.1888733,3161.68479
-36.19061518,131.5218529,-23.14081799,132.5648419,-33.83530426,131.7100983,3163.131887
-36.25354198,133.0616259,-23.19512883,134.0200866,-33.94692993,133.2309265,3164.588145
-36.31982489,134.5999416,-23.24980564,135.4653481,-34.04753876,134.7503967,3166.034441
-36.38265273,136.1309406,-23.30609077,136.934073,-34.14078522,136.268631,3167.504244
-36.44632804,137.6628933,-23.36130065,138.3848154,-34.22447205,137.7854767,3168.956036
-36.51277832,139.1899044,-23.41777364,139.8505,-34.3009491,139.3014832,3170.422808
-36.57676664,140.7174949,-23.47479385,141.3073363,-34.36917114,140.8168793,3171.88076
-36.64021556,142.2387798,-23.53265394,142.7900777,-34.4328804,142.3316193,3173.36463
-36.70387119,143.7589987,-23.59064506,144.2705732,-34.49193192,143.8452911,3174.846261
-36.76756509,145.2773853,-23.648771,145.7560295,-34.54713821,145.3583984,3176.332854
-36.83426038,146.7950837,-23.70761878,147.238248,-34.59819031,146.870575,3177.81624
-36.89764486,148.3108628,-23.76577115,148.7236622,-34.64569092,148.3816528,3179.302792
-36.96073657,149.8264989,-23.82374469,150.2035985,-34.68903732,149.8917084,3180.783864
-37.02733075,151.3405298,-23.88252796,151.6846548,-34.72854233,151.4007111,3182.266086
-37.09038822,152.8515571,-23.94094245,153.1757732,-34.765728,152.9088745,3183.758348
-37.15671497,154.3606359,-23.99956265,154.6749871,-34.80175781,154.4169006,3185.258708
-37.21975101,155.8704761,-24.0577245,156.1693588,-34.83599472,155.9246063,3186.754211
-37.28627836,157.3794738,-24.11620121,157.6658291,-34.8687706,157.4320374,3188.251823
-37.34952061,158.8895498,-24.17453489,159.1570708,-34.89937592,158.9393005,3189.744205
-37.41911803,160.4013806,-24.23294413,160.6449958,-34.92723846,160.4474182,3191.233276
-37.49139091,161.9111632,-24.29150292,162.1467754,-34.95417404,161.9564514,3192.736197
-37.54941999,163.4219037,-24.35002879,163.6444965,-34.97961807,163.4652405,3194.235061
-37.58140265,164.9325414,-24.40867069,165.1422902,-35.00363541,164.973587,3195.734003
-37.59776253,166.4425755,-24.46706971,166.6386294,-35.02614212,166.4809723,3197.231481
-37.60642305,167.9503028,-24.52576624,168.1416836,-35.04818726,167.9877319,3198.735681
-37.60770152,169.4578837,-24.58450945,169.6389539,-35.0691185,169.4931793,3200.234103
-37.60280206,170.9630755,-24.64329088,171.1379659,-35.08941269,170.996994,3201.734267
-37.58908717,172.4671106,-24.70212831,172.6337168,-35.10883331,172.499176,3203.231175
-37.57525085,173.9683403,-24.76111312,174.1296217,-35.12771225,173.9991455,3204.728242
-37.55614221,175.4998229,-24.82171813,175.6798341,-35.14940643,175.533844,3206.279639
-37.53246621,177.031882,-24.88212187,177.2222609,-35.17248535,177.0673981,3207.823248
-37.50884372,178.5658992,-24.94259554,178.7477888,-35.19466019,178.5993958,3209.349974
-37.50036296,180.0961389,-25.00343605,180.274686,-35.21651077,180.1287689,3210.878083
-37.49468027,181.6228304,-25.06451481,181.7991915,-35.23816299,181.6548462,3212.403811
-37.49558844,183.1458005,-25.12594079,183.3248737,-35.26021576,183.1781616,3213.93073
-37.50860421,184.6664941,-25.18894237,184.8484579,-35.28268433,184.6993713,3215.455616
-37.5226387,186.1832639,-25.25148438,186.3847615,-35.30764771,186.219635,3216.993192
-37.54478652,187.7000487,-25.3145158,187.9188125,-35.33483505,187.7395782,3218.528537
-37.57401966,189.2167679,-25.37737542,189.4470233,-35.36351013,189.2584991,3220.05804
-37.59391189,190.7345132,-25.44033617,190.9785558,-35.39403534,190.7786865,3221.590866
-37.60337996,192.2563873,-25.50308987,192.5037639,-35.42515564,192.3009186,3223.117365
-37.61340234,193.7817004,-25.56712903,194.0252413,-35.45597458,193.8253174,3224.640189
-37.62394681,195.3088115,-25.63044693,195.5499967,-35.48667145,195.3517914,3226.166259
-37.66077156,196.8376842,-25.69387374,197.0771058,-35.51725769,196.8805695,3227.694685
-37.71034555,198.3693083,-25.75758968,198.6028574,-35.54717255,198.4115753,3229.221766
-37.77931367,199.9019863,-25.82281314,200.1346397,-35.57700729,199.9448395,3230.754936
-37.84601743,201.4375371,-25.88693028,201.6649709,-35.60620499,201.4801331,3232.28661
-37.90668696,202.9372619,-25.95029628,203.1668395,-35.63502121,202.9808807,3233.789815
-37.96623142,204.4370519,-26.01414595,204.6791615,-35.66546249,204.4836578,3235.303484
-38.02963574,205.9376909,-26.07938784,206.198738,-35.69833755,205.9886169,3236.824461
-38.08884204,207.4429873,-26.14374331,207.7123372,-35.73233032,207.4961243,3238.339427
-38.14768955,208.9501627,-26.20837168,209.2301847,-35.76774216,209.0059814,3239.85865
-38.21074889,210.4595366,-26.27431082,210.7522669,-35.80483627,210.5185394,3241.38216
-38.26940996,211.9711363,-26.33943967,212.2768334,-35.84365082,212.0332947,3242.908117
-38.32866064,213.4847082,-26.40320914,213.8028695,-35.88411331,213.5499268,3244.435485
-38.39224984,214.9999648,-26.46839618,215.3308202,-35.92624664,215.0683899,3245.964825
-38.4520939,216.517562,-26.53361242,216.860541,-35.97000504,216.5889893,3247.495936
-38.51235318,218.0392165,-26.5989601,218.3924919,-36.01520538,218.113266,3249.02928
-38.57311087,219.5681862,-26.66476025,219.9309374,-36.06185532,219.6446838,3250.569132
-38.63625065,221.0687545,-26.72925635,221.4365922,-36.10826111,221.1468506,3252.076167
-38.69627375,222.5773677,-26.79527521,222.9517536,-36.15577698,222.6572876,3253.592766
-38.75680678,224.0940619,-26.8604665,224.4766833,-36.20462799,224.1761475,3255.119089
-38.81781273,225.6176677,-26.92608592,226.0087169,-36.2548027,225.7019501,3256.652527
-38.88251934,227.1473441,-26.99312913,227.5469531,-36.30629349,227.2339325,3258.192224
-38.94243315,228.6453753,-27.05791512,229.0511229,-36.35749435,228.7336273,3259.697788
-39.00298607,230.1487553,-27.12287489,230.5628404,-36.40996933,230.2391357,3261.210901
-39.0640044,231.6588612,-27.1891308,232.0770763,-36.4631958,231.7504578,3262.726585
-39.12869016,233.1732382,-27.25452728,233.5987067,-36.51752853,233.2667999,3264.24962
-39.19031274,234.6937931,-27.31998144,235.1243726,-36.57273483,234.7887421,3265.77669
-39.25234505,236.2199562,-27.38544263,236.6560973,-36.62887955,236.3163757,3267.309813
-39.31814599,237.7515794,-27.45104596,238.1912941,-36.68567276,237.8491211,3268.84641
-39.38079221,239.2891898,-27.5164661,239.7260216,-36.74227142,239.3863373,3270.382532
-39.44213992,240.7918041,-27.58031268,241.226245,-36.79729462,240.8886719,3271.884113
-39.50703148,242.2981951,-27.64411472,242.7305746,-36.85219574,242.3949585,3273.389795
-39.56894438,243.8071926,-27.70760524,244.2356114,-36.90667725,243.9033508,3274.89617
-39.63428484,245.3178621,-27.77084428,245.7370364,-36.95999527,245.4123535,3276.398927
-39.69607493,246.8278063,-27.8339532,247.2369991,-37.0120163,246.9203949,3277.900216
-39.7579998,248.3349224,-27.8969584,248.7386753,-37.06328964,248.426651,3279.403214
-39.82303776,249.8372741,-27.96012072,250.242926,-37.11469269,249.9298859,3280.90879
-39.88494917,251.3358209,-28.02326813,251.7521931,-37.16739273,251.4312134,3282.419377
-39.94727314,252.8323606,-28.08646751,253.2615333,-37.22166061,252.9309845,3283.93004
-40.01435305,254.3670622,-28.15126813,254.8074396,-37.27873993,254.4686127,3285.477304
-40.07864035,255.9017192,-28.21590547,256.3472096,-37.33642578,256.0046997,3287.01843
-40.14326623,257.435083,-28.28042595,257.8848995,-37.39461517,257.5393066,3288.557473
-40.20803908,258.9664717,-28.34473543,259.4231817,-37.45363998,259.0725098,3290.097099
-40.27520816,260.495188,-28.40866217,260.9586713,-37.5134201,260.6030579,3291.633919
-40.33972749,262.0206125,-28.47308781,262.4908781,-37.57394028,262.1302185,3293.167479
-40.40427596,263.5445703,-28.53638026,264.0189786,-37.63490295,263.6552734,3294.69689
-40.46860994,265.0670239,-28.59958254,265.5465214,-37.69646072,265.1790161,3296.22574
-40.53258853,266.5888324,-28.66319984,267.071297,-37.75835037,266.7015991,3297.751842
-40.59867228,268.108264,-28.72609876,268.5972079,-37.82099152,268.2226563,3299.279049
-40.66217948,269.6274407,-28.7888651,270.1214074,-37.88424301,269.7430115,3300.80454
-40.72811063,271.1451462,-28.85233409,271.6468371,-37.94843674,271.2625732,3302.331289
-40.79165153,272.6589929,-28.91578253,273.1819509,-38.01531219,272.78125,3303.867714
-40.85766628,274.1723277,-28.97936632,274.7207597,-38.08544922,274.3003235,3305.407836
-40.92134034,275.6866492,-29.04343041,276.2603125,-38.15884781,275.8200684,3306.948721
-40.98547726,277.2056812,-29.10715381,277.7937377,-38.23418808,277.3418884,3308.48347
-41.05229313,278.729901,-29.17048157,279.3206316,-38.30997467,278.8662415,3310.011676
-41.11737958,280.2563901,-29.23389032,280.8515265,-38.38644409,280.393158,3311.543884
-41.18265579,281.7854541,-29.29737835,282.3856521,-38.4636879,281.92276,3313.079322
-41.24783518,283.3166658,-29.36110067,283.9259734,-38.54224777,283.4553528,3314.620961
-41.31504114,284.8505715,-29.42548487,285.4699202,-38.62223434,284.9908447,3316.16625
-41.37843027,286.3480607,-29.48763806,286.9785578,-38.70172501,286.4899902,3317.676167
-41.44193618,287.8487879,-29.54966035,288.4893819,-38.78263474,287.9920349,3319.188264
-41.50738826,289.3527429,-29.61175659,290.0031534,-38.86493301,289.4972229,3320.703309
-41.57101964,290.8601257,-29.67403569,291.5191602,-38.9484787,291.0054016,3322.220594
-41.63490721,292.371498,-29.73622206,293.034712,-39.03270721,292.5165405,3323.737421
-41.69910412,293.8877058,-29.79890909,294.5467591,-39.1165657,294.0307312,3325.250767
-41.76526512,295.4072956,-29.86118156,296.0601969,-39.19978333,295.5480042,3326.765486
-41.82964646,296.929292,-29.92414886,297.5799688,-39.28288269,297.0684814,3328.286561
-41.89409849,298.4541666,-29.98682754,299.0940093,-39.36464691,298.5900879,3329.801899
-41.95998827,299.9768503,-30.0494289,300.6004982,-39.44415665,300.1085815,3331.309688
-42.02376582,301.492697,-30.11195715,302.1103021,-39.52264404,301.6223755,3332.820786
-42.08741263,303.001507,-30.17424519,303.6160077,-39.60039902,303.1297913,3334.327779
-42.15073046,304.5009983,-30.23648838,305.1174289,-39.67796326,304.6289368,3335.83049
-42.21700604,306.0289869,-30.29969886,306.6505525,-39.75767517,306.1572571,3337.364916
-42.28136147,307.5458391,-30.36212711,308.171506,-39.83729935,307.6741333,3338.88715
-42.34548734,309.0545131,-30.42339674,309.6704951,-39.91510773,309.1800842,3340.387391
-42.4108307,310.5914416,-30.48572307,311.1969189,-39.99300003,310.7142029,3341.915087
-42.47723475,312.118262,-30.5487265,312.7197763,-40.0699234,312.2396545,3343.439247
-42.54163772,313.6371027,-30.61092155,314.2372664,-40.1462822,313.7575989,3344.958011
-42.60563914,315.1490635,-30.67287033,315.7472565,-40.22202682,315.2685547,3346.469271
-42.66943609,316.6547241,-30.73502924,317.2473822,-40.29671478,316.7725525,3347.970684
-42.73424523,318.191067,-30.79833368,318.7788086,-40.37229156,318.307373,3349.503419
-42.8000837,319.720963,-30.86154234,320.3026862,-40.44675827,319.8356323,3351.028606
-42.8639602,321.244474,-30.92458493,321.8223903,-40.52044296,321.3579102,3352.549618
-42.92738621,322.7630331,-30.98731668,323.3330366,-40.5928421,322.8744812,3354.061566
-42.9906358,324.2753955,-31.05063695,324.8448893,-40.66495132,324.386322,3355.574744
-43.05509817,325.7838031,-31.11294256,326.3524513,-40.73675156,325.8941956,3357.083593
-43.11797082,327.2863302,-31.17556317,327.8637586,-40.80945969,327.3979492,3358.596197
-43.1806171,328.7856966,-31.23773217,329.3681267,-40.88260269,328.8977661,3360.101849
-43.24450598,330.3177461,-31.30134552,330.905486,-40.95801926,330.4302673,3361.640524
-43.30955658,331.847583,-31.36415892,332.4302496,-41.03256989,331.9586487,3363.166581
-43.37270119,333.3730738,-31.42713646,333.9563622,-41.10703659,333.4837036,3364.693992
-43.43603535,334.8989957,-31.48995376,335.4745066,-41.18045425,335.0076599,3366.213436
-43.49901504,336.4255124,-31.55283437,336.9976188,-41.25350571,336.5330505,3367.737845
-43.5618112,337.9548254,-31.61558186,338.5199772,-41.32577133,338.0606079,3369.261496
-43.62588541,339.4855494,-31.67858903,340.0477239,-41.39775467,339.5903931,3370.790542
-43.68885854,341.0173563,-31.74177235,341.5842469,-41.47045898,341.1226196,3372.328363
-43.75047502,342.5176258,-31.80342853,343.0852016,-41.54171753,342.6225586,3373.830584
-43.81248995,344.0257462,-31.86518068,344.5921102,-41.61317825,344.1300049,3375.338757
-43.87486341,345.5412311,-31.92719595,346.1092109,-41.685215,345.6453247,3376.857125
-43.93840989,347.0654047,-31.98983527,347.6319939,-41.75745773,347.1688232,3378.381196
-44.00112425,348.5989366,-32.05203404,349.1585406,-41.82919693,348.7006531,3379.909009
-44.06244107,350.1029202,-32.11314702,350.6564979,-41.89880371,350.2031555,3381.408212
-44.12402194,351.6139902,-32.17459017,352.1661752,-41.96860123,351.7135925,3382.91914
-44.18571734,353.1325776,-32.23657373,353.6859354,-42.03891754,353.2319946,3384.440163
-44.24856044,354.6590399,-32.29924296,355.2148381,-42.1099205,354.7585144,3385.97035
-44.31047462,356.1937004,-32.36233993,356.7495581,-42.1812973,356.2927551,3387.506366
-44.3710052,357.6974318,-32.42432133,358.2518082,-42.25104523,357.7958069,3389.009895
-44.43241971,359.2069134,-32.48684781,359.7625635,-42.32125092,359.3051147,3390.521943
-44.49290467,360.7229044,-32.54969629,361.2797515,-42.391922,360.8208618,3392.040432
-44.55372808,362.2452974,-32.61298776,362.8021577,-42.46289825,362.342804,3393.564154
-44.61435837,363.7707949,-32.67616683,364.3232721,-42.53343964,363.8670959,3395.08658
-44.67593348,365.2952258,-32.73890487,365.8410907,-42.60308075,365.3900146,3396.605694
-44.736703,366.8161963,-32.80161111,367.3632483,-42.67278671,366.9107971,3398.129143
-44.7974755,368.3339302,-32.86407144,368.8820218,-42.74248505,368.4283142,3399.6492
-44.85810015,369.8481066,-32.92616782,370.3968439,-42.81210709,369.9421997,3401.165294
-44.91932651,371.3589963,-32.98796046,371.9067034,-42.88143921,371.4525452,3402.676418
-44.97970524,372.8662099,-33.04963421,373.4140156,-42.95063019,372.9593811,3404.184991
-45.04051858,374.3686646,-33.11149594,374.9220017,-43.0203476,374.4623718,3405.694246
-45.10037868,375.8682863,-33.17304311,376.4174325,-43.08934021,375.9608765,3407.190943
-45.16139376,377.3958782,-33.23624876,377.946981,-43.15993118,377.4883728,3408.721796
-45.22237503,378.9097731,-33.29885391,379.4614196,-43.22995758,379.0019531,3410.237529
-45.28236234,380.4096768,-33.3609346,380.9626337,-43.29951859,380.5016479,3411.740026
-45.3433528,381.9324178,-33.42430316,382.4897574,-43.37073517,382.0246582,3413.268464
-45.40453176,383.441938,-33.48676735,383.9977585,-43.44110489,383.5335083,3414.777758
-45.46660332,384.9730651,-33.5503301,385.5323529,-43.51297379,385.0647583,3416.313668
-45.52823016,386.4900691,-33.61306522,387.0519333,-43.58450699,386.5817261,3417.834543
-45.5893789,387.9944111,-33.67491929,388.5499491,-43.65458298,388.0846252,3419.333835
-45.65101201,389.5203174,-33.73768676,390.0708148,-43.72503662,389.609314,3420.855996
-45.71217565,391.031621,-33.80020834,391.5847591,-43.79521561,391.120636,3422.37123
-45.77375309,392.5626511,-33.86409817,393.1295122,-43.86816788,392.6533508,3423.917304
-45.83534847,394.0865227,-33.92663904,394.6489016,-43.94007492,394.1760254,3425.43798
-45.89640823,395.6019649,-33.98886963,396.1591108,-44.01092148,395.6901855,3426.949471
-45.95695347,397.1084565,-34.05091347,397.6632114,-44.08107758,397.1958618,3428.454851
-46.0184798,398.6396772,-34.1143369,399.1963566,-44.15267563,398.7269287,3429.989307
-46.07978044,400.1626766,-34.17705709,400.7122608,-44.22292709,400.2484131,3431.506508
-46.14045718,401.6727982,-34.23894232,402.2090349,-44.29085922,401.756134,3433.004561
-46.2020571,403.2017548,-34.30177942,403.729096,-44.35853958,403.2834473,3434.52592
-46.26357341,404.7198831,-34.36473111,405.2484587,-44.4259758,404.8015137,3436.046587
-46.32457947,406.2290021,-34.42746025,406.7647115,-44.49396515,406.3114319,3437.564137
-46.38564129,407.7339735,-34.49011636,408.2832901,-44.56354141,407.8181152,3439.084007
-46.44677343,409.2432981,-34.55296548,409.8018005,-44.63446045,409.3283997,3440.603818
-46.50846184,410.7584468,-34.61543721,411.3167298,-44.70556259,410.8430786,3442.120034
-46.56965198,412.2760509,-34.67862771,412.8462024,-44.77838898,412.3619385,3443.650812
-46.6316838,413.7969477,-34.74156625,414.3737321,-44.85218811,413.8832703,3445.179638
-46.69348323,415.3182176,-34.8046516,415.9069871,-44.92758179,415.4056702,3446.71419
-46.75492401,416.842238,-34.86711943,417.429572,-45.00283432,416.9288025,3448.238056
-46.81692642,418.3662472,-34.92941248,418.9508864,-45.0777359,418.4517822,3449.760645
-46.87842945,419.8887835,-34.99221315,420.4821833,-45.15377426,419.974884,3451.293229
-46.93969785,421.4133531,-35.05440383,422.0040644,-45.22949219,421.4983521,3452.81638
-47.00147324,422.9380067,-35.11673982,423.5309109,-45.30553436,423.0226135,3454.344499
-47.06360333,424.4616907,-35.1788338,425.0572149,-45.38186646,424.5459595,3455.872065
-47.12567011,425.9858609,-35.24043558,426.5789915,-45.45787811,426.0690918,3457.395088
-47.18850256,427.5092043,-35.30231928,428.1057462,-45.53432083,427.5922241,3458.923097
-47.25140578,429.0323309,-35.36427387,429.6341303,-45.61143112,429.1153564,3460.452736
-47.31284137,430.5556602,-35.42604721,431.1620273,-45.68912888,430.6384888,3461.981881
-47.3756163,432.0802751,-35.48749038,432.6811125,-45.76610947,432.1616211,3463.502208
-47.43818488,433.6036583,-35.54938586,434.2089895,-45.84366608,433.684845,3465.031339
-47.50025101,435.1291225,-35.61011122,435.7247311,-45.9199791,435.2082825,3466.548296
-47.56283659,436.6517975,-35.67183406,437.2526752,-45.99692154,436.7309265,3468.077486
-47.62549035,438.1738143,-35.73299716,438.7688745,-46.07300568,438.2514954,3469.594919
-47.68827504,439.6916554,-35.79400523,440.2840477,-46.14855194,439.7683411,3471.11132
-47.74970719,441.1982289,-35.85479425,441.7913415,-46.22364426,441.2743225,3472.619839
-47.81358502,442.7248928,-35.91599964,443.3141493,-46.29920197,442.7998962,3474.143876
-47.87709639,444.2382141,-35.9765587,444.8245602,-46.37371826,444.3122864,3475.655501
-47.939415,445.7387721,-36.03648533,446.3204671,-46.44699478,445.8117065,3477.152607
-48.00414855,447.2584092,-36.09706968,447.831461,-46.52005768,447.329834,3478.664815
-48.06895059,448.7649979,-36.15687143,449.3272001,-46.59108353,448.8347473,3480.16175
-48.13288032,450.2882634,-36.21833511,450.8534303,-46.66333771,450.3579712,3481.689217
-48.19795097,451.7999163,-36.27902292,452.3614787,-46.73452377,451.868866,3483.198486
-48.26128328,453.3035139,-36.33976145,453.8693289,-46.80589294,453.3725891,3484.707559
-48.32680861,454.8269734,-36.40279303,455.4239548,-46.88232803,454.899292,3486.263462
-48.39252131,456.3439804,-36.46458623,456.9566208,-46.96030807,456.4175415,3487.797373
-48.45633574,457.8591468,-36.52535304,458.4715462,-47.03804016,457.9319458,3489.313517
-48.52219626,459.3727022,-36.58660364,459.9871687,-47.11594009,459.4450989,3490.830377
-48.58847256,460.8886031,-36.64814579,461.5021354,-47.19379425,460.9602661,3492.346593
-48.65286529,462.407837,-36.71034408,463.0267294,-47.27251816,462.4793701,3493.872455
-48.71966479,463.9301675,-36.77262498,464.5489399,-47.3513298,464.0010376,3495.395939
-48.78627615,465.4536475,-36.83573315,466.0750116,-47.43052292,465.5241394,3496.923315
-48.85344678,466.9788167,-36.89883107,467.5994861,-47.50967026,467.048584,3498.449095
-48.91754868,468.5027558,-36.96303995,469.1357443,-47.59038925,468.5730286,3499.986694
-48.9843999,470.0282432,-37.02681325,470.6575126,-47.67060852,470.0973816,3501.509798
-49.0509731,471.5528308,-37.09138033,472.186648,-47.75139236,471.6217041,3503.040296
-49.11806132,473.0769547,-37.15590449,473.7091482,-47.83189392,473.144928,3504.564163
-49.18226408,474.5986427,-37.22113177,475.2438285,-47.91399765,474.6670532,3506.100229
-49.24946558,476.1189475,-37.2871853,476.775693,-47.9974823,476.1876831,3507.633517
-49.31802049,477.6383495,-37.35220359,478.285743,-48.07959366,477.7053528,3509.144966
-49.38100776,479.1522843,-37.41919683,479.8203769,-48.16420364,479.2202454,3510.681061
-49.44701496,480.6652436,-37.4849676,481.3297649,-48.24817657,480.731842,3512.191882
-49.51288735,482.1755112,-37.55053321,482.8284714,-48.33050156,482.2400513,3513.692022
-49.57515439,483.6817032,-37.61620982,484.3282735,-48.41184616,483.7445984,3515.193261
-49.63967385,485.1829985,-37.68298393,485.8418181,-48.49457932,485.2460938,3516.708278
-49.70551314,486.6842797,-37.74783573,487.3216515,-48.57445145,486.7445679,3518.189532
-49.76709733,488.2087919,-37.8153461,488.8519064,-48.65645599,488.2685547,3519.721275
-49.83303907,489.7283164,-37.88112077,490.3573996,-48.73632813,489.7860413,3521.228204
-49.89434888,491.2382728,-37.94724737,491.8579643,-48.81455994,491.294281,3522.730225
-49.96031043,492.765845,-38.01473926,493.3828713,-48.89341736,492.8209534,3524.256625
-50.02684236,494.2849342,-38.08153384,494.8917176,-48.97050858,494.3385925,3525.766949
-50.08681069,495.7998424,-38.14942015,496.41941,-49.04914474,495.8536987,3527.296149
-50.15124053,497.3155894,-38.21532193,497.9212516,-49.12596512,497.3676147,3528.799436
-50.21492806,498.8294588,-38.28123469,499.4355174,-49.20281601,498.8808594,3530.315136
-50.27891823,500.3437827,-38.34537772,500.9344581,-49.27767944,500.3933411,3531.815448
-50.33880149,501.8578593,-38.40910709,502.4288182,-49.35003662,501.9051819,3533.311167
-50.40264675,503.3701902,-38.47276653,503.9256379,-49.42037582,503.4159241,3534.809339
-50.46710467,504.8842148,-38.53454512,505.3995842,-49.48562241,504.9266052,3536.28458
-50.52502776,506.3962225,-38.59678935,506.8873959,-49.54779434,506.4364624,3537.773693
-50.58942442,507.910514,-38.65713177,508.3360254,-49.60161591,507.9457397,3539.223579
-50.64751475,509.4228218,-38.71804567,509.7960929,-49.64881134,509.454071,3540.684916
-50.70933849,510.935927,-38.77829586,511.224095,-49.68519974,510.9606628,3542.114189
-50.77081756,512.4503127,-38.83740385,512.6270919,-49.70750046,512.4660645,3543.51843
-50.82634765,513.9647959,-38.8978225,514.0249297,-49.71508408,513.9703979,3544.917573
-50.88614757,515.4788089,-38.95869911,515.4263851,-49.70847702,515.4736328,3546.32035
-50.94551691,516.9930509,-39.02009464,516.8365915,-49.68875885,516.9765625,3547.731892
-50.99988689,518.5093107,-39.08217817,518.2534476,-49.65647125,518.4804688,3549.150108
-51.05842963,520.0312787,-39.14543786,519.6499656,-49.60831833,519.9848633,3550.548058
-51.11591847,521.557656,-39.21011808,521.0399652,-49.5429039,521.4892578,3551.939562
-51.17201767,523.0914043,-39.27692569,522.4133532,-49.45714951,522.9936523,3553.314574
-51.22693543,524.6322913,-39.34542561,523.7940705,-49.35088348,524.499939,3554.696989
-51.2782231,526.1798669,-39.41529653,525.1839951,-49.2243309,526.0074463,3556.088669
-51.33092074,527.7333601,-39.48577948,526.5852626,-49.07820892,527.5150146,3557.491708
-51.38147074,529.2969479,-39.55763027,527.9947315,-48.91191101,529.0249634,3558.903007
-51.4299951,530.8704078,-39.62979718,529.4131038,-48.72525406,530.536377,3560.323214
-51.47812366,532.4541943,-39.70292111,530.8466883,-48.51859665,532.0501709,3561.758662
-51.52908863,534.0185973,-39.7750524,532.2643567,-48.29681396,533.5361938,3563.178165
-51.58259271,535.5959391,-39.84788228,533.693405,-48.05558014,535.0241089,3564.609067
-51.63432283,537.1832339,-39.92166666,535.1360591,-47.79547501,536.5122681,3566.053607
-51.67667848,538.781982,-39.99342526,536.5942124,-47.51633835,538.0029297,3567.513525
-51.71468611,540.3911453,-40.06160276,538.06106,-47.21856689,539.4921265,3568.981956
-51.74617211,542.0108519,-40.12942585,539.538904,-46.90195084,540.9800415,3570.461356
-51.76533382,543.6412816,-40.19578192,541.0270992,-46.566082,542.4664917,3571.95103
-51.77082584,545.2772213,-40.24758122,542.5280318,-46.21191406,543.9509888,3573.452856
-51.76598285,546.9235108,-40.27802662,544.0342816,-45.8392067,545.4329224,3574.959413
-51.74412689,548.5451813,-40.30128679,545.5214673,-45.45588684,546.8835449,3576.446781
-51.70387036,550.1668258,-40.30456121,547.0215545,-45.05607224,548.3325806,3577.946872
-51.65379527,551.7978663,-40.26821577,548.5211256,-44.63972855,549.7792358,3579.446883
-51.57205691,553.4373246,-40.1732885,550.0136994,-44.20555496,551.2247925,3580.942472
-51.4521159,555.0754713,-40.01221728,551.4982357,-43.75416183,552.668335,3582.435721
-51.28521517,556.7143651,-39.80318724,552.9764042,-43.28487396,554.1098633,3583.928596
-51.07587608,558.3498832,-39.57375207,554.4589013,-42.79784775,555.5495605,3585.428742
-50.81598682,559.9874806,-39.3448966,555.9480987,-42.29206085,556.9859009,3586.935422
-50.5026121,561.6163016,-39.10469242,557.4435757,-41.76760864,558.418457,3588.450067
-50.14192884,563.2444228,-38.83580083,558.9373552,-41.22343445,559.8469238,3589.967855
-49.7555658,564.8409093,-38.52820883,560.3943027,-40.67059708,561.2427979,3591.456918
-49.34040141,566.432972,-38.17587759,561.8448417,-40.09848404,562.6349487,3592.949634
-48.89293629,568.0223432,-37.78545538,563.2895273,-39.50701523,564.0230713,3594.446145
-48.41116384,569.6119813,-37.36202287,564.7287166,-38.89559937,565.4064941,3595.946332
-47.89668348,571.1914166,-36.90589555,566.1625019,-38.26511765,566.7844238,3597.450922
-47.352313,572.7572283,-36.41892935,567.5917136,-37.61641693,568.1574707,3598.960817
-46.77686157,574.317492,-35.89982153,569.0119535,-36.94980621,569.5241089,3600.472953
-46.16887057,575.8744894,-35.3466558,570.421675,-36.26454163,570.8841553,3601.98732
-45.52710285,577.4255974,-34.76339104,571.8217643,-35.56037903,572.2366943,3603.504042
-44.86578105,578.9399843,-34.1372674,573.2079997,-34.84065247,573.5838013,3605.025121
-44.17232904,580.4548139,-33.47960265,574.5824254,-34.10391235,574.925293,3606.54879
-43.47596593,581.9017369,-32.7964759,575.9147605,-33.3692131,576.2358398,3608.046048
-42.72627948,583.3436049,-32.08147763,577.2319904,-32.61982346,577.5410767,3609.544819
-41.94206842,584.740574,-31.32961662,578.5330494,-31.85860252,578.8424683,3611.0475
-41.07627354,586.1695209,-30.55883894,579.8224396,-31.0780983,580.1358032,3612.549707
-40.1618657,587.5921399,-29.76239648,581.0983745,-30.27655792,581.4194336,3614.053812
-39.20757346,588.9873465,-28.9334092,582.3566929,-29.45459938,582.6930542,3615.560658
-38.19964545,590.3860596,-28.06592738,583.5904846,-28.60870743,583.9544678,3617.068891
-37.1380764,591.7919956,-27.14524041,584.7869147,-27.73522568,585.2005005,3618.578563
-36.05351045,593.1621146,-26.19105081,585.96134,-26.83594513,586.4321899,3620.091755
-34.95921357,594.4703477,-25.21056934,587.121317,-25.91571617,587.6528931,3621.610601
-33.84936405,595.733691,-24.23011588,588.2424071,-24.99357605,588.8369751,3623.09994
-32.72393014,596.957075,-23.23183165,589.353284,-24.05301857,590.0111084,3624.593466
-31.58805779,598.1515661,-22.21227611,590.4508203,-23.09581947,591.1765137,3626.091491
-30.45154986,599.2910523,-21.16555662,591.5338968,-22.12661934,592.336731,3627.597703
-29.2511165,600.4625299,-20.10442015,592.5944962,-21.13920021,593.4846191,3629.097997
-28.05584475,601.6271001,-19.01777103,593.6337002,-20.13414001,594.6210327,3630.601577
-26.88487406,602.8218494,-17.90963539,594.6508202,-19.111166,595.7446899,3632.105737
-25.72657647,604.0309572,-16.77823289,595.6442212,-18.07032967,596.8552246,3633.611365
-24.55145569,605.2435946,-15.62583909,596.6123891,-17.01041412,597.9512939,3635.116477
-23.32886689,606.4122492,-14.44874929,597.5527959,-15.93181419,599.0324097,3636.623097
-22.07500789,607.5477358,-13.25030224,598.4682552,-14.83487129,600.0985718,3638.131189
-20.80229064,608.6641616,-12.03037566,599.3571907,-13.71973705,601.1495972,3639.640635
-19.52315154,609.7288809,-10.81632283,600.1985254,-12.6107893,602.1627197,3641.117716
-18.19448972,610.7363775,-9.579984556,601.0096667,-11.48457527,603.1601563,3642.596392
-16.81869067,611.6846809,-8.320672341,601.7885472,-10.34144688,604.1417847,3644.077109
-15.42607278,612.5867016,-7.038260052,602.5400333,-9.183008194,605.1089478,3645.563485
-14.01673795,613.4562332,-5.735992008,603.2628452,-8.009885788,606.0619507,3647.0529
-12.58056988,614.2899438,-4.419142104,603.9579571,-6.82220459,607.0001221,3648.541952
-11.11666888,615.0803685,-3.089353,604.6276975,-5.620206833,607.9232178,3650.030875
-9.624379976,615.8157124,-1.740508634,605.2673611,-4.40457201,608.8317871,3651.523708
-8.115342272,616.5105938,-0.370144592,605.872347,-3.175992012,609.7262573,3653.021675
-6.60055151,617.1828504,1.022250761,606.4386188,-1.934949398,610.6067505,3654.524814
-5.083045267,617.8330682,2.434152399,606.9709842,-0.682070613,611.4738159,3656.033748
-3.556118372,618.4551779,3.856464779,607.4791535,0.582115948,612.3275757,3657.544115
-2.022838614,619.0544346,5.283030004,607.971208,1.857295752,613.1681519,3659.053156
-0.480742792,619.628362,6.710539889,608.4498043,3.143064499,613.9953003,3660.558758
1.067899971,620.178119,8.140490203,608.9105997,4.438450813,614.8084106,3662.06112
2.612954183,620.7173809,9.57021858,609.3603823,5.743150711,615.607666,3663.559929
4.151645722,621.2534568,10.99543116,609.804202,7.056977749,616.3930054,3665.052647
5.686234753,621.7835199,12.4147952,610.2455517,8.379899979,617.1644897,3666.539046
7.21930619,622.3042256,13.82614083,610.6897884,9.711983681,617.9222412,3668.018655
8.712828249,622.804349,15.21002307,611.1272138,11.02328873,618.6518555,3669.470024
10.20407412,623.296335,16.59684332,611.5643495,12.34300804,619.3709717,3670.924107
11.69601511,623.7804967,17.98303142,612.0015091,13.67120552,620.079895,3672.377595
13.18792246,624.2586272,19.36945453,612.4381037,15.00769043,620.7788086,3673.831137
14.67652912,624.7384746,20.75405796,612.8751592,16.35219002,621.4675903,3675.283082
16.16257343,625.2166183,22.14153117,613.3127172,17.70445251,622.1467896,3676.737914
17.64989756,625.688882,23.52918805,613.749035,19.06433105,622.8164063,3678.19255
19.1346791,626.1614249,24.91844051,614.1893775,20.43157387,623.4769287,3679.649919
20.62000271,626.6322949,26.30611448,614.6257987,21.80606461,624.1278687,3681.104602
22.10350751,627.1001968,27.69708779,615.065507,23.18674469,624.7695923,3682.56342
23.58599566,627.5697742,29.08272164,615.5041242,24.57379723,625.4014893,3684.016818
25.06694223,628.0356197,30.47710306,615.9458597,25.96676445,626.0248413,3685.479497
26.54451631,628.5085169,31.86795297,616.3856701,27.36544991,626.6390381,3686.938228
28.0183858,628.9809564,33.27660127,616.8336138,28.76911736,627.2466431,3688.416384
29.49674759,629.4561702,34.65257292,617.2677209,30.17910004,627.8430786,3689.85921
30.97379735,629.9230881,36.05174664,617.712453,31.59408569,628.4315186,3691.327363
32.44967915,630.3977361,37.43401493,618.1506398,33.01460648,629.0096436,3692.777423
33.89342363,630.8615904,38.78217257,618.5793275,34.40955734,629.5648804,3694.192097
35.33805712,631.324282,40.11881643,619.0028308,35.80989456,630.1082153,3695.594228
36.78321868,631.7862104,41.45465735,619.4261387,37.21648788,630.6398315,3696.995535
38.23290309,632.23232,42.7953521,619.8533184,38.62808609,631.1600952,3698.40264
39.67771044,632.6918706,44.14421478,620.283582,40.04544067,631.6702881,3699.818464
41.12161764,633.1497796,45.51550194,620.7198649,41.46697617,632.1727905,3701.257481
42.56585454,633.6086483,46.89900644,621.1600949,42.89288712,632.6691284,3702.709337
44.01996343,634.0528755,48.26594234,621.591862,44.32516861,633.1571655,3704.142842
45.47408398,634.5135467,49.61195778,622.0127041,45.76527023,633.6338501,3705.553114
46.93156188,634.9741183,50.96996309,622.429742,47.21299362,634.0999146,3706.973712
48.39248916,635.4353371,52.33837244,622.8439039,48.66808319,634.5559082,3708.403423
49.86249625,635.8790181,53.71608622,623.2688542,50.13027954,635.0027466,3709.845185
51.33037372,636.3417618,55.10101215,623.7051544,51.59914017,635.44104,3711.297211
52.7679966,636.7945585,56.46270095,624.1399684,53.04032516,635.8618164,3712.726637
54.21288792,637.2308681,57.84679137,624.5843771,54.48684311,636.2774658,3714.180324
55.65534499,637.6837986,59.2528894,625.0350011,55.93794632,636.6901855,3715.656865
57.10393787,638.1377045,60.63030114,625.4783337,57.39416122,637.0958252,3717.103864
58.56201936,638.5794953,61.98955892,625.9165932,58.85647583,637.4916382,3718.532029
60.01211665,639.0328772,63.42398598,626.3745282,60.32112885,637.8864136,3720.037779
61.46274121,639.4860539,64.87584712,626.8367533,61.78759766,638.2821045,3721.561444
62.91609567,639.9406768,66.32144725,627.2955502,63.25624084,638.6776123,3723.078103
64.37125568,640.3972883,67.77314564,627.7562281,64.72749329,639.0735474,3724.601143
65.83011548,640.8446205,69.23828278,628.2203598,66.2008667,639.4713135,3726.138038
67.29023837,641.3056181,70.69202168,628.6807772,67.6772995,639.8691406,3727.662945
68.75168694,641.7683956,72.14927554,629.1422464,69.15570831,640.2669678,3729.19152
70.2168314,642.22034,73.62080258,629.6070953,70.63616943,640.6665039,3730.734723
71.64305648,642.6747383,75.08574634,630.0667174,72.08350372,641.0617065,3732.270077
73.07143652,643.1182062,76.5604047,630.5318238,73.53032684,641.4627686,3733.816344
74.49733949,643.5717379,78.02324901,630.9919501,74.97496033,641.8676758,3735.349847
75.95544352,644.0336188,79.50857591,631.4598857,76.44973755,642.2844238,3736.907139
77.41189443,644.4953566,80.97822386,631.9239411,77.92072296,642.7017212,3738.448312
78.86243143,644.9481018,82.46379455,632.3925509,79.38619995,643.1220703,3740.006039
80.30549811,645.4082211,83.94704448,632.8600745,80.8460083,643.5457153,3741.561227
81.7409865,645.8679391,85.44208071,633.3311535,82.29984283,643.9749146,3743.128725
83.17166646,646.3168659,86.95025781,633.8059874,83.74698639,644.4119873,3744.709884
84.59762883,646.7730916,88.44421964,634.2755757,85.18785095,644.8554688,3746.275909
86.03197201,647.2227604,89.87953302,634.7291328,86.62473297,645.2979736,3747.78118
87.49409767,647.6893258,91.3400238,635.1911713,88.09111023,645.7492065,3749.313013
88.94687299,648.1524903,92.82417751,635.6599394,89.55204773,646.2026367,3750.869437
90.39672102,648.6157018,94.29327382,636.1216395,91.00770569,646.6566162,3752.409375
91.84391555,649.0765906,95.75142337,636.5829833,92.45883942,647.1104736,3753.938767
93.29253408,649.530659,97.18704834,637.0376468,93.90632629,647.5617065,3755.444668
94.73268212,649.9898885,98.63063816,637.494382,95.3496933,648.0119629,3756.958788
96.16731805,650.458221,100.0644423,637.9489823,96.78966522,648.4605713,3758.462934
97.59998307,650.9210344,101.4935209,638.4016747,98.22624207,648.9073486,3759.961999
99.02870833,651.3809994,102.9239309,638.8528563,99.65927887,649.3529053,3761.461878
100.498541,651.8029951,104.3937863,639.3201075,101.1207733,649.80896,3763.004214
101.9752803,652.1935758,105.8554822,639.7849703,102.5784225,650.2647705,3764.538049
103.462462,652.560037,107.2796696,640.2366739,104.0337906,650.7155762,3766.032153
104.9611169,652.9231398,108.617994,640.6651137,105.4900818,651.1500244,3767.437384
106.4385381,653.3016867,110.0150134,641.1104129,106.9445801,651.5767212,3768.903656
107.9137871,653.6818499,111.3917261,641.5501429,108.39785,651.9933472,3770.34889
109.385455,654.0699499,112.7455471,641.9841933,109.8505096,652.3972168,3771.77059
110.8532988,654.4694693,114.0755467,642.4133263,111.3033676,652.7855225,3773.168107
112.314941,654.8967621,115.3796066,642.8360959,112.7575226,653.1550293,3774.538985
113.8029408,655.3441204,116.7206067,643.2727172,114.2451401,653.5145874,3775.949275
115.2884739,655.7854817,118.0737587,643.7132531,115.7332001,653.8579102,3777.372333
116.7773156,656.2120012,119.4240124,644.1537766,117.2222824,654.1847534,3778.79263
118.2738331,656.6315718,120.7457849,644.5902954,118.7133026,654.4908447,3780.184619
119.7739634,657.0529103,122.0550908,645.0234428,120.2061234,654.7739258,3781.563712
121.2783457,657.476012,123.3567869,645.4589201,121.7009735,655.0324707,3782.93632
122.7873001,657.9015034,124.6560067,645.8965199,123.1976318,655.2654419,3784.307256
124.3031877,658.3232579,125.9549272,646.3364285,124.6960907,655.4719238,3785.678648
125.8266499,658.7516755,127.252439,646.7776176,126.1959152,655.6505127,3787.049116
127.3594927,659.1790824,128.5536468,647.2218008,127.6969147,655.800415,3788.424049
128.9058932,659.6074409,129.8531895,647.6682076,129.1985016,655.9195557,3789.798127
130.4637374,660.0380871,131.1637905,648.116716,130.7004089,656.0077515,3791.183347
132.0320392,660.4709492,132.4907862,648.5672393,132.2018127,656.0656128,3792.584736
133.6135215,660.9051288,133.83251,649.0216155,133.7021942,656.0932617,3794.001309
135.2347354,661.3474506,135.2323742,649.498068,135.2336884,656.0929565,3795.480034
136.8709407,661.7850129,136.6476657,649.9579309,136.7629395,656.0640869,3796.968161
138.5248242,662.2187783,138.0761161,650.3818534,138.2893219,656.0062256,3798.458189
140.1921429,662.6479906,139.5211807,650.7662678,139.8122253,655.9202271,3799.95351
141.8781905,663.0670975,140.9781498,651.1218771,141.3310699,655.8057861,3801.453249
143.5847198,663.4832268,142.4469473,651.4529565,142.8450775,655.6625977,3802.958898
145.3118831,663.9044147,143.9290543,651.7630302,144.3536224,655.4907837,3804.473093
147.0612829,664.296155,145.4249895,652.0672964,145.8561707,655.2897339,3805.999658
148.8307997,664.6260812,146.9281991,652.3149295,147.3522034,655.0585327,3807.523128
150.6219502,664.8867741,148.4297138,652.4653742,148.8410034,654.7957764,3809.032161
152.4254664,665.0574683,149.938114,652.5727343,150.3222198,654.5006714,3810.544377
154.2338609,665.1019365,151.4482019,652.6152265,151.7955017,654.1719971,3812.055063
156.0341746,665.0168937,152.9463621,652.5407536,153.2603607,653.8094482,3813.555073
157.8364518,664.7649394,154.4060321,652.2880316,154.7144165,653.409668,3815.036459
159.616981,664.3318063,155.8236162,651.8807744,156.1556396,652.9705811,3816.511384
161.3695864,663.7191905,157.1930929,651.3460698,157.5792389,652.4900513,3817.981545
163.046581,662.9432371,158.5490153,650.6919388,159.0155487,651.9627686,3819.487006
164.6268766,661.9809012,159.8438619,649.9090197,160.4347839,651.4004517,3821.000146
166.1397028,660.9577839,161.0722473,649.0097179,161.8344421,650.8068237,3822.522537
167.6509117,659.8725901,162.2435086,648.0632678,163.2111206,650.1764526,3824.028399
169.0241644,658.7857988,163.4076601,647.1022692,164.5711823,649.522644,3825.537957
170.3921804,657.6629691,164.5310671,646.1299507,165.9095764,648.8424683,3827.023705
171.7339414,656.5044626,165.64679,645.1175499,167.2538757,648.1238403,3828.530288
173.0215765,655.3340806,166.7389485,644.0977323,168.5765686,647.3842773,3830.024557
174.2686263,654.1557974,167.8089601,643.0775557,169.8777771,646.6255493,3831.502963
175.5015026,652.9480862,168.8835216,642.0434294,171.1834717,645.8331299,3832.994305
176.7001285,651.7315293,169.91608,640.9807039,172.4669952,645.0231934,3834.476048
177.8711563,650.5086628,170.8905387,639.8730944,173.7276917,644.1957397,3835.9513
179.0142687,649.2794304,171.8118642,638.7219621,174.9685974,643.3491821,3837.42573
180.1451068,648.0411385,172.6891252,637.5436674,176.1942596,642.4786377,3838.894732
181.2545394,646.7894019,173.5423913,636.3546469,177.4064026,641.5827637,3840.358232
182.3469312,645.525188,174.3914776,635.1663875,178.6095581,640.6587524,3841.81868
183.3962077,644.2590534,175.2232731,634.0012627,179.7828369,639.723938,3843.250252
184.4222804,642.9677928,176.0504907,632.8272721,180.949234,638.7609863,3844.686408
185.4328351,641.6681159,176.8780661,631.6436395,182.108017,637.7720947,3846.130661
186.4190266,640.395066,177.6898607,630.4789739,183.2359467,636.7791748,3847.550329
187.3999857,639.1145101,178.5007897,629.3112183,184.3565674,635.7619019,3848.972039
188.3773764,637.822848,179.3095483,628.1398338,185.4704895,634.71875,3850.395496
189.3281772,636.5476181,180.1001805,626.9818771,186.5547943,633.6727295,3851.797624
190.2744533,635.2634144,180.8906889,625.8130131,187.6324615,632.6026611,3853.208704
191.216306,633.971595,181.6843283,624.6310711,188.7037048,631.5094604,3854.632379
192.134904,632.6979005,182.4593056,623.4635403,189.7457123,630.4176636,3856.033707
193.0492836,631.4147442,183.2320692,622.2855856,190.7804565,629.3049316,3857.442515
193.9624601,630.1239321,183.9988863,621.0989539,191.8070526,628.1715698,3858.85535
194.8522315,628.8529728,184.7478345,619.9288709,192.8033905,627.043457,3860.244601
195.7395105,627.5745413,185.4948717,618.7469549,193.7918701,625.8963013,3861.64281
196.6219249,626.2849169,186.2330022,617.5529912,194.7720642,624.7301025,3863.046515
197.5024822,624.9892932,186.9707251,616.3423748,195.7443848,623.5458374,3864.464198
198.3621968,623.7127569,187.6815238,615.1514763,196.6869507,622.3699341,3865.851092
199.2173848,622.4280747,188.3902278,613.9401986,197.6219025,621.1773071,3867.254465
200.0631549,621.1335316,189.1030634,612.6994636,198.5510254,619.9699097,3868.685394
200.9137293,619.829371,189.7848567,611.4659369,199.471283,618.7453613,3870.094802
201.7416392,618.5461963,190.4414224,610.2435116,200.3622589,617.5327148,3871.48239
202.5671471,617.2567907,191.0987962,608.999886,201.2458344,616.305481,3872.889069
203.3840082,615.9549527,191.7563358,607.7492019,202.1218109,615.064209,3874.302069
204.197939,614.6444314,192.4147278,606.4881898,202.9907684,613.8088379,3875.724613
205.0068726,613.3223645,193.0629546,605.2284108,203.8511658,612.5391846,3877.141384
205.7910746,612.0215611,193.6942829,603.9867358,204.6835785,611.2859497,3878.534342
206.5668523,610.7107587,194.33132,602.7311022,205.5087433,610.0206909,3879.942331
207.3307219,609.3850083,194.9519143,601.4907618,206.3236847,608.7427979,3881.329264
208.0928399,608.0546351,195.5736318,600.2442736,207.1283875,607.4529419,3882.722198
208.8468858,606.7186614,196.2107094,598.9634166,207.9259338,606.1534424,3884.152744
209.598914,605.3759923,196.8379578,597.6945043,208.7144165,604.8435669,3885.568222
210.337451,604.0225246,197.4717869,596.4056682,209.495575,603.5241089,3887.004481
211.0618344,602.6965442,198.0850928,595.1508104,210.2509613,602.2250366,3888.401195
211.7829225,601.3601717,198.6769154,593.9291962,210.9947205,600.913269,3889.758618
212.4997866,600.0166297,199.2695721,592.7013756,211.7268066,599.5892334,3891.12199
213.2061012,598.6619661,199.8630973,591.4701815,212.4470978,598.2528687,3892.488779
213.9134945,597.3028546,200.4534948,590.2336128,213.1552124,596.9046021,3893.859061
214.6213609,595.9388683,201.0453952,588.9845447,213.8518372,595.5446777,3895.241275
215.3291639,594.5690403,201.6370625,587.7296927,214.5368652,594.1732788,3896.628619
216.0138104,593.2244527,202.2121031,586.4957143,215.1942444,592.8248901,3897.990006
216.7024277,591.8767928,202.7882654,585.2415267,215.8420258,591.4664917,3899.370205
217.392978,590.5231802,203.3570655,583.9884224,216.4792633,590.0977783,3900.746361
218.083694,589.1631676,203.9208703,582.7351955,217.1050415,588.7189941,3902.120571
218.7667473,587.790613,204.4654117,581.5184307,217.7145844,587.3291626,3903.453628
219.4487131,586.4135935,205.0172102,580.2810071,218.3093872,585.9294434,3904.808508
220.1215621,585.0357431,205.6039861,578.9515183,218.8987122,584.5232544,3906.261727
220.7884068,583.6496834,206.1814263,577.6351464,219.4802094,583.1110229,3907.699181
221.4526337,582.2602548,206.7639786,576.3007158,220.0553894,581.6933594,3909.155227
222.1128672,580.8665213,207.3466192,574.9593568,220.6243744,580.2710571,3910.617662
222.7678057,579.4661026,207.9249773,573.6184039,221.1868896,578.8432617,3912.078022
223.4137085,578.0586378,208.5031204,572.2656664,221.7437897,577.4098511,3913.549127
224.0331728,576.6787157,209.0678725,570.9433957,222.2812958,576.0073242,3914.986953
224.6472096,575.2933945,209.6326578,569.610858,222.8140717,574.5996094,3916.43424
225.2548366,573.901254,210.19879,568.2737689,223.3422852,573.1864014,3917.886243
225.8561268,572.5028666,210.7653061,566.9239755,223.8668518,571.7674561,3919.350102
226.4607547,571.0994138,211.3300998,565.5738835,224.3873291,570.3422241,3920.81357
227.0553117,569.6835377,211.8860531,564.2364595,224.9015656,568.9101563,3922.261944
227.6183217,568.2401898,212.4230167,562.9502144,225.4032593,567.4690552,3923.655772
228.1297425,566.7854704,212.9833478,561.5974566,225.8991089,566.0214233,3925.119987
228.6058642,565.3133055,213.5434174,560.2446565,226.3884888,564.5671387,3926.584141
229.0574433,563.830271,214.1078583,558.8805014,226.8720398,563.1066895,3928.060458
229.4858638,562.3779931,214.6585021,557.5453246,227.337738,561.6778564,3929.504724
229.8885092,560.9165631,215.2164577,556.1891518,227.7998657,560.2435913,3930.971189
230.283014,559.4489329,215.7776758,554.8296002,228.2582703,558.8041382,3932.442021
230.6872184,557.9813453,216.3397375,553.4605553,228.7134857,557.359436,3933.921952
231.097804,556.5127349,216.8964904,552.0804673,229.1659241,555.90979,3935.410111
231.5105911,555.0412425,217.4456436,550.6975342,229.6149597,554.4558105,3936.898087
231.9213272,553.5671897,217.9879486,549.3098819,230.0602264,552.9985352,3938.387944
232.3240806,552.0874062,218.5228383,547.9224183,230.5012054,551.5372925,3939.874942
232.7225335,550.6047287,219.0517084,546.5260086,230.9382629,550.0723877,3941.368148
233.1247243,549.1208727,219.5741168,545.1209183,231.3718719,548.6034546,3942.867211
233.5320537,547.637333,220.0931064,543.7069828,231.8023682,547.1314697,3944.373386
233.9422521,546.1521919,220.6071137,542.2866785,232.2301025,545.6558838,3945.883839
234.3585446,544.6671843,221.1169865,540.8592251,232.6552887,544.1773682,3947.39962
234.7844256,543.1838696,221.6213442,539.4247331,233.0781708,542.6965942,3948.920194
235.2136094,541.7422472,222.1055609,538.0266007,233.4873962,541.2529297,3950.399802
235.6521768,540.3023959,222.5864647,536.6219583,233.8946075,539.807312,3951.884487
236.0896932,538.8608897,223.0616221,535.2128979,234.299942,538.3597412,3953.371506
236.5199175,537.4179549,223.5349154,533.7901787,234.7047424,536.9108276,3954.870884
236.9495814,535.9737399,224.0032807,532.3622156,235.1093597,535.4603882,3956.373697
237.3771754,534.5275489,224.4686292,530.9299651,235.5140533,534.0083008,3957.879648
237.8034206,533.0793756,224.9288376,529.49687,235.9184875,532.5548706,3959.384824
238.2297303,531.6299286,225.3879051,528.0520323,236.3241119,531.098999,3960.900838
238.6553925,530.1774356,225.8441669,526.6011315,236.731308,529.6403198,3962.421788
239.0815168,528.7212497,226.2960768,525.1479838,237.1398315,528.1785889,3963.943583
239.5066801,527.2614967,226.7439834,523.6927503,237.5493164,526.7141724,3965.466188
239.9341991,525.7986043,227.1861897,522.242254,237.9584961,525.2474365,3966.982593
240.3613374,524.3339039,227.6259076,520.7827647,238.3681946,523.7781372,3968.506884
240.787732,522.8689099,228.0631863,519.3162645,238.778656,522.3079834,3970.037189
241.215457,521.4022865,228.4973322,517.85019,239.1896362,520.8364868,3971.566195
241.6434237,519.935109,228.9297261,516.3798692,239.6013794,519.3640747,3973.098777
242.0708597,518.4671041,229.3583092,514.9094972,240.0135193,517.8913574,3974.630337
242.4971874,516.9966988,229.7840333,513.4365,240.4264526,516.4168091,3976.163622
242.9245144,515.5267373,230.2091699,511.9606939,240.8400269,514.9421387,3977.699442
243.352154,514.0546608,230.6343746,510.4857057,241.2542877,513.4659424,3979.234496
243.7789527,512.5810921,231.0634307,509.0061152,241.6697845,511.9880981,3980.77504
244.2042387,511.1042635,231.4916662,507.5268535,242.0862274,510.5082397,3982.31504
244.6303668,509.6270286,231.9203858,506.0449867,242.5035095,509.0276184,3983.857678
245.0578049,508.1481827,232.3487067,504.5627332,242.9216309,507.5455322,3985.400576
245.484928,506.6679603,232.7781618,503.0777133,243.3407593,506.0621338,3986.946446
245.9006518,505.2263563,233.1964612,501.6319221,243.7494354,504.6177063,3988.451533
246.3159303,503.7829138,233.6151495,500.1850831,244.1589966,503.1719055,3989.957735
246.7312384,502.338614,234.0361158,498.7359006,244.5695648,501.7251587,3991.466821
247.146374,500.8958857,234.4601911,497.2748169,244.9825592,500.2782593,3992.988204
247.561279,499.4518581,234.8846738,495.8166788,245.3974762,498.8313599,3994.506872
247.9777343,498.0063856,235.3087122,494.3600158,245.8141479,497.383667,3996.023999
248.3950449,496.5596468,235.7302658,492.9120301,246.2309875,495.9363708,3997.532101
248.8119485,495.1134572,236.1527935,491.4622092,246.6483307,494.4894104,3999.042237
249.2266839,493.6659974,236.5743584,490.0153644,247.0658112,493.042511,4000.549246
249.643715,492.2171325,236.9939354,488.5755171,247.4825287,491.5949707,4002.048981
250.0616905,490.7660808,237.4123369,487.1433008,247.8974457,490.1462402,4003.541061
250.4800646,489.3148557,237.8294367,485.7151593,248.3097382,488.6972961,4005.028865
250.8962935,487.8640031,238.2468288,484.2870576,248.7194366,487.2484436,4006.516713
251.3142021,486.4130693,238.665226,482.8579821,249.1269989,485.7983398,4008.005777
251.7326064,484.9629071,239.083466,481.4269016,249.5324707,484.3478699,4009.496722
252.150208,483.5130441,239.5021102,479.9965642,249.9357452,482.8973694,4010.987067
252.5683359,482.0633936,239.9218074,478.5643567,250.3372803,481.446106,4012.479502
252.9864325,480.6153357,240.343301,477.1230663,250.7382813,479.9943542,4013.98116
253.40478,479.16738,240.7666224,475.678556,251.1392212,478.5419617,4015.486421
253.8227185,477.7198381,241.1895164,474.2313203,251.5402832,477.0895691,4016.994178
254.2409897,476.2717783,241.6150117,472.7793032,251.9423676,475.6359558,4018.507254
254.6603699,474.8223069,242.0408604,471.3267551,252.3453674,474.1810608,4020.020939
255.0814842,473.3707024,242.464766,469.8771186,252.7486267,472.7247314,4021.531284
255.5008477,471.9170736,242.888464,468.4279969,253.151825,471.2672424,4023.041077
255.9224598,470.4622162,243.3132595,466.9803371,253.5546722,469.8083801,4024.549775
256.3446537,469.0086653,243.7392652,465.5257397,253.9578552,468.3491821,4026.065471
256.7639566,467.5535348,244.165924,464.0692808,254.3616638,466.8891296,4027.583137
257.1858449,466.099268,244.593616,462.6086331,254.7665253,465.4286194,4029.105113
257.6068456,464.6430973,245.0216695,461.1468939,255.1726074,463.9668579,4030.628239
258.0291294,463.1851095,245.4491528,459.6863273,255.5795135,462.5038147,4032.150079
258.4524081,461.7259877,245.8755875,458.23094,255.9861298,461.0406189,4033.666654
258.8742262,460.2672386,246.3011977,456.7752845,256.3923645,459.5779419,4035.183254
259.296836,458.8083584,246.72572,455.3234213,256.79776,458.1155701,4036.695909
259.7193562,457.3492824,247.1498068,453.874005,257.2020569,456.6532898,4038.206094
260.1426018,455.8911125,247.5756531,452.4183661,257.6063538,455.1902466,4039.722745
260.5643242,454.4328801,248.002429,450.9594448,258.0109863,453.7268677,4041.242807
260.9871853,452.9746283,248.4288112,449.4980444,258.4162598,452.2629089,4042.765138
261.410378,451.5150396,248.8553387,448.0395636,258.8216553,450.7984314,4044.284708
261.8342761,450.0556839,249.2809647,446.5806862,259.2270508,449.3339539,4045.804405
262.2557381,448.5955626,249.7072764,445.1220521,259.6324463,447.8694153,4047.324062
262.6796862,447.1363043,250.1328755,443.6613323,260.0381165,446.4046936,4048.84552
263.1033861,445.6777371,250.5597178,442.1993682,260.4441833,444.9403381,4050.368522
263.5250336,444.2191264,250.9854353,440.7398272,260.8502197,443.4769592,4051.888882
263.9479395,442.7601914,251.4103691,439.2825732,261.256134,442.0135498,4053.406827
264.3716176,441.3010456,251.8367851,437.8222534,261.6625366,440.5491943,4054.928131
264.7944336,439.8415917,252.262934,436.3611419,262.0692749,439.0847168,4056.45012
265.2176796,438.3842274,252.6915585,434.891698,262.4776001,437.6202393,4057.980801
265.6406276,436.9255978,253.1188125,433.4239355,262.8871765,436.1556091,4059.509484
266.0629984,435.466462,253.5470389,431.9560789,263.2979736,434.6909485,4061.03853
266.4865652,434.008692,253.9750126,430.4884889,263.7097473,433.227417,4062.567249
266.910485,432.55127,254.4012403,429.0262151,264.1217346,431.7654114,4064.090376
267.331404,431.0943444,254.828215,427.5653323,264.5339966,430.3047791,4065.612376
267.7546088,429.6396803,255.2538669,426.1035545,264.9468079,428.8454285,4067.134866
268.1770427,428.1854366,255.6793076,424.644961,265.3598633,427.3873596,4068.654239
268.5990046,426.7340084,256.105288,423.1827382,265.7738342,425.9309692,4070.177247
269.0195594,425.2816454,256.5302717,421.7269718,266.1880188,424.4757385,4071.693778
269.4407241,423.8313009,256.9540985,420.2700965,266.6026611,423.0218811,4073.211051
269.8624863,422.3824487,257.3791181,418.8136741,267.0179443,421.5692444,4074.728222
270.2831751,420.9335282,257.804761,417.3563933,267.4342957,420.1168518,4076.246391
270.7047042,419.4852812,258.2291456,415.9004139,267.8513794,418.6653748,4077.762959
271.1255075,418.0358265,258.6532241,414.4480387,268.2688599,417.2140808,4079.275981
271.5466634,416.5860203,259.0765837,412.9981874,268.6863403,415.7630615,4080.786379
271.967762,415.1383671,259.5010457,411.5440303,269.1044617,414.3128357,4082.30122
272.3891536,413.6898533,259.9244919,410.0923609,269.5230103,412.8626404,4083.813387
272.8095831,412.2442025,260.3508329,408.6337729,269.9429626,411.4134827,4085.333007
273.2304747,410.7983803,260.775928,407.1774484,270.3640747,409.9650269,4086.850106
273.6513383,409.3528395,261.2006802,405.720348,270.7865295,408.5170288,4088.367853
274.0720673,407.9067092,261.6264905,404.2632633,271.2104492,407.0689697,4089.885881
274.4945152,406.4601098,262.0515286,402.8053888,271.6358948,405.6204834,4091.404451
274.9149867,405.0114393,262.4763209,401.3485547,272.0625916,404.1714783,4092.921954
275.337631,403.5630968,262.9009397,399.8931332,272.4900818,402.7228088,4094.438052
275.7594594,402.1160532,263.3255674,398.4371124,272.918335,401.2754211,4095.954727
276.1801485,400.6691453,263.7488551,396.9853326,273.3468018,399.8295288,4097.466957
276.6019674,399.223549,264.1709243,395.5361527,273.7752686,398.3850708,4098.976349
277.023679,397.7788567,264.5924874,394.0896405,274.2035522,396.941925,4100.483038
277.4454223,396.3343316,265.0126839,392.6488225,274.6309814,395.5000305,4101.983879
277.8665878,394.8900479,265.4321033,391.2126915,275.0570984,394.0591736,4103.480002
278.288879,393.4471285,265.8507021,389.7789169,275.4817505,392.6192627,4104.973633
278.7208392,391.9650281,266.2798856,388.3064225,275.9166565,391.1403809,4106.507399
279.1529311,390.4855534,266.710016,386.8326299,276.3504333,389.6628113,4108.042677
279.5843264,389.0090816,267.141941,385.3545344,276.7840271,388.1865845,4109.582587
280.0148364,387.5334905,267.5719776,383.8797639,277.217041,386.7119446,4111.118777
280.4455526,386.0594721,268.0018467,382.4077475,277.6493225,385.2388916,4112.652277
280.8760094,384.5868417,268.4298967,380.937744,278.08078,383.7673035,4114.183334
281.3056496,383.1173254,268.8595824,379.4651696,278.5120544,382.2975769,4115.717318
281.7349842,381.6478315,269.2867527,378.0000729,278.9422607,380.8294678,4117.243418
282.1638264,380.1811461,269.7149398,376.5337148,279.3718872,379.3631287,4118.771014
282.5926002,378.7162869,270.1423797,375.0689539,279.8009644,377.898468,4120.296868
283.0197621,377.2526384,270.5684081,373.6071612,280.229248,376.4356384,4121.819477
283.4471591,375.7910787,270.9947318,372.1470051,280.6568298,374.9745178,4123.340597
283.8742992,374.33042,271.4193032,370.6920808,281.0831604,373.5150757,4124.856205
284.3002505,372.8708274,271.8432258,369.240125,281.5081177,372.0570374,4126.368781
284.7262899,371.4141304,272.2673916,367.7872363,281.9320679,370.600708,4127.88232
285.1515124,369.9588565,272.6900358,366.3364802,282.35495,369.1459351,4129.393387
285.5768057,368.5045207,273.1114903,364.8909116,282.7762451,367.6926575,4130.89914
286.0005005,367.0522122,273.5335711,363.4455298,283.196228,366.2409363,4132.404889
286.4244722,365.6022183,273.9558493,362.0005099,283.6151428,364.7907104,4133.910346
286.8477564,364.1550476,274.3778568,360.5543079,284.0333557,363.3423767,4135.416862
287.2700414,362.7098958,274.8000452,359.1086685,284.4511108,361.895813,4136.922889
287.6919956,361.2655823,275.2198847,357.6684761,284.8677979,360.4510498,4138.423029
288.1134285,359.8246809,275.6416063,356.2258781,285.2841187,359.0082703,4139.926005
288.5448719,358.3456249,276.0720008,354.7488041,285.7108765,357.5283813,4141.464507
288.9767917,356.8698041,276.5032822,353.2709135,286.1372681,356.0505371,4143.00404
289.4066711,355.3946425,276.9327833,351.7987619,286.5626831,354.5747986,4144.537566
289.837905,353.9219686,277.3607196,350.3287129,286.9871216,353.1009827,4146.068636
290.2668,352.4525139,277.7899965,348.855446,287.4114075,351.629303,4147.60317
290.6955144,350.9836807,278.2175998,347.3897635,287.8346863,350.1596985,4149.129954
291.1227022,349.51773,278.6444721,345.9224573,288.2575073,348.6921997,4150.658092
291.5497205,348.0534666,279.0704395,344.4588515,288.6796265,347.2267456,4152.182425
291.9767216,346.5914606,279.4966829,342.996664,289.1011963,345.7631836,4153.705473
292.4025095,345.1310527,279.9219169,341.5366545,289.5221558,344.3015137,4155.226148
292.8275458,343.6704611,280.3472528,340.0762993,289.9431152,342.8397827,4156.747183
293.2540738,342.2089452,280.7723464,338.6165454,290.3640747,341.3771667,4158.267573
293.6808007,340.746265,281.1985165,337.1564014,290.7850342,339.9134521,4159.788639
294.1060919,339.2840837,281.6240796,335.6938491,291.2059937,338.4499207,4161.311847
294.5313456,337.8225414,282.0487871,334.2359975,291.6260986,336.987793,4162.830303
294.9562812,336.3640687,282.4742062,332.7757395,292.045929,335.5274048,4164.351268
295.3800794,334.9074306,282.8987716,331.3166813,292.4655151,334.0689392,4165.870842
295.8026593,333.45239,283.3230559,329.859559,292.8848572,332.6123657,4167.38848
296.2252271,331.9996218,283.7474503,328.4033541,293.3041077,331.1577148,4168.905267
296.6471686,330.5488152,284.1706544,326.9488226,293.7232361,329.7051392,4170.420114
297.0681662,329.1001057,284.5941513,325.4957956,294.142334,328.2546997,4171.9336
297.4890541,327.6531366,285.0166906,324.0444857,294.5614624,326.8060913,4173.445168
297.9094328,326.2072458,285.4378314,322.597627,294.9801636,325.359436,4174.952072
298.3297082,324.7630155,285.8590438,321.1530863,295.3984375,323.9144897,4176.456771
298.7485238,323.3196108,286.2777203,319.7119591,295.8159485,322.4712524,4177.957483
299.1675129,321.8798511,286.6987442,318.2681641,296.233429,321.0299683,4179.461413
299.5958726,320.4031846,287.1283221,316.788383,296.6618042,319.5524902,4181.002286
300.0257861,318.9272204,287.5564408,315.3166212,297.0890808,318.0768738,4182.535051
300.4529234,317.4541584,287.9859645,313.8403975,297.5163269,316.6029358,4184.072493
300.8814092,315.9817361,288.4132224,312.3723881,297.9424438,315.1309509,4185.601414
301.3077406,314.512411,288.841476,310.8997584,298.3685303,313.6606445,4187.13505
301.7345243,313.0432221,289.2676178,309.4353557,298.7935181,312.1921082,4188.660197
302.1597,311.5770301,289.6941404,307.9670568,299.2183228,310.7252197,4190.189191
302.5853439,310.1108741,290.1195095,306.5059295,299.6421204,309.2597351,4191.710977
303.0101762,308.647318,290.5449025,305.0424915,300.0654907,307.7957458,4193.234988
303.4345838,307.1847184,290.9692226,303.5829782,300.4880371,306.3333435,4194.754931
303.8577988,305.7247269,291.3941428,302.1202041,300.910553,304.8723755,4196.278172
304.2816755,304.2646811,291.8178842,300.6651769,301.3320618,303.4128418,4197.793646
304.7040116,302.8075347,292.2420976,299.2062958,301.7533875,301.9548645,4199.312952
305.1269596,301.351115,292.6646995,297.7527171,302.1739197,300.4984436,4200.826717
305.5492923,299.8968951,293.0877446,296.2984027,302.5940552,299.0435181,4202.341312
305.9708409,298.4450906,293.5115343,294.8430143,303.0141907,297.5903015,4203.857146
306.3919485,296.993333,293.9327137,293.3942604,303.4335022,296.1387329,4205.365881
306.8123034,295.5438011,294.3554772,291.9448595,303.8524475,294.6886597,4206.875679
307.2324521,294.096049,294.7767261,290.4966667,304.2709961,293.2402649,4208.383894
307.6528169,292.6494063,295.1968966,289.0526992,304.6887512,291.7935181,4209.887751
308.0717054,291.2046634,295.6174373,287.6083183,305.1060791,290.3482971,4211.392108
308.4911375,289.7610903,296.0366246,286.1673437,305.5226746,288.904541,4212.892817
308.9097417,288.3182809,296.4568592,284.7235367,305.9394226,287.4608459,4214.396538
309.3283361,286.875767,296.8766165,283.2781999,306.3565369,286.0171509,4215.901594
309.7482216,285.4334399,297.2970733,281.8324705,306.7741089,284.5733032,4217.407222
310.1676245,283.9883034,297.7165297,280.3891177,307.191864,283.1281128,4218.91029
310.5875977,282.542391,298.136971,278.9454673,307.6096191,281.6820679,4220.413918
311.0079056,281.0983064,298.5577195,277.4994245,308.0274048,280.2367554,4221.919929
311.4268622,279.6539603,298.9780769,276.0546822,308.4451599,278.7918701,4223.424582
311.8470838,278.2097882,299.3987692,274.6106462,308.862915,277.3469849,4224.92865
312.2669596,276.7655161,299.8190254,273.166484,309.2806702,275.9020996,4226.432718
312.686498,275.3215521,300.2403007,271.7234596,309.6982422,274.4576721,4227.935978
313.1061666,273.8779226,300.6594209,270.2825819,310.1152649,273.0139771,4229.436575
313.5251466,272.4350595,301.079398,268.8388785,310.5324097,271.5703125,4230.940124
313.9450203,270.9928185,301.4986608,267.3985024,310.9490356,270.1276245,4232.440279
314.3639795,269.5513704,301.9192312,265.955747,311.3658142,268.6851196,4233.943084
314.7729634,268.145275,302.3302435,264.5432151,311.773468,267.276947,4235.414198
315.1816448,266.7359539,302.7378161,263.1427306,312.1799622,265.8692017,4236.872784
315.5917915,265.3292206,303.1507184,261.7263832,312.5882263,264.4594116,4238.34809
316.0019274,263.9167185,303.5611913,260.3151486,312.9971619,263.0468445,4239.817808
316.4145402,262.5002474,303.9701465,258.9077884,313.4057007,261.6316528,4241.283382
316.8255135,261.0872291,304.3838611,257.4869476,313.8153076,260.216156,4242.76323
317.2377077,259.6716223,304.7950552,256.0729424,314.224823,258.8002319,4244.23581
317.6493567,258.2559003,305.2064797,254.6583477,314.6342468,257.3841553,4245.70902
318.0612602,256.8402388,305.6173296,253.2442945,315.0434265,255.9681702,4247.18155
318.4747526,255.4222641,306.0275521,251.8381847,315.4512939,254.5516815,4248.646277
318.8855931,254.009472,306.4395643,250.4180405,315.8597107,253.136322,4250.124981
319.2968817,252.5949397,306.8502514,249.0058537,316.2677002,251.7214508,4251.595673
319.7103163,251.17893,307.2588622,247.6022242,316.6740723,250.3067627,4253.057568
320.1208687,249.7690883,307.6708654,246.1849374,317.0808105,248.8939056,4254.533525
320.5315377,248.3576303,308.0795899,244.7778956,317.4866333,247.4822693,4255.998729
320.9430838,246.9444534,308.4869668,243.3792917,317.890625,246.0707855,4257.455454
321.3546621,245.5329074,308.894925,241.9759453,318.2936401,244.6590576,4258.916896
321.7653556,244.1219029,309.3056159,240.5641682,318.6971741,243.2458191,4260.387196
322.1793627,242.7034566,309.7159023,239.1550298,319.1011047,241.8270569,4261.854849
322.5955005,241.2722088,310.1262822,237.7447247,319.5053711,240.3980255,4263.323648
323.0159079,239.8303379,310.5426812,236.3150767,319.9118958,238.9555511,4264.812702
323.4391527,238.3752779,310.9646528,234.8642294,320.3221436,237.4979706,4266.323668
323.867698,236.904004,311.3888582,233.4020381,320.7355042,236.0250092,4267.846151
324.3005925,235.4188677,311.8165597,231.9344386,321.150116,234.5395355,4269.374803
