left_border_x,left_border_y,right_border_x,right_border_y,pos_x,pos_y,Lapdist
413.7982378,-209.9049781,414.610778,-198.094944,414.0029602,-206.9293976,0
412.2500054,-209.757757,413.064931,-197.9473214,412.4525452,-206.8224182,1.552879656
410.7077658,-209.6092928,411.5293711,-197.7995197,410.9091187,-206.7150421,3.095536384
409.1771627,-209.461639,410.0094668,-197.6513964,409.3783264,-206.6071625,4.622641313
407.6605738,-209.3141706,408.5071954,-197.5045004,407.8624268,-206.4984894,6.13207753
406.1570274,-209.1661536,407.0212967,-197.3576313,406.360321,-206.3885498,7.625217015
404.6626448,-209.0194809,405.5469633,-197.2111001,404.868042,-206.2767944,9.106814282
403.173071,-208.8717105,404.0785151,-197.063866,403.3807983,-206.1627502,10.5826252
401.6839261,-208.7227756,402.6099841,-196.9155668,401.8938599,-206.0461273,12.05862522
400.1921066,-208.5733403,401.1378585,-196.7672218,400.4041138,-205.9267883,13.53820621
398.6960134,-208.4231238,399.6593188,-196.6180531,398.909668,-205.8048401,15.02425166
397.1951774,-208.2716594,398.1746205,-196.4676534,397.4101868,-205.6804199,16.51654829
395.6903313,-208.1196842,396.6840716,-196.3171911,395.9063721,-205.5538025,18.01467203
394.1824833,-207.9669823,395.1885798,-196.1657492,394.3991699,-205.4253082,19.51781225
392.6724689,-207.8136435,393.6893003,-196.0156807,392.8895264,-205.2951965,21.02458348
391.1611454,-207.6604582,392.1871416,-195.864004,391.3782959,-205.1637573,22.53438036
389.6489207,-207.5066242,390.6834384,-195.7140273,389.8660889,-205.0310974,24.04554423
388.136256,-207.3544573,389.1774305,-195.565023,388.353241,-204.8974915,25.55890542
386.6232107,-207.2013147,387.6707762,-195.4153414,386.8399353,-204.7629852,27.07297663
385.1100145,-207.0481379,386.1627899,-195.2664135,385.3262939,-204.6277313,28.58829918
383.5966121,-206.8949875,384.6541285,-195.1196427,383.812439,-204.4917755,30.10408304
382.0830762,-206.742079,383.1441122,-194.9724786,382.2982483,-204.3552704,31.62125365
380.5692767,-206.590208,381.6333096,-194.8246785,380.783783,-204.2183075,33.1392686
379.055442,-206.4375391,380.1212652,-194.6773519,379.2690125,-204.0810242,34.65847336
377.5414288,-206.2843505,378.6087118,-194.5309795,377.7539978,-203.9434509,36.17809267
372.9038833,-205.820073,373.9719321,-194.0808756,373.1130371,-203.5212097,40.83666745
371.3258872,-205.6611511,372.3941107,-193.9284901,371.5338135,-203.3774261,42.42183046
369.7468057,-205.5037053,370.8187524,-193.7741608,369.9543152,-203.233078,44.00473011
368.1676601,-205.3452333,369.241178,-193.6206659,368.3742981,-203.0884094,45.58975436
366.5875703,-205.1874615,367.6667732,-193.4673299,366.7942505,-202.9429169,47.17160848
365.0080939,-205.0294464,366.0876723,-193.3116709,365.2137451,-202.7973022,48.75836276
363.4279293,-204.8726121,364.510482,-193.1564762,363.6331787,-202.6512604,50.34317027
361.8475051,-204.71559,362.9330034,-193.0012542,362.0523682,-202.504776,51.92826727
360.266168,-204.5581876,361.3575946,-192.8444837,360.4712219,-202.3574524,53.51145701
358.6854852,-204.4017283,359.77869,-192.6881253,358.8900452,-202.2098846,55.09808479
357.1059484,-204.2459638,358.1939362,-192.5311893,357.3086853,-202.0630188,56.69059026
355.5251496,-204.089199,356.6150361,-192.3734562,355.7273254,-201.9159088,58.27734955
353.9433091,-203.9342984,355.039464,-192.2168039,354.1459656,-201.7679749,59.86069017
352.3613082,-203.777988,353.4648355,-192.0590462,352.5646057,-201.6190643,61.44320156
350.7798313,-203.6227721,351.887185,-191.9016299,350.9832458,-201.4696655,63.02868606
349.1978302,-203.4670229,350.3116701,-191.7442736,349.401886,-201.3194122,64.61203949
347.6155805,-203.3109977,348.7376023,-191.5878046,347.8206787,-201.1680756,66.19386501
346.0331208,-203.1551924,347.1639612,-191.42971,346.2394714,-201.0155792,67.77542763
344.4509663,-202.9991385,345.5896912,-191.2735087,344.6585083,-200.8620453,69.35742796
342.8687419,-202.8424433,344.0155293,-191.116533,343.0775452,-200.707428,70.93939725
341.2856327,-202.6867172,342.4440225,-190.9602127,341.496582,-200.5512543,72.51865962
339.702353,-202.5302467,340.8727785,-190.803355,339.9156189,-200.3934631,74.09771379
338.1193666,-202.3722308,339.2989133,-190.647593,338.3344421,-200.2343903,75.67926792
336.5362507,-202.2143217,337.7239466,-190.4916501,336.7530823,-200.074173,77.26193608
334.9527776,-202.0569653,336.1496753,-190.335014,335.1717224,-199.9127045,78.84398064
333.3687501,-201.8991286,334.577084,-190.1792507,333.5903625,-199.7496643,80.4242671
331.7843256,-201.7403875,333.0054648,-190.0232857,332.0089722,-199.5848541,82.00360628
330.2001178,-201.5823917,331.4299044,-189.8676631,330.4272461,-199.418808,83.58683366
328.6155403,-201.4249514,329.854701,-189.7108938,328.845459,-199.2514801,85.16981886
327.0309882,-201.2660833,328.2776396,-189.5547664,327.2633667,-199.0830688,86.75458967
325.4473342,-201.1073323,326.6949016,-189.3978805,325.6809692,-198.9144745,88.34508414
323.8629758,-200.9494932,325.112675,-189.2406318,324.0982056,-198.7455444,89.93510561
322.2781938,-200.7913877,323.5302181,-189.0834087,322.5150757,-198.5762482,91.52535373
320.6932573,-200.6332458,321.9451269,-188.9251403,320.9313049,-198.4069061,93.11832672
319.1084514,-200.4746414,320.3569881,-188.767284,319.3469849,-198.2379456,94.71429146
317.5232428,-200.3171325,318.7679941,-188.6091207,317.762207,-198.069458,96.31113759
315.9382369,-200.1583345,317.1767676,-188.4513962,316.1769714,-197.9017487,97.91016191
314.3519575,-200.001035,315.5867767,-188.2928943,314.5910034,-197.7344818,99.5080336
312.7645669,-199.8438416,313.9991557,-188.1360254,313.0046387,-197.5671997,101.1033857
311.1776285,-199.685654,312.4078803,-187.9777726,311.4177551,-197.4004517,102.7025109
309.5898789,-199.5285675,310.8167314,-187.8211402,309.8303223,-197.2341003,104.3013506
308.0019021,-199.37101,309.2251802,-187.6638579,308.2425232,-197.0681915,105.9006545
306.4135137,-199.214208,307.633774,-187.5069989,306.6544495,-196.9026642,107.4997726
304.8246098,-199.0568344,306.0425448,-187.3515262,305.0659485,-196.737381,109.098579
303.2349745,-198.899719,304.4524642,-187.1962167,303.4771118,-196.5720978,110.6962264
301.6460686,-198.7424131,302.8573126,-187.0411354,301.8877563,-196.4075775,112.2988988
300.0560921,-198.585077,301.2647812,-186.8862597,300.2980347,-196.2433319,113.8989434
298.4654343,-198.4273554,299.6731439,-186.7331528,298.7079468,-196.0791168,115.4979278
296.8731498,-198.2713499,298.085193,-186.5805058,297.1175232,-195.9142303,117.0931987
295.2820468,-198.11496,296.4912696,-186.4272267,295.5267639,-195.749649,118.6944751
293.689904,-197.9583772,294.8991429,-186.2760137,293.9355774,-195.5849457,120.2937665
292.0967836,-197.802851,293.309595,-186.1227234,292.3442383,-195.4197083,121.8906887
290.5040469,-197.647104,291.7160803,-185.9708874,290.7524109,-195.2544708,123.4914207
288.9106534,-197.4921254,290.1237072,-185.8172231,289.1603394,-195.0890503,125.091191
287.3170712,-197.3361727,288.5309658,-185.6653822,287.5680237,-194.9234314,126.6911537
285.722444,-197.1805385,286.9406852,-185.5110935,285.9754333,-194.7571716,128.2889014
284.1279594,-197.0242479,285.3485861,-185.3567061,284.3825684,-194.5905304,129.8884685
282.5331164,-196.8685661,283.7559945,-185.2018345,282.7893982,-194.4235382,131.4885726
280.9371662,-196.7112623,282.1658574,-185.0456216,281.1958008,-194.2556915,133.0863644
279.3410905,-196.5549487,280.5745576,-184.8892805,279.6020203,-194.0871735,134.6853257
277.7457391,-196.3986384,278.9793497,-184.7317152,278.0079651,-193.9186249,136.2882965
276.1498315,-196.2415878,277.3853597,-184.5726977,276.4136658,-193.7498169,137.8901987
274.5528596,-196.0842615,275.7939225,-184.4129987,274.8191223,-193.5802612,139.4896286
272.9555544,-195.9274108,274.201806,-184.2523888,273.2242737,-193.4100189,141.0898256
271.3583208,-195.7701214,272.6078347,-184.0913833,271.6290894,-193.2393494,142.6919078
269.7610194,-195.6139727,271.0119417,-183.9298337,270.0335388,-193.0685272,144.2959567
268.1624959,-195.4568038,269.419897,-183.7676352,268.4378662,-192.8968811,145.8962425
266.5641596,-195.3002705,267.8249642,-183.60588,266.8418274,-192.7248077,147.4993567
264.9656269,-195.1450489,266.2290327,-183.4434171,265.2455444,-192.5524597,149.1035362
263.3674763,-194.9886157,264.6312821,-183.2806754,263.6490479,-192.380127,150.7095535
261.7685243,-194.8325702,263.0340951,-183.117365,262.0520935,-192.2076111,152.315068
260.1689447,-194.6760807,261.4375125,-182.9545094,260.4548035,-192.0347443,153.9199349
258.5697872,-194.5201741,259.8378204,-182.7917627,258.8571777,-191.8620148,155.5278843
256.9707348,-194.3636287,258.2366956,-182.6291202,257.2592163,-191.689621,157.1372486
255.3706906,-194.2085669,256.6365455,-182.4667064,255.6608276,-191.5173035,158.74562
253.7709318,-194.0521584,255.0352308,-182.3046621,254.0622559,-191.3452606,160.3551128
252.1706764,-193.8967408,253.4335259,-182.1430095,252.4632721,-191.1734619,161.9649545
250.5693685,-193.7408062,251.8337198,-181.9830453,250.8639374,-191.0014801,163.572738
248.9685712,-193.5848149,250.2308746,-181.8238094,249.264267,-190.8297882,165.1834736
247.3671716,-193.4286375,248.6281962,-181.6646831,247.6641388,-190.6582642,166.7940322
245.7654691,-193.2721234,247.0247596,-181.5064446,246.0635681,-190.4869537,168.405258
244.1637755,-193.1148887,245.4204637,-181.3496136,244.462738,-190.3159637,170.0172012
242.5621687,-192.9579487,243.8149802,-181.1936966,242.8616791,-190.145462,171.630238
240.9595163,-192.8010743,242.2113563,-181.0381043,241.2602692,-189.9750366,173.2413924
239.3558713,-192.6448167,240.6088233,-180.8844993,239.658493,-189.8043823,174.8512702
237.7527682,-192.4883534,239.003508,-180.7307942,238.0564117,-189.6339569,176.4639271
236.1499239,-192.3311693,237.3961984,-180.578071,236.453949,-189.464035,178.0784761
234.5463911,-192.1746494,235.7892636,-180.4251861,234.851059,-189.2944794,179.6926673
232.9430298,-192.0172131,234.1809197,-180.272015,233.2478027,-189.1255035,181.3082885
231.3391833,-191.8589063,232.5730951,-180.1192065,231.6441956,-188.956955,182.9233582
229.7348013,-191.7023107,230.9654878,-179.9657916,230.0403137,-188.7887726,184.5382692
228.1300302,-191.5442707,229.3581586,-179.8124423,228.4360657,-188.6208344,186.152897
226.5252768,-191.3861461,227.7494253,-179.6584311,226.8314056,-188.4533386,187.7689856
224.9197257,-191.2275361,226.1420239,-179.5045297,225.2264252,-188.2859955,189.3837379
223.3142052,-191.0683575,224.5331565,-179.3495398,223.6209869,-188.1190033,191.0000535
221.7082445,-190.90889,222.924977,-179.1936788,222.0153198,-187.95224,192.6157682
220.1019605,-190.7487224,221.3168533,-179.0371016,220.4093323,-187.7856445,194.2314966
218.495344,-190.5881375,219.7083303,-178.8801011,218.8029327,-187.6192169,195.8476635
216.8883818,-190.4269638,218.1001102,-178.722852,217.1962891,-187.4528809,197.463553
215.2813579,-190.2659886,216.4906492,-178.5641737,215.5892334,-187.2868042,199.0808173
213.6736317,-190.1046433,214.8820552,-178.4055582,213.981842,-187.1207733,200.6972125
212.0659485,-189.9430579,213.2724688,-178.2464275,212.374176,-186.9549408,202.314646
210.4575546,-189.7816684,211.6639726,-178.0862944,210.7662506,-186.7890778,203.9310934
208.8486358,-189.6199338,210.0553324,-177.9261706,209.1578827,-186.6231079,205.5476834
207.2396631,-189.4594904,208.4456478,-177.7655875,207.5492859,-186.4572144,207.1653581
205.630689,-189.2987661,206.8347932,-177.6043039,205.9403229,-186.2915497,208.7842666
204.0215843,-189.1380965,205.2229885,-177.4422035,204.3309631,-186.126236,210.4042021
202.4120981,-188.9785437,203.6108924,-177.2798199,202.721283,-185.9612885,212.0244559
200.802407,-188.8189079,201.998506,-177.1174333,201.1113281,-185.7967224,213.6449988
199.1922129,-188.6587071,200.3866885,-176.9546214,199.5010681,-185.6323853,215.2650184
197.5822123,-188.500137,198.7726029,-176.7906917,197.8903961,-185.4686432,216.8874072
195.9721296,-188.3409099,197.157476,-176.6277798,196.2792969,-185.305603,218.5107294
194.3618977,-188.1825509,195.5414928,-176.464382,194.6678314,-185.1433868,220.1349525
192.7516542,-188.02382,193.9249157,-176.3001951,193.0560608,-184.9820862,221.759846
191.1410242,-187.8646846,192.3080372,-176.1369473,191.4438324,-184.8216553,223.3849446
189.5302282,-187.7070421,190.6901405,-175.9730195,189.8312073,-184.6622467,225.0111249
187.9193799,-187.5497212,189.0713944,-175.8101229,188.2182617,-184.5039673,226.6380465
186.3078469,-187.3933238,187.4529915,-175.6468154,186.6048584,-184.3466797,228.264668
184.6956531,-187.2358228,185.8352259,-175.4837562,184.9909821,-184.1901855,229.8906304
183.0826337,-187.0781616,184.2188576,-175.3219555,183.3768311,-184.0341797,231.5150768
181.4692258,-186.920089,182.6027539,-175.1611386,181.7624207,-183.8785553,233.1391622
179.855299,-186.7623645,180.9868949,-175.0003686,180.1476898,-183.7232056,234.7629993
178.2413025,-186.6033932,179.3700313,-174.8404764,178.532547,-183.568222,236.3877497
176.6267346,-186.4442276,177.7534696,-174.6794035,176.9169922,-183.4134979,238.0123161
175.011169,-186.2854599,176.1385989,-174.5198334,175.3012085,-183.258667,239.6350515
173.395814,-186.1254423,174.5218499,-174.3609328,173.6850128,-183.1039734,241.2595904
171.7806332,-185.9645131,172.9042887,-174.2014985,172.068634,-182.9495697,242.8849899
170.1656196,-185.8035022,171.2851083,-174.0435427,170.4519501,-182.7956696,244.5118565
168.5498708,-185.6429141,169.666637,-173.884193,168.8348694,-182.6420898,246.1381535
166.9333435,-185.4812666,168.049189,-173.7260751,167.2174225,-182.4885559,247.7633117
165.4408002,-185.3320494,166.5560088,-173.5797892,165.7240753,-182.3468475,249.2636405
163.9483308,-185.1826983,165.0616254,-173.4347757,164.230484,-182.205307,250.7650434
162.4550662,-185.0334031,163.5687337,-173.2886077,162.7366638,-182.0636597,252.2650737
160.9615342,-184.8836326,162.0754821,-173.1422142,161.2425232,-181.9219055,253.7654842
159.467801,-184.7335982,160.5824848,-172.9964572,159.7483063,-181.7799988,255.2655794
157.9741016,-184.5836309,159.0881484,-172.8508014,158.2537842,-181.638092,256.7669978
156.4798253,-184.4330803,157.5943241,-172.7055837,156.7589417,-181.4960327,258.2678639
154.9854318,-184.2839372,156.0997526,-172.5592774,155.2639008,-181.3539429,259.7695795
153.4907521,-184.1341792,154.6051364,-172.4131106,153.7686005,-181.2117767,261.2713259
151.9954161,-183.9849159,153.1111525,-172.2677119,152.2730408,-181.0693665,262.7723684
150.5003411,-183.8351308,151.6156615,-172.1217567,150.7772522,-180.9269409,264.2749649
149.0049053,-183.686127,150.1199512,-171.976114,149.2812042,-180.7844849,265.7777493
147.5091587,-183.5369825,148.6241809,-171.8302041,147.7848969,-180.6419678,267.2806194
146.0129773,-183.3885176,147.1284135,-171.6840155,146.2883148,-180.4993439,268.7835137
144.517236,-183.2387933,145.630582,-171.5376868,144.7914429,-180.3569183,270.288476
143.0208823,-183.0905713,144.1332959,-171.3912102,143.294342,-180.2145691,271.7929098
141.5243187,-182.9412496,142.6360646,-171.2446148,141.7970123,-180.0722504,273.2973006
140.0279248,-182.7924712,141.1375517,-171.0980143,140.2995148,-179.9301605,274.8029674
138.5311439,-182.6440289,139.6396725,-170.9514046,138.8018951,-179.7881775,276.3080044
137.0344364,-182.4956631,138.140897,-170.804578,137.3040924,-179.6464233,277.8139546
135.53725,-182.3471694,136.6430758,-170.6579465,135.8061523,-179.504715,279.3189361
134.0397694,-182.2000331,135.1450207,-170.5101825,134.3079987,-179.3630676,280.8242611
132.5425991,-182.0511631,133.6461712,-170.3633692,132.8097687,-179.2216034,282.3302837
131.0456515,-181.9048621,132.1458794,-170.2154468,131.3114777,-179.0805817,283.8378501
129.5481367,-181.7573004,130.6475032,-170.0677075,129.8131256,-178.9396667,285.3434921
128.0496309,-181.6109039,129.1515858,-169.9200149,128.3147278,-178.7984314,286.8466827
126.5512567,-181.465536,127.654275,-169.7722797,126.8161774,-178.657074,288.3512642
125.0528676,-181.3187783,126.1566537,-169.6249081,125.3174591,-178.5156097,289.856119
123.5543762,-181.1730592,124.6590564,-169.4757862,123.8187103,-178.3740692,291.3611223
122.0560606,-181.0286152,123.160276,-169.3269582,122.3199005,-178.2326355,292.8672739
120.557736,-180.883356,121.6616855,-169.177964,120.8210602,-178.0912781,294.3732529
119.0590565,-180.7381782,120.1638989,-169.0291608,119.3221588,-177.9498444,295.878413
117.5599395,-180.593528,118.6672339,-168.8798896,117.8232422,-177.8081512,297.3825035
116.0610865,-180.4487355,117.168923,-168.7302757,116.3241196,-177.6664276,298.8882657
114.5621176,-180.3038799,115.6710274,-168.5804381,114.8250046,-177.5246277,300.3936369
113.0630525,-180.1581582,114.1730475,-168.4310008,113.3257523,-177.3827209,301.8990522
111.5641487,-180.0120009,112.6752029,-168.2808559,111.8266144,-177.2407379,303.4044033
110.0656383,-179.8652281,111.1758445,-168.1323533,110.3274002,-177.098877,304.911098
108.5676075,-179.7187382,109.6747885,-167.9817112,108.8280869,-176.9574432,306.419694
107.0696914,-179.571014,108.1751929,-167.8331258,107.3291397,-176.8162689,307.9266328
105.5720234,-179.4220155,106.6762431,-167.6843031,105.8304214,-176.6752777,309.4329524
104.0743833,-179.2735294,105.1773347,-167.5358036,104.3317642,-176.5344543,310.9391989
102.5770872,-179.123745,103.6785233,-167.3869251,102.8332748,-176.3938293,312.4453862
101.0793201,-178.9740451,102.1817709,-167.2391287,101.3349457,-176.253067,313.949418
99.58198908,-178.824613,100.6844037,-167.0918142,99.83683777,-176.1123047,315.4540143
98.08462163,-178.674995,99.18860692,-166.9447031,98.33907318,-175.971344,316.9570279
96.58795435,-178.5260569,97.69164714,-166.7975134,96.8416214,-175.8304291,318.4612065
95.09143497,-178.3782047,96.19497972,-166.6507857,95.34443665,-175.6895447,319.9650491
93.59489532,-178.2310926,94.69916289,-166.5042563,93.84749603,-175.548584,321.4680257
92.09931502,-178.0841443,93.20137846,-166.3574146,92.35082245,-175.4079285,322.9729911
90.60401611,-177.9378683,91.70371155,-166.2103746,90.85440826,-175.2676086,324.4778588
89.10769066,-177.7908749,90.21075678,-166.0640848,89.35827637,-175.1268768,325.9779637
87.61138738,-177.6457234,88.71864325,-165.9166364,87.86250305,-174.985672,327.4773449
86.11559001,-177.498902,87.22649423,-165.7705034,86.3670578,-174.8440247,328.9766325
84.61971752,-177.3543777,85.73574178,-165.622053,84.87203979,-174.7018127,330.4747582
83.12332226,-177.2081708,84.24906437,-165.4747921,83.37754822,-174.5584259,331.9687111
81.62717459,-177.0624521,82.76416252,-165.3262646,81.88378143,-174.4137115,333.4610227
80.13210313,-176.9155477,81.27787911,-165.1768616,80.39052582,-174.2679596,334.9547964
78.51253781,-176.7563535,79.66920961,-165.0155975,78.77338409,-174.1086426,336.5715288
76.89401446,-176.5967142,78.05816845,-164.8531003,77.15654755,-173.9483643,338.1907443
75.27566306,-176.4365532,76.44793994,-164.6896669,75.54006958,-173.7870483,339.8092456
73.65750617,-176.2762144,74.83763394,-164.5268494,73.92382813,-173.6247101,341.4277618
72.03948293,-176.1163024,73.22879226,-164.3637285,72.3081665,-173.4612122,343.0448518
70.42155496,-175.9562417,71.62037735,-164.2006532,70.6927948,-173.2964783,344.6615126
68.80389408,-175.7949423,70.01048356,-164.0374968,69.07730865,-173.1306915,346.2796529
67.18665036,-175.6352417,68.40124963,-163.8741667,67.46252441,-172.9639282,347.8971542
65.56915925,-175.4736951,66.79364027,-163.7120747,65.84794617,-172.7958374,349.5129146
63.95332428,-175.3132983,65.18021678,-163.549306,64.23343658,-172.6274567,351.1345277
62.33819481,-175.1519255,63.56402567,-163.3873513,62.61876678,-172.4592133,352.7588131
60.72183951,-174.9900882,61.95215138,-163.225773,61.00417709,-172.2903595,354.3787657
59.10520579,-174.8274696,60.34178709,-163.0651889,59.38977814,-172.120636,355.9971168
57.48945493,-174.6636657,58.72907887,-162.9049384,57.77548599,-171.9504547,357.6177673
55.87424251,-174.498871,57.11429076,-162.7446589,56.16106415,-171.7801361,359.2404904
54.25891767,-174.3348821,55.49976776,-162.5852323,54.54672241,-171.6096497,360.8628656
52.64361344,-174.1716907,53.88487993,-162.4254572,52.93238068,-171.4390564,362.4856382
51.02866914,-174.0067505,52.2690409,-162.2650565,51.31793213,-171.2685089,364.109419
49.41378143,-173.842672,50.65267475,-162.1041939,49.70344543,-171.098114,365.73377
47.79847023,-173.6778592,49.03803215,-161.9439145,48.08900833,-170.9275665,367.3563483
46.18296807,-173.5134948,47.42376221,-161.7836554,46.47457504,-170.7567902,368.9785537
44.56734217,-173.3496134,45.80940367,-161.6217973,44.8600502,-170.5858002,370.601006
42.95151796,-173.1858471,44.19564889,-161.4596139,43.24555206,-170.414505,372.2228901
41.33590437,-173.0229886,42.58069773,-161.296308,41.63098907,-170.2431183,373.8460771
39.72073006,-172.8606372,40.96374655,-161.1318097,40.01626968,-170.071991,375.4713742
38.10568027,-172.6984505,39.34636569,-160.9673109,38.40151596,-169.9012146,377.0970989
36.49100516,-172.5369491,37.72778693,-160.8027964,36.78675079,-169.7310181,378.7240169
34.87618358,-172.3756491,36.10935346,-160.6366882,35.17182159,-169.5613708,380.3509523
33.26072451,-172.2141651,34.49242448,-160.4711896,33.55673981,-169.3919678,381.9763289
31.64548779,-172.0530467,32.87442081,-160.3061188,31.94156075,-169.2229919,383.6027312
30.0301215,-171.8924246,31.25609815,-160.1417659,30.32621384,-169.0544586,385.2293781
28.41444122,-171.7321484,29.63887553,-159.9772544,28.710886,-168.8862,386.8549466
26.7996495,-171.5721649,28.01875481,-159.8135355,27.09548759,-168.7187195,388.4833185
25.18389798,-171.4122204,26.401078,-159.6507755,25.47994804,-168.5515289,390.1091626
23.5675248,-171.2515505,24.78453154,-159.4903638,23.86421394,-168.3843384,391.7336485
21.95120518,-171.0909849,23.167521,-159.3307202,22.24842644,-168.2172241,393.3585205
20.33511314,-170.9302587,21.54972197,-159.1710508,20.63258171,-168.0503235,394.9841798
18.7181457,-170.7696107,19.93411715,-159.0142672,19.01671791,-167.8831787,396.6073742
17.10191371,-170.6094647,18.31590154,-158.856511,17.40075874,-167.7162628,398.2332613
15.48541744,-170.4490243,16.69834005,-158.6995646,15.78474808,-167.5494385,399.8584189
13.86856272,-170.2873839,15.08184471,-158.5423504,14.168643,-167.3824921,401.4825413
12.25223439,-170.1254861,13.46322845,-158.3852805,12.55236912,-167.2157745,403.1087607
10.63591553,-169.9631897,11.84488644,-158.2275951,10.93610001,-167.0492706,404.7347667
9.019726308,-169.8014285,10.22581756,-158.0694915,9.319742203,-166.8831024,406.3615367
7.403410343,-169.6370715,8.607821302,-157.9101472,7.703306675,-166.7170868,407.9873604
5.787510496,-169.4733177,6.988171635,-157.7509726,6.086776257,-166.5515137,409.6148129
4.296362466,-169.3217839,5.491639271,-157.6038724,4.59446907,-166.399292,411.1185574
2.804791993,-169.1711367,3.995682313,-157.4561027,3.101986408,-166.2475739,412.6217949
1.313202302,-169.0199281,2.49967646,-157.3085626,1.609387994,-166.0963593,414.1250586
-0.178589739,-168.8684283,1.004252941,-157.1603166,0.116701037,-165.9455566,415.6278122
-1.670515386,-168.7183123,-0.491012009,-157.0110972,-1.376008034,-165.795166,417.1305043
-3.16257421,-168.5683087,-1.98588925,-156.8614235,-2.868758678,-165.6451263,418.6328559
-4.655422628,-168.4199708,-3.479413067,-156.7130338,-4.36161375,-165.495163,420.1337332
-6.148520575,-168.2717276,-4.97247031,-156.563701,-5.854556084,-165.3451996,421.6342399
-7.641879243,-168.1250858,-6.465704168,-156.4150088,-7.347601414,-165.1952362,423.1348587
-9.135415286,-167.9797184,-7.958999067,-156.2669563,-8.840682983,-165.0452728,424.6354749
-10.62885702,-167.835071,-9.452778901,-156.1183687,-10.3337841,-164.895401,426.1366267
-12.1221454,-167.6913829,-10.94724324,-155.9711005,-11.82685757,-164.7457275,427.6383296
-13.61574473,-167.5504472,-12.44161919,-155.8232662,-13.31996918,-164.5962372,429.1400001
-15.10943429,-167.4101543,-13.93643511,-155.676453,-14.81320858,-164.4469604,430.6420083
-16.60318285,-167.2699705,-15.43190378,-155.5301694,-16.30666542,-164.2979584,432.1446146
-18.09771316,-167.1307701,-16.92595168,-155.3836783,-17.80028152,-164.1489716,433.645827
-19.59262447,-166.9933124,-18.41967269,-155.2389378,-19.29391861,-163.9999237,435.1465442
-21.08716523,-166.8557506,-19.91450358,-155.0945009,-20.78757477,-163.8509979,436.648337
-22.58148294,-166.7188632,-21.40993384,-154.9496882,-22.28120422,-163.7023163,438.1507625
-24.07634245,-166.5825537,-22.90401013,-154.8055257,-23.77483177,-163.5536346,439.6517777
-25.57168961,-166.4469137,-24.39689501,-154.6624284,-25.26841545,-163.4047394,441.1515051
-27.06667628,-166.3101187,-25.89001404,-154.5202775,-26.7618351,-163.2556915,442.6513755
-28.56113087,-166.1743577,-27.38349386,-154.3776429,-28.25488853,-163.1066437,444.151651
-30.05536123,-166.0394163,-28.87620175,-154.2359055,-29.74748421,-162.9575348,445.651073
-31.67373644,-165.8934339,-30.4916757,-154.0827504,-31.3637104,-162.7957764,447.2737907
-33.29101804,-165.7467116,-32.10647185,-153.9306206,-32.97895813,-162.6338501,448.895737
-34.90736354,-165.6002402,-33.71899476,-153.7794747,-34.59283447,-162.4716034,450.5153281
-36.52099025,-165.4532107,-35.33359083,-153.6289525,-36.20531464,-162.3096771,452.1369253
-38.1326322,-165.3059471,-36.94782854,-153.4795577,-37.81628799,-162.1482849,453.7580614
-39.74154364,-165.1582066,-38.56340233,-153.3311288,-39.4257431,-161.9879608,455.3804392
-41.34822582,-165.0103063,-40.17851045,-153.1826666,-41.03359985,-161.828949,457.0023563
-42.95210832,-164.8621853,-41.79535569,-153.0349036,-42.6400795,-161.6718292,458.6259396
-44.55449741,-164.7142574,-43.4116311,-152.8872716,-44.2455101,-161.5166931,460.2489434
-46.15547333,-164.5655245,-45.0277034,-152.7402738,-45.85011292,-161.3636627,461.8716874
-47.75521145,-164.417523,-46.643608,-152.5943064,-47.45391464,-161.2128754,463.4941713
-49.35404685,-164.2687962,-48.25803153,-152.4486012,-49.05690765,-161.0642395,465.1151566
-50.95181769,-164.1200114,-49.87138927,-152.3031913,-50.65903091,-160.9177551,466.7350539
-52.54860367,-163.9714317,-51.48395591,-152.1579841,-52.26039505,-160.7734375,468.3541451
-54.14503192,-163.8240003,-53.0948738,-152.0120578,-53.86116409,-160.6311188,469.9716589
-55.74110135,-163.6766386,-54.70442907,-151.8668119,-55.46143341,-160.4906464,471.5877544
-57.33659221,-163.5292938,-56.31319622,-151.721695,-57.06120682,-160.3519897,473.2030533
-58.93102324,-163.3829851,-57.92233866,-151.5765653,-58.66039658,-160.2153625,474.8187272
-60.52475626,-163.2376438,-59.53014581,-151.4316177,-60.25879669,-160.0807037,476.4330548
-62.11714882,-163.0922751,-61.13733626,-151.2857199,-61.85622025,-159.9481354,478.0468538
-63.70879408,-162.9482985,-62.74287741,-151.1409012,-63.45267868,-159.8175354,479.658913
-65.30035282,-162.8039258,-64.34447943,-150.9954054,-65.04815674,-159.688385,481.2671101
-66.89279975,-162.6615868,-65.94041519,-150.8517132,-66.64266205,-159.5597992,482.8695016
-68.48485208,-162.5201269,-67.53322973,-150.7070341,-68.23603821,-159.4314423,484.4688734
-70.07511517,-162.3787798,-69.12646535,-150.5621046,-69.82823944,-159.3036194,486.0686873
-71.66354993,-162.2384932,-70.7206575,-150.4186712,-71.41930389,-159.1766968,487.6693189
-73.2504883,-162.0987354,-72.31454249,-150.2749303,-73.00922394,-159.0508423,489.2696723
-74.8367937,-161.9597814,-73.90595425,-150.1312248,-74.59803772,-158.9258118,490.8675592
-76.42257463,-161.8204525,-75.49441692,-149.987977,-76.18574524,-158.8012695,492.4624679
-78.00747564,-161.6816786,-77.08117063,-149.846476,-77.77231598,-158.6770935,494.0555183
-79.59103069,-161.5428717,-78.66711663,-149.7047741,-79.35771179,-158.55336,495.6477822
-81.17378296,-161.4053459,-80.25128997,-149.5647282,-80.94197083,-158.4299316,497.2381337
-82.75604835,-161.2684838,-81.83230741,-149.4253189,-82.52501678,-158.3064575,498.8252856
-84.33759054,-161.132301,-83.41073293,-149.2864414,-84.10680389,-158.1826935,500.4098089
-85.91758773,-160.996305,-84.98902377,-149.149709,-85.68733978,-158.0588074,501.9940115
-87.49644449,-160.8612207,-86.56639387,-149.0130054,-87.26673126,-157.9348297,503.5772942
-89.07407514,-160.7275246,-88.14330896,-148.878957,-88.84495544,-157.8108521,505.1598966
-90.65022698,-160.5932336,-89.71986484,-148.7454455,-90.42201233,-157.6870117,506.7420956
-92.22507895,-160.4584624,-91.2954429,-148.6128575,-91.9978714,-157.5633392,508.3232426
-93.79882154,-160.3223553,-92.87004291,-148.4805138,-93.57273865,-157.4398193,509.9033945
-95.37245414,-160.1879222,-94.44161525,-148.3506262,-95.1466217,-157.3160553,511.4803252
-96.94472373,-160.0518136,-96.01336885,-148.2204504,-96.71961975,-157.1922302,513.0574603
-98.51570702,-159.9155463,-97.58532346,-148.0919171,-98.29167938,-157.0685272,514.634661
-100.0863477,-159.7789654,-99.15461145,-147.9639295,-99.86283112,-156.9446259,516.2091595
-101.6558328,-159.6421617,-100.7237177,-147.8365371,-101.4330597,-156.8206482,517.7834286
-103.2243215,-159.5061289,-102.2921174,-147.7096808,-103.0023041,-156.69664,519.3569502
-104.792106,-159.3699192,-103.8591019,-147.5846799,-104.5706406,-156.5724792,520.9289126
-106.358625,-159.2337818,-105.4265513,-147.4594171,-106.1381302,-156.4483948,522.5013592
-107.9237985,-159.0963746,-106.9947071,-147.335138,-107.7048416,-156.3246307,524.0744319
-109.4886825,-158.959122,-108.5601069,-147.2110556,-109.270668,-156.2008667,525.6447418
-111.0524971,-158.822108,-110.1247608,-147.0879826,-110.8354721,-156.0771484,527.2142286
-112.6152569,-158.6851701,-111.6885449,-146.9659346,-112.3992462,-155.9534912,528.7827682
-114.1773755,-158.547619,-113.2500033,-146.8434162,-113.9620209,-155.8296661,530.3490258
-115.7386719,-158.4100421,-114.8102538,-146.7212241,-115.5238647,-155.7056122,531.9140538
-117.2991723,-158.2717033,-116.3688307,-146.6006746,-117.0847015,-155.581192,533.4772858
-118.8586696,-158.1349988,-117.9275057,-146.4801178,-118.6446762,-155.4565582,535.0406161
-120.4171111,-157.9979102,-119.4856424,-146.3588231,-120.203743,-155.3317871,536.6034668
-121.974958,-157.860719,-121.0418531,-146.2379392,-121.7618866,-155.2066956,538.1643654
-123.5327482,-157.7251883,-122.5950152,-146.1181689,-123.3191147,-155.0808868,539.7221387
-125.0897732,-157.5902244,-124.1471757,-145.9987423,-124.8754272,-154.9543304,541.2788869
-126.646846,-157.4549198,-125.6958311,-145.8792239,-126.4309082,-154.8265381,542.8321474
-128.2033739,-157.321948,-127.2436564,-145.7600015,-127.985527,-154.6974945,544.3845575
-129.7585383,-157.1884454,-128.7921127,-145.6417453,-129.5391693,-154.5674591,545.9375228
-131.3132805,-157.0552854,-130.3374856,-145.52302,-131.0916595,-154.4360962,547.4874497
-132.8675525,-156.9225026,-131.8799312,-145.4039171,-132.6429596,-154.3030853,549.0344868
-134.4206086,-156.7911185,-133.4234657,-145.2843947,-134.1933594,-154.1687317,550.582642
-135.9716381,-156.6589471,-134.9700939,-145.1654662,-135.7428741,-154.0337067,552.133836
-137.5197783,-156.52756,-136.5222771,-145.0445293,-137.2914581,-153.8991852,553.6907233
-139.0664171,-156.3953631,-138.0725834,-144.9239603,-138.8385468,-153.765152,555.245711
-140.6103446,-156.2641192,-139.6224156,-144.8040076,-140.3834381,-153.6319733,556.8001783
-142.1502682,-156.1331936,-141.1679371,-144.6835485,-141.9243317,-153.4997711,558.3503869
-143.6849891,-156.0022439,-142.7080634,-144.5640527,-143.4600525,-153.3686066,559.895142
-145.2154316,-155.8722984,-144.2394303,-144.4447885,-144.9904327,-153.2378998,561.4311461
-146.7406435,-155.741718,-145.7651226,-144.325806,-146.5155487,-153.1075745,562.9614709
-148.2613187,-155.6124629,-147.2839763,-144.207235,-148.0355072,-152.9773254,564.4849458
-149.7767119,-155.4833562,-148.7978046,-144.0884073,-149.5502472,-152.8471985,566.0034306
-151.2866389,-155.3534157,-150.3071195,-143.970372,-151.0597992,-152.7173004,567.5173539
-152.7914245,-155.2254677,-151.8112064,-143.8511998,-152.5641022,-152.5876617,569.0261546
-154.2908641,-155.0962781,-153.3107043,-143.733017,-154.063324,-152.4583435,570.5303025
-155.8995656,-154.9567048,-154.9210713,-143.6079571,-155.6721954,-152.3196259,572.1455182
-157.5014802,-154.8181407,-156.5288674,-143.4833978,-157.2752838,-152.1820679,573.758132
-159.0983437,-154.6805453,-158.128244,-143.3599035,-158.8725128,-152.0451965,575.3622694
-160.6900146,-154.5437028,-159.7201917,-143.2381719,-160.463974,-151.9086761,576.9588645
-162.2756627,-154.4079144,-161.3068254,-143.1195149,-162.0494843,-151.7725983,578.5499289
-163.8558734,-154.2731299,-162.8870485,-143.0030835,-163.6292419,-151.636795,580.1344355
-165.4307136,-154.1385542,-164.4612373,-142.8879402,-165.2034454,-151.5011444,581.7128298
-167.0020024,-154.0047663,-166.0332524,-142.773376,-166.7743683,-151.3656464,583.2890139
-168.5705978,-153.8706027,-167.6042204,-142.6603195,-168.3430023,-151.230423,584.8640448
-170.1373069,-153.737309,-169.1719432,-142.5488117,-169.9093475,-151.0952759,586.4357282
-171.7067468,-153.6037397,-170.7437968,-142.4363861,-171.478775,-150.9599457,588.0115972
-173.2702432,-153.4705479,-172.3115052,-142.3257211,-173.0426941,-150.8254089,589.5832067
-174.8266384,-153.3379057,-173.8714255,-142.2161402,-174.5993652,-150.6917114,591.1469712
-176.3757453,-153.2065546,-175.4236419,-142.1065529,-176.1486359,-150.5588226,592.7030512
-177.9173211,-153.0746471,-176.9692038,-141.9960678,-177.6907196,-150.4268494,594.2525571
-179.4524213,-152.9438551,-178.5049425,-141.8870772,-179.2254639,-150.2953339,595.7921584
-180.9794891,-152.8133709,-180.0354241,-141.7770832,-180.7529144,-150.1646729,597.3265876
-182.4986992,-152.6834313,-181.5604306,-141.6677861,-182.2731323,-150.0351868,598.8555057
-184.0113321,-152.5533884,-183.0754726,-141.5564291,-183.7860718,-149.9064331,600.3746346
-185.5170292,-152.4237788,-184.5834971,-141.4459613,-185.2920685,-149.7783661,601.8866997
-187.0150612,-152.2939278,-186.0868736,-141.3358047,-186.7912292,-149.6513824,603.3941066
-188.6129485,-152.1550638,-187.6872042,-141.2175818,-188.3895874,-149.516098,604.998798
-190.2029761,-152.0177885,-189.2789353,-141.1003632,-189.9798431,-149.3815002,606.5948395
-191.7845478,-151.8810032,-190.8645225,-140.9845454,-191.5622253,-149.2478943,608.1846509
-193.3584055,-151.7449027,-192.4411393,-140.8689421,-193.1366119,-149.1151123,609.7655003
-194.9250803,-151.6096183,-194.0082501,-140.7552452,-194.7032013,-148.9827881,611.3367301
-196.4832524,-151.4744741,-195.570813,-140.6440264,-196.2622681,-148.8514404,612.9032462
-198.0332337,-151.3400623,-197.1271175,-140.5348975,-197.8136292,-148.721344,614.463372
-199.5756373,-151.2060752,-198.6750799,-140.4270896,-199.3572693,-148.5923767,616.0150841
-201.1102832,-151.0718038,-200.2164336,-140.3228675,-200.8934784,-148.4646301,617.5599574
-202.6363161,-150.9382317,-201.7525069,-140.2186605,-202.4219818,-148.3386078,619.0995612
-204.1551396,-150.8045251,-203.2805002,-140.1178234,-203.9431305,-148.2141113,620.6308782
-205.6675743,-150.6729594,-204.7976437,-140.0182164,-205.4567261,-148.0905304,622.1512881
-207.1722591,-150.541508,-206.3083828,-139.9192081,-206.9629669,-147.9680328,623.665268
-208.6688638,-150.4119539,-207.8136648,-139.8219116,-208.461731,-147.8470001,625.1736912
-210.2588585,-150.2746,-209.4068891,-139.7192923,-210.0525513,-147.7185974,626.7702169
-211.840697,-150.1387795,-210.9915672,-139.6172794,-211.6350708,-147.5908813,628.3581751
-213.4126145,-150.0047277,-212.572662,-139.5153373,-213.2092285,-147.4648285,629.9425529
-214.9789103,-149.871338,-214.1379322,-139.4146401,-214.775238,-147.3388824,631.5110588
-216.535855,-149.7379982,-215.699487,-139.314177,-216.3333282,-147.2138672,633.0758419
-218.0846204,-149.604498,-217.253104,-139.2133571,-217.8833923,-147.0898285,634.6327268
-219.6261427,-149.4715564,-218.7958718,-139.1119823,-219.425354,-146.9662476,636.1788216
-221.1591996,-149.3383511,-220.3329723,-139.0106124,-220.95961,-146.8435059,637.7192611
-222.6844586,-149.2039052,-221.8613728,-138.9109594,-222.4859467,-146.7214508,639.2509069
-224.2025899,-149.0700776,-223.3799862,-138.8097482,-224.0045319,-146.5997009,640.7728893
-225.7127334,-148.9360214,-224.8918824,-138.7093616,-225.5154724,-146.4784241,642.2881145
-227.2147861,-148.8027449,-226.3969139,-138.6078528,-227.0186462,-146.3578339,643.7965653
-228.7107275,-148.6692329,-227.8883512,-138.5070261,-228.5138855,-146.2368317,645.2914069
-230.2908397,-148.529369,-229.4682111,-138.399819,-230.0942383,-146.10849,646.8749001
-231.8617874,-148.3901361,-231.0417558,-138.2912486,-231.666153,-145.9808502,648.4521859
-233.426026,-148.2517398,-232.603458,-138.1827734,-233.230072,-145.8530884,650.0176509
-234.9843701,-148.1132908,-234.16055,-138.0746971,-234.7883911,-145.7252045,651.5784891
-236.5391859,-147.9763524,-235.7145787,-137.9650339,-236.3432159,-145.5971375,653.1363823
-238.0917262,-147.8393894,-237.2682149,-137.8555288,-237.8962097,-145.4690399,654.6938729
-239.642552,-147.7032375,-238.8217697,-137.7443595,-239.447876,-145.341156,656.2514
-241.1923928,-147.566802,-240.3742885,-137.6322454,-240.9985962,-145.2134552,657.8079617
-242.7416702,-147.4315128,-241.924141,-137.5194588,-242.5481873,-145.0856476,659.3619127
-244.2885318,-147.2957082,-243.4703359,-137.4056545,-244.095108,-144.9576721,660.9122901
-245.832532,-147.1607799,-245.0148346,-137.291167,-245.6394043,-144.8297272,662.4610262
-247.3846481,-147.0255557,-246.5685206,-137.1743262,-247.1920776,-144.7010956,664.0190994
-248.9421761,-146.8898512,-248.1311144,-137.0566312,-248.7510376,-144.5725098,665.5861194
-250.5018125,-146.7542727,-249.68599,-136.937206,-250.3097382,-144.4429779,667.1455745
-252.058621,-146.6201009,-251.2502898,-136.8164814,-251.868515,-144.3144531,668.7145259
-253.6158761,-146.4839269,-252.8132629,-136.694767,-253.4275208,-144.1866302,670.282231
-255.1758204,-146.3489936,-254.3681834,-136.5705477,-254.9865875,-144.0578613,671.8421054
-256.7339943,-146.2140554,-255.9303433,-136.4455093,-256.546051,-143.9295654,673.4092615
-258.2921406,-146.0790604,-257.4905017,-136.3191645,-258.105072,-143.8015137,674.9745274
-259.8490713,-145.943382,-259.0485416,-136.1914398,-259.6627502,-143.673645,676.5377937
-261.4000779,-145.8087717,-260.6010023,-136.0621194,-261.2145996,-143.5464172,678.0956313
-262.9411658,-145.6742988,-262.1395255,-135.9317163,-262.7556458,-143.4196167,679.639671
-264.4713008,-145.5416583,-263.6619989,-135.8032076,-264.2843933,-143.292572,681.1675584
-265.9888054,-145.4106479,-265.1773059,-135.6728502,-265.8017578,-143.1661224,682.6884622
-267.4945905,-145.2805088,-266.6820067,-135.5421333,-267.3076782,-143.0404663,684.1988302
-269.0763411,-145.1440209,-268.2628455,-135.4053703,-268.8895874,-142.9083252,685.7855738
-270.6457775,-145.0092743,-269.830223,-135.2675184,-270.4588928,-142.776947,687.3590017
-272.2017042,-144.8746745,-271.3882671,-135.1300469,-272.0157471,-142.6469879,688.9230988
-273.7452953,-144.7410049,-272.9333811,-134.9939902,-273.5601501,-142.5183411,690.4741916
-275.2772898,-144.6097378,-274.4643319,-134.8583213,-275.0922852,-142.3906097,692.011142
-276.795855,-144.4768629,-275.9872177,-134.7224975,-276.6124573,-142.2645874,693.5400727
-278.3036712,-144.3465491,-277.4934846,-134.5881701,-278.1204224,-142.139389,695.0523174
-279.799921,-144.21636,-278.9877044,-134.4556269,-279.6167297,-142.0148773,696.5524042
-281.3664719,-144.0799239,-280.5533327,-134.316168,-281.1836243,-141.8843842,698.1242314
-282.9195191,-143.9437381,-282.1071551,-134.1781075,-282.7374573,-141.755127,699.6841752
-284.4601173,-143.8087664,-283.6474185,-134.0418761,-284.2785645,-141.6268921,701.2304516
-285.9875073,-143.6745389,-285.1764628,-133.9068981,-285.8069458,-141.4999847,702.7654419
-287.5025148,-143.5410025,-286.6932919,-133.7727156,-287.3230286,-141.3743896,704.2881945
-289.0051702,-143.4081235,-288.1972149,-133.6402999,-288.8266602,-141.2500153,705.7979357
-290.5745668,-143.2694518,-289.7645102,-133.5030099,-290.3962708,-141.1198273,707.3712325
-292.1298403,-143.1322538,-291.3210951,-133.3662202,-291.9525146,-140.9909515,708.9338163
-293.6726985,-142.9950898,-292.8611351,-133.2314167,-293.4954529,-140.8627014,710.4797448
-295.2033927,-142.859022,-294.384789,-133.0982834,-295.0252075,-140.7344055,712.0092042
-296.7205764,-142.7252124,-295.8999126,-132.9653897,-296.54245,-140.6068268,713.5301448
-298.223085,-142.5926353,-297.4103552,-132.8335454,-298.0472717,-140.4815063,715.0463307
-299.717484,-142.4612314,-298.9103429,-132.7034912,-299.5434875,-140.3577423,716.5519459
-301.2801613,-142.3232479,-300.4690915,-132.5673533,-301.105957,-140.2278442,718.1166282
-302.8340607,-142.1867258,-302.028363,-132.4320525,-302.6616516,-140.09935,719.6817588
-304.3853799,-142.0514555,-303.5787334,-132.2964913,-304.2133484,-139.9710388,721.2380445
-305.9350171,-141.915101,-305.1291112,-132.1618736,-305.7637939,-139.842926,722.7942557
-307.4839452,-141.780057,-306.6818693,-132.0272899,-307.3141479,-139.7154236,724.3528353
-309.0334508,-141.6447178,-308.2346736,-131.8926312,-308.8650208,-139.5883942,725.9114675
-310.5854955,-141.5091026,-309.7807909,-131.7586654,-310.4164124,-139.4603577,727.4633778
-312.1372206,-141.3734538,-311.332844,-131.6241492,-311.968811,-139.3322754,729.0212493
-313.6899916,-141.2378617,-312.8864882,-131.4895417,-313.5223694,-139.2042236,730.5807137
-315.2444901,-141.1020582,-314.4400429,-131.35476,-315.0772705,-139.0758972,732.1401041
-316.8004421,-140.9671937,-315.9952924,-131.2211169,-316.6335754,-138.9473267,733.701085
-318.3584608,-140.8317199,-317.5503515,-131.0859179,-318.1914978,-138.8181458,735.2620102
-319.917957,-140.6955021,-319.1071903,-130.9518102,-319.750946,-138.688385,736.8246145
-321.4784957,-140.5598833,-320.6677703,-130.8172746,-321.3119507,-138.5584869,738.3909828
-323.0404072,-140.4249026,-322.2303679,-130.6825476,-322.8744202,-138.4285736,739.9593777
-324.6040162,-140.2891742,-323.7921148,-130.5478775,-324.4380798,-138.2982483,741.5269202
-326.1678339,-140.1531627,-325.3538423,-130.4132038,-326.0018921,-138.1675568,743.0944436
-327.729321,-140.0177543,-326.9108594,-130.2788511,-327.5628052,-138.036377,744.6572465
-329.2809343,-139.882666,-328.4621413,-130.1450415,-329.1147156,-137.9058838,746.2142887
-330.8189207,-139.748979,-329.999263,-130.0123806,-330.6528625,-137.7763977,747.7571245
-332.3438626,-139.6164538,-331.5231747,-129.8806116,-332.1779175,-137.6478424,749.2867225
-333.8544144,-139.4840266,-333.0363963,-129.7505455,-333.6894226,-137.520813,750.8055236
-335.3535278,-139.3537949,-334.5326201,-129.6210095,-335.1882629,-137.3943939,752.3073442
-336.9103138,-139.2174727,-336.0840788,-129.4870023,-336.7442932,-137.2622681,753.8645796
-338.451691,-139.0826873,-337.6281641,-129.3530373,-338.2865601,-137.1317291,755.4144655
-339.9795387,-138.9477604,-339.1569124,-129.2201635,-339.815033,-137.0024719,756.9489773
-341.4931324,-138.8145137,-340.6752185,-129.087716,-341.3300476,-136.8750763,758.4730494
-342.9945437,-138.6814791,-342.1728681,-128.9562089,-342.8312073,-136.7482452,759.9764617
-344.5502557,-138.5432065,-343.7289942,-128.8200045,-344.3875427,-136.6167908,761.5385373
-346.0962295,-138.4068043,-345.271619,-128.6844247,-345.9332886,-136.4856873,763.0871086
-347.6340794,-138.2708016,-346.8029508,-128.5501099,-347.4702148,-136.3542786,764.6243196
-349.1647175,-138.1351772,-348.3311654,-128.4155062,-349.0007324,-136.2230225,766.1584505
-350.6926437,-137.9993695,-349.8571343,-128.2814891,-350.5286255,-136.0916595,767.6902931
-352.2202806,-137.8646342,-351.3845555,-128.1478254,-352.056488,-135.9602509,769.2235516
-353.7483217,-137.7300992,-352.91987,-128.0133335,-353.5863037,-135.8298187,770.7647455
-355.2805113,-137.5961744,-354.4523339,-127.8790228,-355.1188354,-135.6992035,772.3030839
-356.8149913,-137.4617252,-355.992383,-127.7441159,-356.6547852,-135.5691833,773.8490306
-358.3541058,-137.3275972,-357.5317411,-127.6098622,-358.1942749,-135.4389038,775.394232
-359.8960233,-137.1931754,-359.0791252,-127.4759021,-359.7376404,-135.3091583,776.9474038
-361.4435508,-137.0594487,-360.6246693,-127.3421057,-361.2850647,-135.1787567,778.4987284
-362.9947845,-136.9263645,-362.1762511,-127.2066271,-362.8366089,-135.0480957,780.0562138
-364.5502902,-136.7919282,-363.7320717,-127.0728188,-364.3924561,-134.9171143,781.6177779
-366.1099974,-136.6587081,-365.2934399,-126.9375956,-365.9526978,-134.7860565,783.1849907
-367.6057688,-136.5302015,-366.7907066,-126.8077523,-367.4490356,-134.660614,784.6878769
-369.1055539,-136.4016792,-368.2933657,-126.6787526,-368.949646,-134.5352631,786.1960629
-370.6110589,-136.2731025,-369.7928901,-126.5487678,-370.4541931,-134.4086761,787.7012106
-372.1194075,-136.1450835,-371.3028123,-126.419122,-371.9629822,-134.2819977,789.2166885
-373.6324748,-136.0158706,-372.8143659,-126.288233,-373.4759521,-134.1547546,790.7338984
-375.1492797,-135.88674,-374.3301136,-126.157172,-374.9927063,-134.0270538,792.2553018
-376.6668202,-135.7571612,-375.8518936,-126.0255658,-376.5112915,-133.8998871,793.782762
-378.181085,-135.6282828,-377.3673114,-125.8943778,-378.026001,-133.7732544,795.3038475
-379.6834684,-135.4985688,-378.8698491,-125.7634076,-379.5287781,-133.6476593,796.8120826
-381.2394103,-135.3662838,-380.4282454,-125.6282961,-381.0854492,-133.5179901,798.3763249
-382.7815805,-135.2343874,-381.9700636,-125.4942575,-382.6278687,-133.3894806,799.9239584
-384.3094409,-135.1035657,-383.4986525,-125.3602918,-384.1562195,-133.2622986,801.4584065
-385.8233635,-134.9736119,-385.0116085,-125.2278379,-385.6703186,-133.1361847,802.9771494
-387.3236784,-134.844834,-386.5118123,-125.0970879,-387.1709595,-133.0112,804.4830401
-388.8738996,-134.7119133,-388.0665732,-124.9616657,-388.7224426,-132.8827362,806.0436876
-390.4087817,-134.5792028,-389.6087592,-124.82652,-390.2592773,-132.7566681,807.5917839
-391.9309695,-134.4476972,-391.1293414,-124.6938386,-391.7817078,-132.631546,809.1181438
-393.4421676,-134.3175819,-392.6357826,-124.5619399,-393.2924805,-132.5066681,810.6303483
-394.9417959,-134.187825,-394.1363368,-124.4310232,-394.7927856,-132.3828125,812.1366026
-396.4898438,-134.0532231,-395.6846724,-124.2956026,-396.3414612,-132.2550201,813.690849
-398.0239308,-133.9199878,-397.2137943,-124.1624299,-397.8751221,-132.1276855,815.225759
-399.541452,-133.7879926,-398.7374079,-124.0288982,-399.3943481,-132.0025177,816.7552129
-401.04541,-133.6559862,-400.2431224,-123.897937,-400.899292,-131.8787842,818.266612
-402.5952383,-133.5219677,-401.7899737,-123.7630937,-402.4490967,-131.7509003,819.8193294
-404.1296785,-133.3874622,-403.3244715,-123.6287527,-403.9841919,-131.6242371,821.3596965
-405.6501003,-133.2549585,-404.8390288,-123.4968247,-405.5040588,-131.4979095,822.8799889
-407.1534349,-133.1227529,-406.350529,-123.3644495,-407.009552,-131.3740387,824.3972747
-408.7016915,-132.9872011,-407.8932595,-123.23023,-408.5574036,-131.2457886,825.9458328
-410.233119,-132.8525574,-409.4280501,-123.0967423,-410.0900879,-131.1193085,827.4864174
-411.7503457,-132.7192391,-410.9408371,-122.965106,-411.6071167,-130.9934082,829.0049209
-413.2534154,-132.5871662,-412.4350595,-122.8348603,-413.1091003,-130.8673706,830.5048091
-414.7949337,-132.4518281,-413.9754028,-122.7006449,-414.6508789,-130.737793,832.0509886
-416.3216397,-132.3185345,-415.4966723,-122.5680872,-416.1769714,-130.6086731,833.5780225
-417.8315416,-132.1861048,-417.0078021,-122.4353852,-417.6875,-130.4810638,835.0949678
-419.3279705,-132.0547642,-418.5092688,-122.3044464,-419.1852722,-130.3553009,836.6021331
-420.8275396,-131.924402,-420.00899,-122.1720446,-420.6852722,-130.2294006,838.1076875
-422.3392205,-131.7928608,-421.5227757,-122.0390177,-422.1977539,-130.1027985,839.6273069
-423.8669876,-131.6602718,-423.0506023,-121.9045606,-423.7259521,-129.9749146,841.1610386
-425.4108055,-131.5260817,-424.5961206,-121.7677933,-425.2705383,-129.8459625,842.7125966
-426.9166164,-131.394984,-426.1047634,-121.6347606,-426.7773438,-129.7206268,844.2270935
-428.4420035,-131.263401,-427.6253437,-121.5008001,-428.3022766,-129.5930634,845.7535632
-429.9855357,-131.1293483,-429.1674921,-121.3639832,-429.8460083,-129.4637451,847.3017688
-431.4900267,-130.9994779,-430.6731969,-121.2298092,-431.3511047,-129.3379059,848.8134399
-433.0142425,-130.869298,-432.1916203,-121.0926172,-432.8746033,-129.2097168,850.3380484
-434.5537693,-130.7365789,-433.7300737,-120.9549875,-434.4142761,-129.0800629,851.8826457
-436.1059047,-130.6036215,-435.2851206,-120.8176755,-435.9671936,-128.9498138,853.4437433
-437.6077467,-130.4759748,-436.7837081,-120.6854161,-437.4686584,-128.8234406,854.9481557
-439.1103976,-130.3480429,-438.2836372,-120.555031,-438.9709778,-128.6966095,856.4537413
-440.6111294,-130.2197599,-439.7839671,-120.4246686,-440.4718018,-128.56987,857.959724
-442.1081132,-130.0920804,-441.2769011,-120.2984977,-441.9681396,-128.4428711,859.45798
-443.6500448,-129.9597541,-442.8207323,-120.1666969,-443.5105286,-128.3122559,861.0074271
-445.1763767,-129.8293117,-444.3527836,-120.0379431,-445.0379639,-128.1837769,862.5448791
-446.6891011,-129.7005603,-445.8630527,-119.9104599,-446.550354,-128.0561676,864.0605192
-448.1857341,-129.572358,-447.3673129,-119.7838049,-448.0484924,-127.9309082,865.5701019
-449.7333803,-129.4410224,-448.9095849,-119.6543368,-449.5953064,-127.800705,867.1177986
-451.2763414,-129.308972,-450.4551441,-119.5242462,-451.1388855,-127.6711578,868.668823
-452.8117921,-129.1774634,-451.9932063,-119.3931155,-452.6750183,-127.5426407,870.2124651
-454.3329828,-129.0466768,-453.5124866,-119.2639212,-454.1961365,-127.415062,871.7372286
-455.8381281,-128.9164591,-455.0211604,-119.1358372,-455.7022095,-127.2892609,873.2513297
-457.3844915,-128.7841741,-456.5636165,-119.0033755,-457.2481384,-127.1595154,874.799463
-458.9136124,-128.6510598,-458.0967482,-118.8715089,-458.7783508,-127.0317001,876.3382552
-460.427743,-128.5189398,-459.6081824,-118.7409716,-460.29245,-126.9047928,877.855316
-461.9250797,-128.3880855,-461.1123421,-118.6115486,-461.7914124,-126.7801819,879.3650335
-463.4608535,-128.2546275,-462.6495042,-118.4778513,-463.3279114,-126.6526718,880.9079989
-464.978466,-128.1220158,-464.1792946,-118.3449224,-464.8482056,-126.5284042,882.4435537
-466.4816218,-127.9912638,-465.6868941,-118.2155972,-466.3527527,-126.4060898,883.95669
-468.0195467,-127.8574527,-467.2332569,-118.0834235,-467.8928223,-126.282196,885.5086912
-469.5420807,-127.7264068,-468.7609563,-117.9543285,-469.4169006,-126.1603699,887.0418353
-471.0478133,-127.5978647,-470.2750849,-117.8259266,-470.9247131,-126.0411377,888.5613987
-472.5879723,-127.4649198,-471.8200856,-117.6965276,-472.4665222,-125.9199371,890.1118086
-474.1128769,-127.3363584,-473.3426573,-117.5689726,-473.9916992,-125.7996674,891.639714
-475.6216982,-127.2093662,-474.8492712,-117.4431316,-475.5007629,-125.6803131,893.1515742
-477.1625532,-127.080023,-476.3856635,-117.3149856,-477.0414429,-125.5577393,894.6933015
-478.6845734,-126.953212,-477.8968341,-117.18836,-478.5621033,-125.4350662,896.2097679
-480.2242756,-126.8250078,-479.4290339,-117.061161,-480.1008606,-125.3097382,897.7472386
-481.7437715,-126.6998541,-480.928409,-116.9371189,-481.6170959,-125.1831055,899.2517359
-483.249049,-126.5755229,-482.3884991,-116.8163265,-483.114624,-125.0510559,900.716814
-484.7840564,-126.4483294,-483.8623963,-116.6958722,-484.6383972,-124.9070511,902.1956251
-486.3054055,-126.3210578,-485.3015258,-116.5776623,-486.1437378,-124.7519531,903.6396013
-487.8623197,-126.1899735,-486.7255273,-116.4599039,-487.6734314,-124.5732346,905.0684635
-489.4118055,-126.0591064,-488.091566,-116.3504407,-489.1818542,-124.3681107,906.4388809
-490.9537276,-125.9261654,-489.4137025,-116.2485626,-490.6681519,-124.1315918,907.7649367
-492.532732,-125.7873595,-490.7398825,-116.1515452,-492.1725769,-123.8516769,909.0946607
-494.1086514,-125.6459819,-492.0343751,-116.0635436,-493.6509705,-123.5316544,910.3921411
-495.7240821,-125.4980473,-493.3543382,-115.9783545,-495.1421814,-123.1604462,911.7148504
-497.3367798,-125.345228,-494.6712028,-115.8963749,-496.6040955,-122.7480316,913.0342643
-498.9521569,-125.1854452,-495.9823316,-115.8195572,-498.0353699,-122.2941895,914.3476415
-500.6154643,-125.0097786,-497.3298182,-115.7427458,-499.4720459,-121.7848129,915.6973155
-502.2935303,-124.8209307,-498.6707108,-115.6639254,-500.8730469,-121.2305298,917.0405227
-504.0295954,-124.6089011,-500.0523007,-115.5712889,-502.2719116,-120.6149139,918.4252148
-505.7839725,-124.3621964,-501.4483669,-115.4882618,-503.6291504,-119.9517975,919.8237477
-507.6123106,-124.055657,-502.8839564,-115.3884751,-504.9733887,-119.2184525,921.2628011
-509.4932994,-123.6995592,-504.3106826,-115.2397935,-506.2637939,-118.4279251,922.6972535
-511.4566544,-123.2598549,-505.7592204,-114.9954979,-507.5257568,-117.55793,924.1662472
-513.4309134,-122.683427,-507.2113842,-114.6857525,-508.7217102,-116.6278763,925.6510778
-515.4124611,-121.942706,-508.7092919,-114.284718,-509.875946,-115.6175537,927.2017409
-517.3985357,-121.0238749,-510.1523719,-113.7470584,-510.9499817,-114.5480423,928.7417271
-519.2465646,-119.776685,-511.4917989,-112.9883943,-511.9580078,-113.3964996,930.2810894
-520.8690442,-118.2547849,-512.5419962,-111.9454758,-512.8694458,-112.1935806,931.7611547
-522.2137763,-116.4539287,-513.3693436,-110.7056775,-513.6977539,-110.9191208,933.2516591
-523.2536298,-114.3049161,-514.0236409,-109.3588219,-514.4200439,-109.5712433,934.7490318
-523.8304419,-112.0543148,-514.3604151,-107.8821009,-515.0335693,-108.1786728,936.2636676
-524.07498,-109.8268384,-514.466218,-106.3501268,-515.5529175,-106.7433243,937.7992909
-524.1775846,-107.7524445,-514.4581677,-104.8094201,-515.9973755,-105.2754898,939.3400187
-524.180425,-105.787334,-514.3676696,-103.305347,-516.3677368,-103.8112335,940.8468119
-524.0848482,-103.8991474,-514.2482884,-101.793514,-516.6878662,-102.3157349,942.363351
-523.9530701,-102.1375503,-514.1247262,-100.2802286,-516.9708862,-100.8180847,943.8816725
-523.8022051,-100.4589268,-513.9829548,-98.75150875,-517.2319946,-99.31646729,945.4169522
-523.6251095,-98.868961,-513.8307827,-97.19291578,-517.4882813,-97.81880188,946.9829561
-523.4416022,-97.39128887,-513.7010612,-95.5826687,-517.7634277,-96.33696747,948.59842
-523.2651515,-96.02201697,-513.609098,-93.85587069,-518.0942993,-94.86203766,950.3276651
-523.0941898,-94.70906994,-513.557009,-92.01620943,-518.503479,-93.41286469,952.1680636
-522.944481,-93.33713806,-513.5665169,-90.10672666,-518.9978638,-91.9776535,954.07757
-522.8332619,-91.9223758,-513.6672499,-88.1719698,-519.5672607,-90.58604431,956.0149475
-522.7997466,-90.42314278,-513.8389221,-86.16288872,-520.2263794,-89.19968414,958.0313497
-522.9122399,-88.93480483,-514.108596,-84.12460639,-520.9553223,-87.86557007,960.0873942
-523.1443651,-87.42169355,-514.5870482,-82.08882999,-521.7669067,-86.56327057,962.1786383
-523.6162669,-86.03072102,-515.2924075,-80.13816297,-522.635437,-85.33638,964.2529174
-524.2652507,-84.70595163,-516.2723043,-78.30100375,-523.5803833,-84.15715027,966.3350681
-525.0719937,-83.46377155,-517.5477313,-76.63251584,-524.5994263,-83.034729,968.4352029
-526.0450132,-82.34429584,-519.0141662,-75.09864023,-525.6890259,-81.97743225,970.5572787
-527.1595194,-81.36299576,-520.6790695,-73.7114373,-526.8483276,-80.99556732,972.7243585
-528.3913222,-80.53366427,-522.4809101,-72.47672917,-528.0717773,-80.09806824,974.908651
-529.7215684,-79.86974551,-524.411465,-71.42227537,-529.3571777,-79.29006195,977.1084044
-531.1735583,-79.42734792,-526.4036247,-70.65795374,-530.7012329,-78.55899048,979.2421541
-532.6986418,-79.24951642,-528.390661,-70.16743433,-532.0643921,-77.91239166,981.2888399
-534.2659551,-79.21606249,-530.4428631,-70.01536963,-533.4798584,-77.32423401,983.3466681
-535.8434249,-79.4479394,-532.4803548,-69.99427529,-534.9072876,-76.81643677,985.384269
-537.4070303,-79.78415174,-534.4677813,-70.00052051,-536.3823242,-76.37329865,987.3717053
-538.8965872,-80.15778224,-536.3510853,-69.98692935,-537.8570557,-76.00421143,989.2550583
-540.354638,-80.53981545,-538.2085794,-69.98073032,-539.3703003,-75.69665527,991.1125628
-541.7491265,-80.91236951,-540.0021387,-70.02989669,-540.8731079,-75.45540619,992.9067958
-543.1225661,-81.29915971,-541.8086669,-70.20692502,-542.4088135,-75.27349854,994.7219771
-544.4518335,-81.68294413,-543.5536512,-70.48592047,-543.9279175,-75.15164185,996.4891242
-545.7728916,-82.07430997,-545.2923089,-70.81665701,-545.4745483,-75.08561707,998.2589596
-547.0411202,-82.45862039,-546.9739644,-71.15741354,-546.9972534,-75.0765686,999.9747918
-548.3171672,-82.84546721,-548.6466102,-71.53661988,-548.5421753,-75.1215744,1001.689884
-549.5622264,-83.22182274,-550.261079,-71.92275799,-550.0574341,-75.21529388,1003.349888
-550.829684,-83.60630413,-551.8730721,-72.30596894,-551.5913696,-75.35692596,1005.006804
-552.0794502,-83.98459426,-553.4352253,-72.66733993,-553.0914917,-75.53663635,1006.610211
-553.3573146,-84.36380698,-555.0038906,-73.03234486,-554.6079712,-75.75699615,1008.220782
-554.6272534,-84.72255106,-556.5242279,-73.40024332,-556.0878296,-76.00493622,1009.784999
-555.9214076,-85.06953582,-558.0549091,-73.79336105,-557.5829468,-76.28781891,1011.365355
-557.2354455,-85.41229055,-559.5988658,-74.20596435,-559.0926514,-76.60621643,1012.963493
-558.5428069,-85.75307718,-561.0972426,-74.61321733,-560.5629272,-76.94335938,1014.516228
-559.8969108,-86.10835573,-562.6072293,-75.01990736,-562.0483398,-77.30643463,1016.080024
-561.3174112,-86.48126713,-564.1252109,-75.4280703,-563.5510864,-77.68817139,1017.651923
-562.7309393,-86.85623252,-565.5993698,-75.82409907,-565.015686,-78.06897736,1019.178351
-564.1822018,-87.24900511,-567.0880732,-76.22539281,-566.4990234,-78.45999146,1020.720192
-565.6622588,-87.65794657,-568.5942774,-76.63161306,-568.0018311,-78.85960388,1022.280213
-567.1190137,-88.06259649,-570.0584312,-77.02717717,-569.4664307,-79.24971771,1023.79686
-568.595594,-88.46925401,-571.5417276,-77.42768366,-570.9499512,-79.64555359,1025.333276
-570.0975344,-88.87939221,-573.0433124,-77.83398593,-572.4532471,-80.04647827,1026.888859
-571.5460559,-89.27370118,-574.5062951,-78.23010641,-573.9144287,-80.4381485,1028.40452
-573.0099069,-89.67107708,-575.9870216,-78.63215664,-575.3924561,-80.83676147,1029.938859
-574.491256,-90.07224035,-577.4861018,-79.03839039,-576.8878174,-81.24263763,1031.492007
-575.9216439,-90.45823509,-578.9417603,-79.43170758,-578.3370361,-81.63957214,1032.999866
-577.3568766,-90.84414751,-580.4167588,-79.82960486,-579.8009644,-82.04625702,1034.527591
-578.809846,-91.23267383,-581.9079888,-80.23128368,-581.2796021,-82.46266174,1036.071972
-580.2784161,-91.62314732,-583.415458,-80.63715624,-582.7724609,-82.88894653,1037.633124
-581.699493,-91.99971742,-584.8719734,-81.02878171,-584.213562,-83.30567169,1039.14137
-583.1435538,-92.38222688,-586.3400576,-81.42377099,-585.6674194,-83.72975159,1040.661662
-584.6090808,-92.77043111,-587.8198236,-81.82294412,-587.1343994,-84.15999603,1042.194322
-586.0881484,-93.16159599,-589.3127625,-82.22685536,-588.6140137,-84.59632874,1043.740935
-587.5879165,-93.55856363,-590.8162438,-82.63410011,-590.1060791,-85.03725433,1045.298595
-589.1037379,-93.96026256,-592.3314614,-83.04538254,-591.6108398,-85.48223877,1046.868639
-590.5636693,-94.34758721,-593.7885499,-83.44058426,-593.0583496,-85.91022491,1048.378371
-592.0407841,-94.73946536,-595.2543884,-83.83983153,-594.5171509,-86.34033203,1049.897608
-593.5280541,-95.13482369,-596.7310677,-84.24121831,-595.9868164,-86.77245331,1051.427867
-595.0298355,-95.53461026,-598.2170285,-84.64473517,-597.4674683,-87.20580292,1052.967641
-596.5422566,-95.9377407,-599.7133542,-85.04987514,-598.9589233,-87.64019012,1054.517844
-598.0659852,-96.34436448,-601.2192973,-85.45710707,-600.4609985,-88.07524109,1056.077877
-599.5995726,-96.75334271,-602.7349735,-85.86573175,-601.9732666,-88.51074219,1057.64767
-601.0764521,-97.14813661,-604.1852692,-86.25636222,-603.423645,-88.92472076,1059.149652
-602.5591555,-97.54439937,-605.6448888,-86.64838966,-604.8831787,-89.33805847,1060.661
-604.0508118,-97.94104179,-607.1118603,-87.04130053,-606.3510742,-89.75029755,1062.179679
-605.5472159,-98.33833383,-608.5861074,-87.43509093,-607.8262329,-90.16144562,1063.705613
-607.0539801,-98.73713065,-610.0630138,-87.82875095,-609.3068848,-90.56987762,1065.234083
-608.5662481,-99.13528128,-611.53971,-88.2213761,-610.7897949,-90.97389221,1066.762084
-610.0750734,-99.53020449,-613.0137997,-88.61181747,-612.270752,-91.37249756,1068.287005
-611.5826085,-99.92318701,-614.4823819,-89.00135196,-613.7486572,-91.76488495,1069.80637
-613.0816087,-100.3103385,-615.9464128,-89.38992682,-615.2219849,-92.15139008,1071.321091
-614.5713699,-100.690783,-617.4077204,-89.77174944,-616.6904907,-92.53285217,1072.831458
-616.0561544,-101.0661981,-618.8674432,-90.13728161,-618.1543579,-92.90940857,1074.336251
-617.5403658,-101.4381344,-620.3227563,-90.48615612,-619.6129761,-93.27997589,1075.832797
-619.0937545,-101.8215209,-621.8459889,-90.84091464,-621.1387939,-93.66241455,1077.396796
-620.6459491,-102.196871,-623.3619369,-91.18975806,-622.6592407,-94.0375824,1078.952363
-622.1969604,-102.5658496,-624.8682702,-91.538233,-624.1739502,-94.40450287,1080.498479
-623.743418,-102.9267461,-626.3682421,-91.88296242,-625.6836548,-94.76332092,1082.037555
-625.2860269,-103.2771863,-627.8674286,-92.22261583,-627.1918945,-95.11551666,1083.574736
-626.8346293,-103.6228835,-629.371513,-92.55398206,-628.7049561,-95.46229553,1085.114889
-628.3830119,-103.9589215,-630.8721101,-92.87965059,-630.2156372,-95.80168915,1086.650419
-629.939834,-104.2875101,-632.3676449,-93.19561017,-631.7249146,-96.13204193,1088.178966
-631.5017261,-104.6088356,-633.8597942,-93.50056922,-633.2332153,-96.45222473,1089.701959
-633.0553205,-104.9201779,-635.3559249,-93.7842897,-634.7404175,-96.76360321,1091.224754
-634.6027394,-105.2219465,-636.8555337,-94.0454505,-636.24646,-97.06716919,1092.746934
-636.1405906,-105.5128619,-638.3529024,-94.32067305,-637.7512207,-97.36460876,1094.269386
-637.6714145,-105.7923978,-639.8412899,-94.64322251,-639.2546997,-97.65721893,1095.792323
-639.2049243,-106.0637314,-641.3217885,-94.99465512,-640.7576294,-97.94464111,1097.31396
-640.7350213,-106.3241034,-642.7944472,-95.37936649,-642.258606,-98.22707367,1098.83604
-642.2675761,-106.5761126,-644.2568837,-95.81418047,-643.7595825,-98.50452423,1100.361748
-643.7875099,-106.8175567,-645.7028539,-96.35778529,-645.2594604,-98.7791748,1101.906525
-645.3122005,-107.0521995,-647.1356964,-96.95894139,-646.7579346,-99.04989624,1103.460367
-646.8400817,-107.2779667,-648.5762244,-97.5124251,-648.2555542,-99.31614685,1105.003567
-648.365518,-107.493804,-650.0423802,-97.92505373,-649.7526245,-99.57849884,1106.52668
-649.8945909,-107.7026804,-651.5338259,-98.18292579,-651.2491455,-99.83618927,1108.040255
-651.427972,-107.9034411,-653.0381706,-98.34810832,-652.7449341,-100.0882492,1109.553641
-652.9529113,-108.0957808,-654.54415,-98.50203242,-654.2399292,-100.3362122,1111.067466
-654.4810108,-108.2817293,-656.0411767,-98.69053404,-655.7339478,-100.5792389,1112.576314
-656.0071356,-108.4597404,-657.5366933,-98.87173405,-657.2263184,-100.8173141,1114.082768
-657.5314352,-108.6326139,-659.0312008,-99.04651161,-658.7176514,-101.0506363,1115.587461
-659.0565845,-108.7979916,-660.5247535,-99.21309719,-660.208313,-101.2789688,1117.090275
-660.5859475,-108.9587662,-662.0152214,-99.3720686,-661.6978149,-101.5010376,1118.589197
-662.1149431,-109.1139746,-663.5032694,-99.5244053,-663.1859131,-101.7164764,1120.085022
-663.644902,-109.2621097,-664.9889844,-99.67068711,-664.6730957,-101.924881,1121.577921
-665.1671719,-109.402488,-666.4761005,-99.80830673,-666.159668,-102.1276932,1123.071391
-666.7640036,-109.5438502,-668.0308425,-99.94527961,-667.7156982,-102.3330612,1124.632155
-668.3614343,-109.680859,-669.5832011,-100.0726692,-669.2706299,-102.5307846,1126.189732
-669.9593219,-109.8103005,-671.1338138,-100.1923066,-670.8250732,-102.7206039,1127.744953
-671.5527123,-109.9327281,-672.6840465,-100.3040459,-672.3786621,-102.9031448,1129.299208
-673.146429,-110.0478998,-674.2324506,-100.4080137,-673.9316406,-103.0781021,1130.851098
-674.7328545,-110.1553405,-675.7821592,-100.5031416,-675.4838867,-103.2468491,1132.403724
-676.3179453,-110.2552961,-677.3299794,-100.5909599,-677.0348511,-103.4092636,1133.954033
-677.9018918,-110.3484834,-678.8761685,-100.670884,-678.5847778,-103.5653,1135.502287
-679.4843557,-110.4324529,-680.4214715,-100.7394219,-680.1337891,-103.7150574,1137.049109
-681.0637084,-110.5095848,-681.9664634,-100.7992993,-681.6820068,-103.8589935,1138.595261
-682.6402385,-110.5772539,-683.5110402,-100.8506719,-683.2293091,-103.9975204,1140.140692
-684.2186505,-110.6375079,-685.053359,-100.8949021,-684.7761841,-104.1300507,1141.683644
-685.7973376,-110.6891776,-686.5931364,-100.9273795,-686.3217773,-104.2560501,1143.223764
-687.3767556,-110.73243,-688.1316395,-100.949846,-687.8673096,-104.3753128,1144.762431
-688.9561987,-110.7674075,-689.6682955,-100.9639981,-689.4123535,-104.4875412,1146.299153
-690.5340033,-110.7936084,-691.2034862,-100.9688314,-690.956543,-104.5927658,1147.834351
-692.1134805,-110.8107762,-692.7355903,-100.9660069,-692.5002441,-104.6903152,1149.366458
-693.6915338,-110.819083,-694.2660425,-100.9520732,-694.0431519,-104.7801514,1150.896973
-695.2719979,-110.8170207,-695.7928415,-100.930576,-695.5857544,-104.8614197,1152.423924
-696.8493735,-110.8053012,-697.3189039,-100.9009085,-697.1276855,-104.9345169,1153.950274
-698.4278148,-110.7833587,-698.8417178,-100.8642176,-698.6691895,-104.9988403,1155.47353
-700.0040544,-110.753749,-700.3642805,-100.8188646,-700.2106934,-105.0547333,1156.996768
-701.5775046,-110.7151021,-701.8872657,-100.7633425,-701.7521973,-105.1027145,1158.520765
-703.149614,-110.6640003,-703.4096324,-100.7007551,-703.2937012,-105.1429443,1160.044418
-704.7171269,-110.5988395,-704.9322784,-100.6305829,-704.8341675,-105.1761932,1161.56868
-706.2838721,-110.5199931,-706.4534101,-100.5534894,-706.3743286,-105.2023926,1163.091764
-707.8478322,-110.4316596,-707.9752875,-100.4705103,-707.9144897,-105.2220993,1164.615902
-709.4078774,-110.336047,-709.4988301,-100.3801722,-709.4544678,-105.2361679,1166.142121
-710.9660684,-110.2308253,-711.0206112,-100.2833306,-710.9934082,-105.244606,1167.66698
-712.5220325,-110.1200913,-712.5428258,-100.1818773,-712.5322266,-105.2478256,1169.192572
-714.0774931,-110.0049335,-714.0636586,-100.0759719,-714.0708618,-105.2456818,1170.717087
-715.6307577,-109.8826443,-715.5832683,-99.96429433,-715.6085205,-105.2383194,1172.240795
-717.1815335,-109.7559903,-717.1038238,-99.85082813,-717.1459961,-105.2262573,1173.765578
-718.7295663,-109.6286843,-718.6262421,-99.73744639,-718.6834106,-105.2101974,1175.292213
-720.2733037,-109.5005171,-720.1502104,-99.62204965,-720.2196045,-105.1910553,1176.820544
-721.8162644,-109.3712649,-721.6741696,-99.50577061,-721.7557373,-105.1689301,1178.348933
-723.3582514,-109.2427608,-723.1978072,-99.39017811,-723.2915039,-105.1439209,1179.876949
-724.8991066,-109.1147668,-724.7199442,-99.27536363,-724.8262939,-105.1159744,1181.40341
-726.4373673,-108.9876658,-726.2447806,-99.16075803,-726.3609009,-105.0858994,1182.932547
-727.9742313,-108.8610377,-727.7689309,-99.04645727,-727.8945923,-105.0538177,1184.460977
-729.5099261,-108.7352673,-729.2938635,-98.93236237,-729.4280396,-105.0200195,1185.990172
-731.046115,-108.610351,-730.8164487,-98.81866319,-730.9610596,-104.9840622,1187.516997
-732.58116,-108.4857299,-732.3388627,-98.70541461,-732.4934692,-104.9460983,1189.043617
-734.1153092,-108.3624598,-733.8616246,-98.59185544,-734.0255737,-104.9063187,1190.570607
-735.6485332,-108.2398129,-735.3845246,-98.4787859,-735.557251,-104.8648911,1192.097699
-737.1818726,-108.1176547,-736.9042026,-98.36591335,-737.0880127,-104.8213043,1193.621563
-738.7154276,-107.9956345,-738.4230079,-98.25284279,-738.6187744,-104.7753601,1195.144571
-740.247977,-107.8740287,-739.9425117,-98.13990281,-740.149231,-104.7273331,1196.668267
-741.7795223,-107.7523377,-741.4606942,-98.02682034,-741.6787109,-104.6771927,1198.190655
-743.3108106,-107.6325439,-742.9790007,-97.91367448,-743.2081299,-104.6249771,1199.713171
-744.8421582,-107.5120693,-744.4965785,-97.80037454,-744.7374878,-104.5705566,1201.234973
-746.3729649,-107.3914174,-746.0114119,-97.68708972,-746.2657471,-104.5136185,1202.754036
-747.9019933,-107.2718917,-747.5295771,-97.57347868,-747.7938232,-104.4549408,1204.276446
-749.4321269,-107.1525479,-749.0435695,-97.45967115,-749.3215332,-104.3936996,1205.79471
-750.961527,-107.0334396,-750.5578165,-97.34516245,-750.848877,-104.3300552,1207.313281
-752.4892667,-106.914461,-752.0739059,-97.23035658,-752.3756104,-104.2645721,1208.833711
-754.0170476,-106.7958029,-753.5897254,-97.11479918,-753.9023438,-104.1971817,1210.353929
-755.5438006,-106.6772111,-755.107709,-96.99884236,-755.4289551,-104.1283951,1211.876335
-757.0723602,-106.5591535,-756.616051,-96.88237902,-756.9543457,-104.0564651,1213.389166
-758.5996024,-106.4406035,-758.1278951,-96.76566688,-758.4797363,-103.9820938,1214.905509
-760.1250699,-106.321981,-759.6426172,-96.64853455,-760.0045776,-103.906044,1216.424753
-761.6507114,-106.2040352,-761.1537623,-96.53137037,-761.5286255,-103.8277435,1217.940433
-763.1744575,-106.0861586,-762.6691265,-96.41386963,-763.0523071,-103.7481384,1219.460346
-764.698053,-105.9678262,-764.1819526,-96.29713372,-764.5752563,-103.6668625,1220.977669
-766.2205833,-105.8494311,-765.6971431,-96.18073119,-766.0979614,-103.5844269,1222.497324
-767.7442518,-105.731084,-767.207553,-96.06546774,-767.6203613,-103.4998932,1224.012126
-769.2667562,-105.6120084,-768.7173244,-95.95053617,-769.1417236,-103.4133759,1225.526266
-770.7880133,-105.4928364,-770.2313518,-95.8362245,-770.6630859,-103.325676,1227.044602
-772.3108071,-105.3742048,-771.738133,-95.72299142,-772.1838989,-103.2354355,1228.555632
-773.8320311,-105.255256,-773.2478042,-95.61062359,-773.7041016,-103.1433487,1230.069479
-775.3542791,-105.1356064,-774.7532803,-95.49873029,-775.2241211,-103.0485535,1231.579108
-776.8750836,-105.0159119,-776.2598203,-95.38757068,-776.7431641,-102.9514847,1233.089743
-778.3949094,-104.8967731,-777.7686715,-95.27673905,-778.2618408,-102.852623,1234.60266
-779.9165115,-104.7766042,-779.2713803,-95.16597446,-779.7805176,-102.750679,1236.109445
-781.4362072,-104.6575915,-780.7767556,-95.05489505,-781.2980957,-102.6464615,1237.618913
-782.9541509,-104.5368681,-782.2873627,-94.9433753,-782.8154297,-102.5410004,1239.133631
-784.4734213,-104.4172485,-783.7937732,-94.83151562,-784.3327637,-102.4334183,1240.644189
-785.9905673,-104.2977505,-785.3032094,-94.71764281,-785.848999,-102.3246307,1242.157914
-787.5083706,-104.1787058,-786.8095513,-94.60293977,-787.3649902,-102.2139969,1243.668617
-789.0256028,-104.0595766,-788.3172488,-94.48675052,-788.8807373,-102.1018372,1245.180785
-790.5426708,-103.9405677,-789.8239441,-94.36898243,-790.3960571,-101.9880524,1246.692076
-792.0603691,-103.8207359,-791.3254099,-94.2497296,-791.9107056,-101.8717422,1248.19827
-793.5780732,-103.7016861,-792.8278291,-94.12880502,-793.425354,-101.7530365,1249.705548
-795.0944906,-103.5830833,-794.3312837,-94.00679636,-794.9390259,-101.6324005,1251.213945
-796.6118144,-103.4635569,-795.8301885,-93.88390666,-796.4523315,-101.5089264,1252.717879
-798.1276352,-103.3450419,-797.3355712,-93.75985907,-797.9655762,-101.3838806,1254.228364
-799.6432731,-103.2255921,-798.8360356,-93.6353331,-799.4775391,-101.2566147,1255.733987
-801.1597023,-103.106957,-800.3338255,-93.51084323,-800.9892578,-101.1265106,1257.236941
-802.6752625,-102.9876105,-801.8362465,-93.38556584,-802.5010986,-100.9944077,1258.744576
-804.1911649,-102.867468,-803.3334758,-93.26041888,-804.0119019,-100.8595276,1260.247027
-805.7083686,-102.7475048,-804.826663,-93.13617092,-805.5224609,-100.7209549,1261.745374
-807.2244621,-102.6267988,-806.3196832,-93.01263091,-807.0317383,-100.5789185,1263.243497
-808.7398632,-102.5058358,-807.8168838,-92.88938936,-808.5410156,-100.4340591,1264.745761
-810.2563269,-102.3845579,-809.3084308,-92.76686115,-810.0494385,-100.2853928,1266.242333
-811.771838,-102.2619365,-810.8022225,-92.64403575,-811.557251,-100.1333847,1267.741165
-813.2871288,-102.1389268,-812.2934847,-92.52139468,-813.0638428,-99.9777298,1269.237462
-814.8016289,-102.0149745,-813.7853778,-92.39859606,-814.569519,-99.81861115,1270.7344
-816.3161186,-101.8898462,-815.2740768,-92.27483983,-816.0739746,-99.65556335,1272.228235
-817.8292992,-101.7644561,-816.7657459,-92.14915403,-817.5776367,-99.48924255,1273.725189
-819.3428518,-101.6371675,-818.2530041,-92.02236937,-819.0800781,-99.31893921,1275.217842
-820.8553702,-101.5080472,-819.7403343,-91.89352569,-820.5812988,-99.14483643,1276.710742
-822.3675547,-101.3780576,-821.2264631,-91.7601952,-822.0814819,-98.96685028,1278.20284
-823.8798908,-101.2463664,-822.7100787,-91.62341682,-823.5806274,-98.78460693,1279.692747
-825.3921121,-101.1133319,-824.1920468,-91.48259603,-825.0786743,-98.59793854,1281.181391
-826.9044938,-100.9783494,-825.6699972,-91.33790273,-826.5751343,-98.40631104,1282.666407
-828.4168353,-100.840279,-827.1459627,-91.18822687,-828.0704346,-98.20942688,1284.149943
-829.9297432,-100.6998418,-828.618282,-91.03428182,-829.5643311,-98.00672913,1285.630288
-831.4422455,-100.5577706,-830.0901484,-90.87572581,-831.0568848,-97.79829407,1287.11067
-832.9553797,-100.4132247,-831.5582908,-90.71257765,-832.5478516,-97.58356476,1288.58785
-834.4681726,-100.2628923,-833.0250793,-90.54571564,-834.0374146,-97.36235046,1290.064099
-835.9816235,-100.1101806,-834.4898358,-90.37573167,-835.5255737,-97.1342926,1291.538686
-837.4950651,-99.95182906,-835.9534434,-90.20200012,-837.0123901,-96.89920044,1293.012568
-839.0082168,-99.78749735,-837.4155972,-90.0251544,-838.4974976,-96.65692139,1294.485378
-840.5217143,-99.61611995,-838.8760726,-89.84466662,-839.9812622,-96.40703583,1295.956963
-842.0352684,-99.43856224,-840.336005,-89.66027409,-841.4636841,-96.14942169,1297.428494
-843.5486191,-99.25397555,-841.7970607,-89.47240989,-842.9451904,-95.88413239,1298.901578
-845.0620962,-99.06202168,-843.257152,-89.28144242,-844.4252319,-95.61100006,1300.374105
-846.5754342,-98.86353855,-844.7185457,-89.08721409,-845.9042969,-95.3300705,1301.848349
-848.0887879,-98.65735025,-846.1792784,-88.88837656,-847.381958,-95.04123688,1303.322553
-849.6017494,-98.44247451,-847.6400429,-88.68492221,-848.8582764,-94.74443054,1304.797418
-851.1143672,-98.21914406,-849.100511,-88.47699698,-850.3330688,-94.43956757,1306.272613
-852.6259792,-97.98774975,-850.5617615,-88.26352329,-851.8063965,-94.1268158,1307.749374
-854.1357617,-97.74713417,-852.0240994,-88.04444287,-853.2781372,-93.80651093,1309.228032
-855.6453343,-97.49656636,-853.484695,-87.82001985,-854.7481079,-93.47828674,1310.705768
-857.1520709,-97.23700789,-854.9479132,-87.58999641,-856.2166138,-93.14276123,1312.186956
-858.6590918,-96.96629143,-856.4082431,-87.35328379,-857.6834106,-92.79931641,1313.666347
-860.1638474,-96.68367213,-857.8682505,-87.10975108,-859.1482544,-92.44808197,1315.146526
-861.6658123,-96.38907128,-859.3285582,-86.85915757,-860.6112671,-92.08927155,1316.628179
-863.1650944,-96.08332014,-860.7892898,-86.60109158,-862.0726318,-91.72312164,1318.111532
-864.6630221,-95.76727305,-862.247624,-86.33236941,-863.5320435,-91.34950256,1319.594417
-866.1588122,-95.44016405,-863.7050211,-86.05473596,-864.9896851,-90.96840668,1321.078023
-867.6525629,-95.10264679,-865.1606747,-85.76668984,-866.4453735,-90.5798645,1322.561903
-869.1437234,-94.75563379,-866.6151921,-85.46817037,-867.8991089,-90.18408203,1324.046738
-870.633888,-94.40007737,-868.0668787,-85.15839736,-869.3508301,-89.78084564,1325.531107
-872.1215923,-94.03553414,-869.5179128,-84.84041852,-870.8005981,-89.37033081,1327.016574
-873.607648,-93.66317267,-870.967529,-84.5130873,-872.2484741,-88.95256805,1328.502687
-875.0928885,-93.2827756,-872.4134888,-84.17373018,-873.6940918,-88.52734375,1329.987936
-876.5759698,-92.8964216,-873.8578641,-83.82158657,-875.1378174,-88.0949173,1331.474618
-878.0591402,-92.50317509,-875.2985019,-83.45850659,-876.5793457,-87.65493011,1332.960305
-879.5404179,-92.10328343,-876.7368425,-83.08326714,-878.0187378,-87.20754242,1334.446786
-881.0213837,-91.69523826,-878.1711109,-82.69628773,-879.4558105,-86.75237274,1335.932343
-882.4994928,-91.27992253,-879.6020878,-82.29387153,-880.8905029,-86.28977966,1337.418827
-883.9760787,-90.85696812,-881.0294459,-81.87895843,-882.3228149,-85.81968689,1338.905267
-885.4527768,-90.42690117,-882.4532874,-81.45461861,-883.7527466,-85.34165192,1340.390995
-886.9277655,-89.98947011,-883.8750248,-81.02235294,-885.1800537,-84.85574341,1341.876994
-888.4024092,-89.54487176,-885.293264,-80.58056342,-886.6046753,-84.3616333,1343.36245
-889.8753687,-89.09378375,-886.709031,-80.12956449,-888.0264893,-83.85942078,1344.848315
-891.3480523,-88.63638404,-888.1222119,-79.67089606,-889.4455566,-83.34883118,1346.334067
-892.8181747,-88.17301047,-889.533859,-79.2039081,-890.8617554,-82.83024597,1347.820951
-894.2854021,-87.70293093,-890.9438586,-78.72768892,-892.2753296,-82.30396271,1349.3092
-895.7534594,-87.2249765,-892.3505628,-78.24499318,-893.6860962,-81.7693634,1350.796416
-897.2182703,-86.74052622,-893.7563452,-77.7553072,-895.0939331,-81.22693634,1352.285045
-898.680314,-86.24886834,-895.1601554,-77.25760577,-896.4988403,-80.67690277,1353.774471
-900.1387959,-85.74993338,-896.5630545,-76.75228124,-897.9012451,-80.1195755,1355.265604
-901.5911736,-85.24528703,-897.9673442,-76.24221093,-899.3012085,-79.55607605,1356.75966
-903.040742,-84.73324493,-899.3716458,-75.72944839,-900.6989136,-78.9865036,1358.254647
-904.4884033,-84.2143603,-900.7754949,-75.21373994,-902.0943604,-78.41085815,1359.750223
-905.9340416,-83.68781654,-902.1783813,-74.69444575,-903.4874268,-77.82910919,1361.246137
-907.3761528,-83.15487323,-903.58112,-74.17190092,-904.8779907,-77.24163818,1362.743043
-908.8155394,-82.61380037,-904.9839541,-73.64781193,-906.2662354,-76.64837646,1364.240579
-910.251701,-82.06553724,-906.3863215,-73.11957477,-907.6522827,-76.04949188,1365.739134
-911.6862048,-81.50938547,-907.7866964,-72.58638295,-909.0358887,-75.44483185,1367.237581
-913.1159565,-80.94637724,-909.185738,-72.04622589,-910.4171753,-74.83486938,1368.737277
-914.5408014,-80.37638821,-910.5847665,-71.50187926,-911.7964478,-74.22002411,1370.238474
-915.9622976,-79.80006882,-911.9817423,-70.95120921,-913.1735229,-73.60056305,1371.740067
-917.3819578,-79.21652785,-913.3745509,-70.3923764,-914.5480347,-72.97634125,1373.240803
-918.8012737,-78.62605036,-914.7627142,-69.82557656,-915.9197388,-72.34686279,1374.740223
-920.2183179,-78.02906772,-916.1473711,-69.25118045,-917.2886353,-71.71200562,1376.239291
-921.6337603,-77.42477201,-917.5268002,-68.66675335,-918.65448,-71.07151031,1377.737416
-923.0464342,-76.81367092,-918.901017,-68.07118583,-920.0172729,-70.42531586,1379.235139
-924.4595413,-76.19441295,-920.2682594,-67.46489525,-921.3763428,-69.772789,1380.730779
-925.8666738,-75.56994383,-921.6319572,-66.84836403,-922.7322388,-69.11444092,1382.227369
-927.2702609,-74.93812929,-922.9913685,-66.2234328,-924.0847778,-68.4503479,1383.723544
-928.6699,-74.2988134,-924.3470977,-65.5910696,-925.434021,-67.78054047,1385.2195
-930.068533,-73.65113315,-925.6976842,-64.95116933,-926.779541,-67.10455322,1386.714009
-931.4612483,-72.99705915,-927.0450935,-64.30352026,-928.1216431,-66.42279053,1388.208987
-932.8507942,-72.33458184,-928.3893603,-63.6507751,-929.4602051,-65.73508453,1389.703353
-934.2362446,-71.66376878,-929.7309412,-62.99349533,-930.795105,-65.04143524,1391.197293
-935.6174617,-70.98554536,-931.0695317,-62.33041713,-932.1264648,-64.34185791,1392.691113
-936.9951772,-70.30025619,-932.404748,-61.66127033,-933.4542236,-63.63633728,1394.184619
-938.3688169,-69.60694725,-933.736497,-60.98614536,-934.7782593,-62.92487717,1395.677719
-939.7380761,-68.90468793,-935.0652405,-60.30570847,-936.0986328,-62.20736313,1397.170553
-941.0975412,-68.1960468,-936.3915238,-59.6180854,-937.4156494,-61.48482513,1398.664492
-942.4587611,-67.47724309,-937.7129699,-58.9250667,-938.7290039,-60.75601578,1400.156636
-943.8156081,-66.7521854,-939.030371,-58.22478187,-940.0384521,-60.0212059,1401.648596
-945.1663197,-66.02107946,-940.345545,-57.51857728,-941.3446045,-59.28063965,1403.141381
-946.5138993,-65.28062298,-941.6552694,-56.80444656,-942.6467896,-58.53421402,1404.633146
-947.8569243,-64.53193404,-942.9603396,-56.08215412,-943.9452515,-57.78176498,1406.12476
-949.1970271,-63.77519495,-944.2592998,-55.35020062,-945.2397461,-57.02308655,1407.615751
-950.5370092,-63.01066586,-945.5530651,-54.61159329,-946.5297852,-56.25758743,1409.105506
-951.932538,-62.2059153,-946.90135,-53.83153583,-947.8737793,-55.45013809,1410.663184
-953.328552,-61.39202581,-948.2430928,-53.04345543,-949.2124023,-54.63472748,1412.219251
-954.7200081,-60.571205,-949.5791202,-52.24593913,-950.5457764,-53.81136322,1413.775208
-956.1092803,-59.74289927,-950.9103585,-51.44175693,-951.8735962,-52.97976303,1415.330491
-957.4924269,-58.90890894,-952.2377284,-50.63088249,-953.1959229,-52.14038086,1416.885942
-958.8696775,-58.0686873,-953.5616968,-49.81376231,-954.5131226,-51.29341125,1418.441763
-960.2408217,-57.22243784,-954.8819092,-48.99010062,-955.8252563,-50.4392662,1419.997841
-961.6042715,-56.37259599,-956.2000633,-48.1617605,-957.1326904,-49.57873917,1421.554657
-962.9566161,-55.52208337,-957.5171468,-47.32827433,-958.4365234,-48.71318817,1423.113313
-964.302226,-54.66543096,-958.8311285,-46.48963005,-959.7368164,-47.84305573,1424.672118
-965.6436807,-53.80184402,-960.1411918,-45.64573562,-961.0334473,-46.96828842,1426.230458
-966.978403,-52.93286583,-961.4490146,-44.79807969,-962.3266602,-46.08926392,1427.788958
-968.3066873,-52.06005692,-962.7544552,-43.94590935,-963.6169434,-45.20636749,1429.347922
-969.6297334,-51.18067193,-964.0567958,-43.08975333,-964.9040527,-44.3198204,1430.906477
-970.9536231,-50.29175727,-965.3543432,-42.2290626,-966.1873779,-43.42859268,1432.463531
-972.2651342,-49.39993074,-966.647397,-41.36010912,-967.4676514,-42.53401566,1434.021436
-973.5774654,-48.49747985,-967.9359407,-40.48773275,-968.7440186,-41.63502884,1435.577516
-974.8831496,-47.58972595,-969.2193327,-39.60873542,-970.0164795,-40.73200989,1437.133065
-976.1825409,-46.67572942,-970.4959171,-38.72157023,-971.2849121,-39.82517624,1438.687648
-977.4805428,-45.75113462,-971.7666384,-37.82856278,-972.5490723,-38.9134407,1440.240773
-978.7737948,-44.81779995,-973.030734,-36.92865555,-973.8082886,-37.99676895,1441.792472
-980.0617117,-43.87689163,-974.2871824,-36.01993404,-975.062561,-37.0749321,1443.343097
-981.3459119,-42.92465262,-975.5355862,-35.102723,-976.3114624,-36.1472168,1444.892222
-982.6221934,-41.9665553,-976.7767019,-34.17626202,-977.5552979,-35.21389771,1446.440995
-983.8933814,-40.99934489,-978.0099805,-33.24219912,-978.7932739,-34.27495575,1447.988073
-985.1594779,-40.02229753,-979.2351972,-32.29944257,-980.0255127,-33.32969284,1449.534018
-986.4175106,-39.03777149,-980.4522697,-31.34780447,-981.25177,-32.37846375,1451.078971
-987.6697119,-38.04602493,-981.6623389,-30.38852403,-982.47229,-31.42095566,1452.623149
-988.920756,-37.04424887,-982.8647231,-29.42378315,-983.6856079,-30.45672417,1454.164724
-990.1615248,-36.03851769,-984.0620892,-28.45275374,-984.8928833,-29.48599815,1455.706341
-991.3980889,-35.02409275,-985.2504205,-27.47347248,-986.0932617,-28.50865746,1457.246186
-992.6274487,-34.00211575,-986.4321896,-26.48793103,-987.2868652,-27.52456093,1458.784975
-993.8480321,-32.97480452,-987.6073904,-25.49591388,-988.4737549,-26.53417969,1460.322894
-995.0552714,-31.94773575,-988.7775721,-24.49722074,-989.6551514,-25.5387516,1461.861306
-996.2593289,-30.91205185,-989.9415699,-23.49410649,-990.8304443,-24.53777122,1463.397903
-997.4539906,-29.87466931,-991.1014294,-22.4863545,-992.0003662,-23.53185844,1464.934405
-998.6477152,-28.82709125,-992.2547449,-21.47435288,-993.1640015,-22.5201149,1466.468772
-999.8365409,-27.77254286,-993.4018552,-20.45749529,-994.3209839,-21.50237465,1468.001698
-1001.015785,-26.71310791,-994.5437992,-19.43567839,-995.4716797,-20.47903442,1469.534064
-1002.186347,-25.65200931,-995.6805172,-18.40865908,-996.6165161,-19.45076561,1471.066023
-1003.346207,-24.5801539,-996.8115296,-17.37671584,-997.7556152,-18.41741943,1472.597067
-1004.509377,-23.51017308,-997.9358847,-16.3392575,-998.8887329,-17.37870407,1474.126934
-1005.662303,-22.43049534,-999.0533937,-15.29570651,-1000.015808,-16.33470154,1475.655929
-1006.809272,-21.34372079,-1000.165033,-14.24776617,-1001.136536,-15.28531742,1477.183646
-1007.944137,-20.25727704,-1001.27135,-13.19199282,-1002.252747,-14.23111534,1478.712893
-1009.077587,-19.15981526,-1002.376714,-12.13131103,-1003.366394,-13.16938019,1480.244844
-1010.205187,-18.05372868,-1003.479251,-11.05762613,-1004.480103,-12.09867954,1481.783801
-1011.341886,-16.93278813,-1004.578495,-9.969177293,-1005.595032,-11.01580715,1483.330752
-1012.476432,-15.79130311,-1005.676271,-8.86514294,-1006.711548,-9.919602394,1484.887673
-1013.565519,-14.68931348,-1006.732504,-7.79991212,-1007.781921,-8.857989311,1486.387788
-1014.656253,-13.57152458,-1007.783017,-6.714179377,-1008.85437,-7.783055305,1487.898548
-1015.750152,-12.45109038,-1008.84388,-5.620693653,-1009.930298,-6.695175648,1489.422077
-1016.839524,-11.31316077,-1009.902213,-4.508046225,-1011.009888,-5.594613552,1490.957672
-1017.941156,-10.15939404,-1010.958833,-3.380647822,-1012.091614,-4.480401516,1492.502817
-1019.040746,-8.984612051,-1012.023726,-2.247045828,-1013.174805,-3.352283001,1494.058146
-1020.097576,-7.851512612,-1013.036722,-1.150537071,-1014.20874,-2.262819529,1495.550961
-1021.15528,-6.707177484,-1014.046468,-0.041197387,-1015.241333,-1.161630034,1497.051034
-1022.208007,-5.553086189,-1015.059505,1.074129747,-1016.271973,-0.049921874,1498.557752
-1023.257862,-4.400823355,-1016.07368,2.197879841,-1017.301086,1.070501447,1500.071478
-1024.304094,-3.23496448,-1017.080463,3.333747788,-1018.327759,2.199535847,1501.589308
-1025.352455,-2.060941403,-1018.084643,4.476462579,-1019.351135,3.337251663,1503.110549
-1026.389897,-0.879463049,-1019.089705,5.624932811,-1020.371704,4.482684612,1504.636698
-1027.434129,0.31026916,-1020.090271,6.779924941,-1021.388184,5.636514187,1506.164815
-1028.467576,1.507849465,-1021.091992,7.939457564,-1022.401001,6.797984123,1507.697121
-1029.498753,2.713970497,-1022.084161,9.110573463,-1023.409607,7.967104912,1509.232018
-1030.530034,3.925800201,-1023.067568,10.29222758,-1024.413574,9.143914223,1510.769353
-1031.548602,5.14496949,-1024.055829,11.47588168,-1025.414185,10.32815838,1512.311331
-1032.563815,6.366876209,-1025.035932,12.6707754,-1026.411377,11.51896858,1513.856767
-1033.572306,7.596426562,-1026.012537,13.8728899,-1027.405518,12.7163744,1515.405585
-1034.585157,8.83742906,-1026.991235,15.07435091,-1028.395142,13.92131615,1516.955216
-1035.589253,10.08545192,-1027.959451,16.28935796,-1029.380859,15.13358974,1518.50882
-1036.58852,11.33805839,-1028.923717,17.51130909,-1030.362549,16.3524704,1520.06541
-1037.588981,12.59594335,-1029.884702,18.73915516,-1031.34021,17.5785675,1521.624609
-1038.577268,13.8677015,-1030.843766,19.97168679,-1032.313477,18.81165695,1523.186318
-1039.568896,15.14028369,-1031.799601,21.21045558,-1033.282471,20.0518856,1524.750981
-1040.5127,16.36046935,-1032.708412,22.39376931,-1034.200928,21.23994255,1526.243016
-1041.445235,17.58962977,-1033.615222,23.58159688,-1035.114746,22.43407631,1527.737418
-1042.37086,18.81967642,-1034.516128,24.77791285,-1036.024658,23.63361168,1529.235018
-1043.296435,20.0466682,-1035.417322,25.97764532,-1036.931274,24.83802223,1530.73552
-1044.218848,21.28273079,-1036.309678,27.18393676,-1037.833374,26.04707336,1532.236
-1045.138624,22.52766348,-1037.204696,28.38782806,-1038.730103,27.26113129,1533.736137
-1046.047136,23.77442649,-1038.092656,29.59891124,-1039.621948,28.47912216,1535.237868
-1046.950793,25.0255792,-1038.979304,30.81186218,-1040.509155,29.7013855,1536.740331
-1047.849718,26.27633931,-1039.855068,32.03404931,-1041.391968,30.92718124,1538.243894
-1048.743287,27.52888579,-1040.733761,33.25546184,-1042.270874,32.15647125,1539.748537
-1049.626598,28.78401062,-1041.610713,34.47950076,-1043.14624,33.3884697,1541.254298
-1050.511427,30.04048162,-1042.479745,35.70944319,-1044.018066,34.62365723,1542.760278
-1051.389858,31.30469299,-1043.338434,36.94590631,-1044.88562,35.86187363,1544.265664
-1052.254593,32.5771076,-1044.195677,38.18410279,-1045.749268,37.10319138,1545.771651
-1053.119094,33.84400453,-1045.047549,39.42723229,-1046.609497,38.34680557,1547.278653
-1053.978307,35.11881123,-1045.89413,40.67377469,-1047.466187,39.59355164,1548.785494
-1054.840991,36.40590418,-1046.734619,41.92097847,-1048.317139,40.84432983,1550.289468
-1055.689024,37.69557928,-1047.564313,43.17735996,-1049.16333,42.09849548,1551.795086
-1056.53425,38.98651988,-1048.389311,44.43718457,-1050.004883,43.35602951,1553.301001
-1057.376464,40.28109085,-1049.213817,45.69702644,-1050.841553,44.61701965,1554.806661
-1058.207858,41.58121382,-1050.026204,46.96571433,-1051.673706,45.8814621,1556.313161
-1059.037974,42.8868903,-1050.833117,48.2363945,-1052.500366,47.14936066,1557.818397
-1059.861411,44.19647193,-1051.639006,49.50797096,-1053.321777,48.42093658,1559.323842
-1060.669983,45.50813544,-1052.439441,50.78504737,-1054.138916,49.69544983,1560.831032
-1061.485286,46.8196351,-1053.230694,52.06689837,-1054.951172,50.97322845,1562.337426
-1062.286063,48.13581968,-1054.017404,53.3527744,-1055.759155,52.25384903,1563.84487
-1063.084932,49.44959603,-1054.804502,54.63933645,-1056.563354,53.53697968,1565.353103
-1063.876127,50.77238454,-1055.576634,55.93407775,-1057.363159,54.8229866,1566.860599
-1064.671988,52.09367148,-1056.353438,57.22512798,-1058.158203,56.11182404,1568.367328
-1065.450962,53.42226955,-1057.122602,58.5213287,-1058.948853,57.40320206,1569.874561
-1066.23047,54.75266643,-1057.889485,59.81763808,-1059.734619,58.69720078,1571.380724
-1067.00555,56.08615125,-1058.652524,61.11555622,-1060.515381,59.99391937,1572.88632
-1067.778655,57.41677504,-1059.405593,62.41996883,-1061.291626,61.29299927,1574.39251
-1068.539875,58.75906526,-1060.163363,63.71938956,-1062.0625,62.59477615,1575.89674
-1069.302958,60.09640678,-1060.907572,65.02718505,-1062.828491,63.89899063,1577.401458
-1070.055816,61.43980421,-1061.658246,66.33011383,-1063.589355,65.20553589,1578.905165
-1070.80499,62.78813817,-1062.388509,67.64263025,-1064.34436,66.51452637,1580.407158
-1071.551977,64.13592876,-1063.126004,68.95012615,-1065.093628,67.8259201,1581.908306
-1072.288338,65.48551897,-1063.856672,70.26152388,-1065.837646,69.13942719,1583.409518
-1073.022962,66.8327685,-1064.583184,71.57450446,-1066.576538,70.45457458,1584.910097
-1073.753433,68.18264784,-1065.301101,72.89020621,-1067.309937,71.77137756,1586.408922
-1074.478478,69.53613849,-1066.010603,74.20858349,-1068.037598,73.09011841,1587.90609
-1075.192844,70.89166561,-1066.718086,75.52743759,-1068.759888,74.41055298,1589.402723
-1075.911014,72.24711912,-1067.417486,76.84781072,-1069.476074,75.73273468,1590.896893
-1076.627502,73.60004562,-1068.115986,78.16774798,-1070.186523,77.05659485,1592.390258
-1077.327186,74.96013978,-1068.804057,79.49231005,-1070.891479,78.38232422,1593.882875
-1078.037919,76.31568618,-1069.487068,80.8167964,-1071.59021,79.7097168,1595.373099
-1078.768271,77.74701279,-1070.202418,82.20637433,-1072.316895,81.10558319,1596.935998
-1079.490236,79.17984496,-1070.900576,83.60375757,-1073.036865,82.50350952,1598.498081
-1080.208974,80.61200861,-1071.59883,84.99946719,-1073.750122,83.90323639,1600.05871
-1080.928001,82.04422744,-1072.291815,86.39566991,-1074.456421,85.30500793,1601.617431
-1081.635598,83.48181219,-1072.975987,87.79422801,-1075.155518,86.70883942,1603.174369
-1082.33714,84.91922843,-1073.650486,89.1960944,-1075.847534,88.11437988,1604.730062
-1083.03465,86.35726904,-1074.320018,90.59821406,-1076.532349,89.52159119,1606.283835
-1083.712806,87.80044259,-1074.987878,92.00133025,-1077.210938,90.93096924,1607.837789
-1084.393553,89.24092202,-1075.647209,93.40788293,-1077.883423,92.34249878,1609.391207
-1085.067161,90.68376107,-1076.295254,94.81920255,-1078.549927,93.7562561,1610.944199
-1085.732516,92.1345462,-1076.939088,96.23009969,-1079.209595,95.17260742,1612.495055
-1086.386113,93.58718873,-1077.570847,97.64710211,-1079.863037,96.59142303,1614.046511
-1087.0285,95.04213567,-1078.205528,99.06291271,-1080.51062,98.01244354,1615.598071
-1087.668418,96.49799775,-1078.821597,100.4863237,-1081.152222,99.4356308,1617.149083
-1088.300255,97.95747499,-1079.436705,101.9095016,-1081.787842,100.8611908,1618.699501
-1088.927333,99.4182282,-1080.042533,103.3363065,-1082.41748,102.2889862,1620.249597
-1089.535992,100.8878614,-1080.645911,104.7628229,-1083.040771,103.7189636,1621.798472
-1090.141263,102.3534073,-1081.249327,106.1905991,-1083.658691,105.1508713,1623.348523
-1090.744449,103.8210595,-1081.838964,107.6230478,-1084.270874,106.5848007,1624.897581
-1091.337371,105.2904435,-1082.427662,109.056351,-1084.877808,108.0207367,1626.447072
-1091.921196,106.7641223,-1083.006579,110.4925883,-1085.479126,109.4584656,1627.995595
-1092.494749,108.2403186,-1083.585368,111.9293229,-1086.075317,110.8983383,1629.544531
-1093.066623,109.7151108,-1084.154224,113.3704929,-1086.666626,112.3400421,1631.093908
-1093.628929,111.1918266,-1084.72321,114.8123988,-1087.25354,113.7837067,1632.644016
-1094.195969,112.6701679,-1085.282335,116.2568436,-1087.835327,115.2295685,1634.192901
-1094.75757,114.1479702,-1085.841553,117.7022363,-1088.412476,116.6773682,1635.742702
-1095.309594,115.6277997,-1086.392199,119.1517873,-1088.985352,118.1270218,1637.293318
-1095.863085,117.107043,-1086.943244,120.600912,-1089.553833,119.5783539,1638.843677
-1096.404954,118.5895824,-1087.488908,122.0528481,-1090.118286,121.031517,1640.394763
-1096.950108,120.0761753,-1088.024137,123.5063361,-1090.67749,122.4866791,1641.943665
-1097.4952,121.5616956,-1088.559152,124.9606113,-1091.231812,123.9440384,1643.493232
-1098.031105,123.0531325,-1089.085513,126.4173378,-1091.780762,125.4037247,1645.042137
-1098.566092,124.5423475,-1089.611696,127.8759545,-1092.325073,126.865799,1646.59276
-1099.092229,126.0361075,-1090.138179,129.3344672,-1092.864502,128.3301849,1648.143387
-1099.618387,127.5324722,-1090.648974,130.7981147,-1093.39856,129.7970276,1649.693605
-1100.143629,129.0272977,-1091.160205,132.2630212,-1093.927734,131.2661896,1651.245155
-1100.65919,130.5248346,-1091.661227,133.7325543,-1094.452271,132.7375641,1652.79775
-1101.165166,132.0273616,-1092.153015,135.2052554,-1094.971924,134.2112427,1654.350394
-1101.674626,133.5301074,-1092.6436,136.6782507,-1095.48645,135.6872559,1655.902936
-1102.170443,135.0388265,-1093.123872,138.1546373,-1095.995605,137.1655579,1657.455476
-1102.665675,136.5501533,-1093.60779,139.6293041,-1096.499023,138.6464539,1659.007513
-1103.15003,138.0634658,-1094.072256,141.1117732,-1096.99707,140.1296234,1660.561039
-1103.633652,139.5785041,-1094.536021,142.5941962,-1097.489502,141.6151733,1662.114312
-1104.106719,141.0978412,-1094.99007,144.0798502,-1097.976196,143.1031036,1663.667801
-1104.568906,142.6201618,-1095.432955,145.5699765,-1098.457397,144.5934448,1665.22235
-1105.021996,144.1495062,-1095.874711,147.0585353,-1098.932129,146.0862122,1666.775075
-1105.472884,145.6780535,-1096.311566,148.5495968,-1099.400757,147.5813141,1668.328815
-1105.912028,147.2093375,-1096.735808,150.0456778,-1099.863647,149.0788727,1669.883884
-1106.345233,148.7416134,-1097.159525,151.5425057,-1100.320923,150.578537,1671.439528
-1106.770302,150.2742616,-1097.575149,153.04343,-1100.773193,152.0803223,1672.996936
-1107.184147,151.8089031,-1097.988204,154.5463451,-1101.220825,153.5840607,1674.555579
-1107.596936,153.3475176,-1098.390734,156.051043,-1101.663086,155.0900726,1676.113188
-1108.011237,154.8863315,-1098.787264,157.5579564,-1102.099976,156.598465,1677.671399
-1108.410533,156.428314,-1099.177483,159.0680871,-1102.53186,158.1090546,1679.231132
-1108.807884,157.9691681,-1099.570125,160.57959,-1102.959351,159.6218567,1680.792801
-1109.194298,159.5151311,-1099.950999,162.0938509,-1103.381958,161.136673,1682.354227
-1109.57848,161.0609247,-1100.320216,163.6126935,-1103.800049,162.6535797,1683.917302
-1109.959374,162.6097266,-1100.696871,165.1291734,-1104.213257,164.172699,1685.479858
-1110.314191,164.0864871,-1101.04495,166.577343,-1104.602539,165.6213379,1686.969272
-1110.666361,165.5678966,-1101.391052,168.0241671,-1104.986694,167.0719757,1688.456916
-1111.006222,167.0520151,-1101.724952,169.4752592,-1105.365967,168.5246277,1689.945928
-1111.353106,168.5367943,-1102.068261,170.9230821,-1105.739868,169.9794464,1691.433898
-1111.68762,170.023582,-1102.393815,172.3769663,-1106.108765,171.436264,1692.923785
-1112.023619,171.5119599,-1102.724785,173.8285464,-1106.472168,172.8949738,1694.412619
-1112.345494,173.0012802,-1103.033142,175.2884631,-1106.830933,174.3556976,1695.904745
-1112.676746,174.4871566,-1103.351159,176.7475747,-1107.185425,175.8181915,1697.398111
-1112.985074,175.9795256,-1103.654987,178.2102762,-1107.535522,177.2824707,1698.892034
-1113.29295,177.474062,-1103.958262,179.6721509,-1107.880737,178.7485046,1700.385036
-1113.601142,178.9685531,-1104.253288,181.1366783,-1108.221191,180.2163696,1701.878984
-1113.89604,180.4679632,-1104.547491,182.6008036,-1108.556519,181.6861572,1703.372375
-1114.179917,181.9701766,-1104.838661,184.0660922,-1108.886719,183.1578217,1704.866313
-1114.462011,183.4744346,-1105.115902,185.5338633,-1109.211426,184.6314087,1706.360038
-1114.74147,184.9777927,-1105.392606,187.0035797,-1109.531128,186.1068115,1707.855576
-1115.010089,186.4852302,-1105.659329,188.4748153,-1109.845459,187.5841217,1709.350793
-1115.275784,187.9934701,-1105.923466,189.9470033,-1110.154419,189.0632324,1710.846489
-1115.533188,189.5032275,-1106.18307,191.4208645,-1110.45813,190.5440826,1712.343038
-1115.779245,191.0152698,-1106.439818,192.8960925,-1110.756714,192.0267334,1713.840442
-1116.024206,192.5278815,-1106.685911,194.3739431,-1111.050171,193.5111847,1715.338642
-1116.265519,194.0403658,-1106.926026,195.854098,-1111.338745,194.9971466,1716.838147
-1116.501418,195.553542,-1107.154228,197.3376299,-1111.622681,196.4847412,1718.339128
-1116.735307,197.0700124,-1107.381491,198.8194747,-1111.901245,197.9741364,1719.838298
-1116.955707,198.5852816,-1107.607669,200.3058335,-1112.175659,199.4650726,1721.341767
-1117.176295,200.1011811,-1107.821749,201.7939723,-1112.445679,200.9572296,1722.845226
-1117.39038,201.617811,-1108.032835,203.2841276,-1112.71167,202.4509583,1724.350257
-1117.603275,203.1363319,-1108.231673,204.7752909,-1112.973145,203.9460754,1725.854619
-1117.796308,204.6561027,-1108.435249,206.2687749,-1113.230957,205.4425964,1727.361914
-1117.997627,206.1752841,-1108.627612,207.763762,-1113.484863,206.9403229,1728.869226
-1118.18945,207.6958381,-1108.821112,209.2597071,-1113.735107,208.4394073,1730.377634
-1118.380749,209.2164595,-1109.013207,210.7567576,-1113.981812,209.9397736,1731.886958
-1118.561888,210.7390493,-1109.199695,212.2551446,-1114.224976,211.4413605,1733.396906
-1118.752128,212.2595981,-1109.381419,213.7560041,-1114.464966,212.9442139,1734.908727
-1118.931675,213.7825055,-1109.560867,215.2572532,-1114.70166,214.4482117,1736.420663
-1119.110404,215.304935,-1109.728872,216.761987,-1114.935425,215.9533539,1737.934747
-1119.288327,216.8267805,-1109.906724,218.2669164,-1115.166626,217.4594879,1739.450149
-1119.465584,218.348946,-1110.061733,219.776227,-1115.395386,218.9667053,1740.967398
-1119.631892,219.8741593,-1110.231954,221.2823526,-1115.621338,220.4749756,1742.483113
-1119.796999,221.3980059,-1110.381413,222.7946986,-1115.845215,221.9842072,1744.002826
-1119.962067,222.9231835,-1110.533873,224.3056422,-1116.06665,223.4943695,1745.521442
-1120.131055,224.4485666,-1110.690394,225.8159162,-1116.285522,225.0055389,1747.039805
-1120.281385,225.9776255,-1110.836288,227.3271838,-1116.501587,226.5177002,1748.558098
-1120.445366,227.5033473,-1110.98108,228.8418084,-1116.715576,228.0308228,1750.079628
-1120.606986,229.0317382,-1111.124777,230.354206,-1116.926758,229.5450134,1751.598837
-1120.761476,230.5598257,-1111.268479,231.8693497,-1117.135742,231.0599823,1753.12078
-1120.915847,232.0898031,-1111.410773,233.3819871,-1117.341797,232.5756836,1754.640095
-1121.069591,233.6194762,-1111.542861,234.8970945,-1117.545166,234.0921326,1756.160949
-1121.223077,235.1515565,-1111.683549,236.4071967,-1117.744873,235.609375,1757.677591
-1121.370892,236.6831115,-1111.814286,237.9211552,-1117.941528,237.1273804,1759.197184
-1121.51853,238.2153269,-1111.960165,239.4322582,-1118.134888,238.6461182,1760.715312
-1121.661782,239.7490944,-1112.083175,240.9448452,-1118.324585,240.1656952,1762.232893
-1121.81021,241.2813223,-1112.212569,242.4587887,-1118.511108,241.6860657,1763.752356
-1121.945797,242.8149573,-1112.341314,243.9734611,-1118.69458,243.2071228,1765.27249
-1122.10061,244.3462471,-1112.476161,245.488072,-1118.875122,244.7289124,1766.793092
-1122.237218,245.8798349,-1112.608468,247.0037858,-1119.052856,246.2515411,1768.314569
-1122.379981,247.4133148,-1112.73631,248.5204706,-1119.227783,247.7752075,1769.836632
-1122.515703,248.9480844,-1112.864434,250.037641,-1119.399902,249.2998352,1771.359203
-1122.663398,250.482337,-1113.001417,251.5538183,-1119.569092,250.8254852,1772.881556
-1122.792652,252.0196696,-1113.128024,253.0706346,-1119.735107,252.3521576,1774.403647
-1122.934919,253.5554247,-1113.262559,254.588761,-1119.898315,253.879837,1775.927723
-1123.079172,255.0922816,-1113.396356,256.1059501,-1120.05835,255.4085236,1777.4508
-1123.205826,256.6299111,-1113.520812,257.6284876,-1120.216064,256.9381714,1778.978416
-1123.343865,258.1670848,-1113.65763,259.1497884,-1120.371338,258.4686584,1780.505856
-1123.486142,259.7031168,-1113.788014,260.6756159,-1120.524902,260.000061,1782.037245
-1123.612067,261.2422993,-1113.919232,262.199826,-1120.67627,261.5323181,1783.567092
-1123.756812,262.7795866,-1114.050293,263.7256592,-1120.825684,263.0652771,1785.098544
-1123.887996,264.3162873,-1114.187304,265.2581395,-1120.974609,264.5991516,1786.637137
-1124.015958,265.8550646,-1114.322379,266.7888188,-1121.122437,266.1337891,1788.173764
-1124.149282,267.3942082,-1114.450636,268.320257,-1121.269043,267.66922,1789.710564
-1124.283031,268.9325947,-1114.578941,269.855637,-1121.415161,269.2053833,1791.251296
-1124.416375,270.4743154,-1114.715429,271.3849347,-1121.559448,270.7424927,1792.786672
-1124.548303,272.0152673,-1114.852016,272.9188046,-1121.702759,272.280426,1794.326611
-1124.690813,273.5572433,-1114.977833,274.451064,-1121.84436,273.8191833,1795.864027
-1124.821523,275.1002816,-1115.112805,275.9847819,-1121.984619,275.3587341,1797.403673
-1124.951643,276.6424628,-1115.247135,277.5230827,-1122.12439,276.8990173,1798.947828
-1125.080294,278.1884651,-1115.383131,279.0554866,-1122.262207,278.4404297,1800.486254
-1125.221069,279.7323066,-1115.515089,280.5928237,-1122.398926,279.9825134,1802.029244
-1125.346875,281.2791027,-1115.646732,282.1286495,-1122.534058,281.5254517,1803.570702
-1125.48613,282.8277298,-1115.788291,283.6588854,-1122.666382,283.069397,1805.107471
-1125.622132,284.3754653,-1115.918708,285.1971787,-1122.797241,284.6146851,1806.651283
-1125.743473,285.9270667,-1116.047579,286.7335913,-1122.925903,286.161438,1808.193091
-1125.88046,287.4792145,-1116.178884,288.2694158,-1123.052002,287.7095947,1809.734518
-1126.017262,289.0313169,-1116.314176,289.8101318,-1123.176392,289.2593384,1811.281163
-1126.151743,290.5873254,-1116.453236,291.3472895,-1123.297974,290.8109436,1812.824598
-1126.281191,292.1443996,-1116.581439,292.8891271,-1123.417236,292.3642883,1814.371756
-1126.417322,293.7046087,-1116.719535,294.427671,-1123.533203,293.9196472,1815.916485
-1126.553059,295.2649432,-1116.857815,295.9724422,-1123.646851,295.4770203,1817.467433
-1126.688874,296.8281999,-1116.985472,297.5178551,-1123.75769,297.0365295,1819.01811
-1126.822581,298.3915516,-1117.120251,299.0695961,-1123.866821,298.598114,1820.575693
-1126.956851,299.9597042,-1117.253192,300.6171942,-1123.972778,300.1618958,1822.12899
-1127.091255,301.5281923,-1117.386272,302.171207,-1124.076538,301.7279358,1823.688691
-1127.224985,303.0989189,-1117.524638,303.7271102,-1124.178101,303.2962341,1825.250734
-1127.36738,304.6720656,-1117.661728,305.2838313,-1124.2771,304.8668518,1826.81348
-1127.500483,306.2483475,-1117.794335,306.8426591,-1124.373413,306.4398193,1828.377938
-1127.637377,307.8249378,-1117.935375,308.4061932,-1124.467773,308.0148315,1829.947821
-1127.773459,309.3237517,-1118.062728,309.8950061,-1124.555908,309.513031,1831.442071
-1127.903981,310.8263781,-1118.197856,311.382379,-1124.641846,311.0132446,1832.935569
-1128.034999,312.3299783,-1118.321653,312.8745856,-1124.726074,312.5155029,1834.432902
-1128.164106,313.8334757,-1118.456187,314.372356,-1124.80957,314.0196838,1835.936702
-1128.292423,315.3411309,-1118.590465,315.8679732,-1124.891357,315.5258179,1837.438335
-1128.431787,316.849787,-1118.715107,317.3665522,-1124.971558,317.0338135,1838.942089
-1128.560554,318.3604786,-1118.849365,318.8676374,-1125.050415,318.5437927,1840.449166
-1128.687796,319.8742722,-1118.983519,320.3686828,-1125.127441,320.0556641,1841.956195
-1128.827889,321.3881661,-1119.117786,321.8736517,-1125.203125,321.569397,1843.467141
-1128.95424,322.9063674,-1119.25168,323.3783005,-1125.276855,323.0852356,1844.977735
-1129.095027,324.4255284,-1119.385501,324.8854882,-1125.348755,324.6029968,1846.490852
-1129.233008,325.9438469,-1119.519724,326.3994923,-1125.420044,326.1227112,1848.010795
-1129.357449,327.4673474,-1119.653152,327.9111325,-1125.489624,327.6442261,1849.528312
-1129.494889,328.9879797,-1119.786656,329.4306688,-1125.559082,329.16745,1851.053702
-1129.632662,330.5153253,-1119.919758,330.9445219,-1125.626465,330.6923523,1852.573395
-1129.770054,332.0376602,-1120.053521,332.4696702,-1125.694336,332.2188721,1854.104398
-1129.897442,333.5629698,-1120.186984,333.9943474,-1125.762207,333.7466736,1855.634905
-1130.041158,335.0903919,-1120.330638,335.5175602,-1125.829468,335.2756653,1857.164877
-1130.172103,336.6173773,-1120.464116,337.0449276,-1125.896851,336.8056641,1858.698066
-1130.309144,338.1448254,-1120.597397,338.5731026,-1125.964355,338.3364258,1860.232042
-1130.445998,339.669131,-1120.730754,340.10598,-1126.033203,339.8675537,1861.770709
-1130.582719,341.1953389,-1120.873709,341.6364904,-1126.102783,341.3988953,1863.307881
-1130.719397,342.7227242,-1121.006517,343.1670157,-1126.172852,342.9306946,1864.844158
-1130.856054,344.2479973,-1121.140024,344.7001397,-1126.244141,344.462616,1866.383084
-1130.992722,345.7754083,-1121.273008,346.2308202,-1126.315918,345.9945374,1867.91953
-1131.12924,347.3037144,-1121.415931,347.7596547,-1126.387817,347.5262756,1869.455031
-1131.277703,348.8314736,-1121.548915,349.2882406,-1126.459717,349.0576782,1870.98939
-1131.414852,350.35796,-1121.681812,350.8174372,-1126.531982,350.5884705,1872.524351
-1131.551782,351.8796947,-1121.818095,352.349546,-1126.605835,352.1184387,1874.062509
-1131.684489,353.40497,-1121.957107,353.8770241,-1126.680054,353.6478271,1875.5963
-1131.820649,354.9268088,-1122.089419,355.4062984,-1126.755371,355.1763916,1877.131287
-1131.956595,356.4476519,-1122.221728,356.9346189,-1126.831787,356.70401,1878.665324
-1132.09909,357.9698971,-1122.353967,358.4592768,-1126.908447,358.2305603,1880.195706
-1132.237892,359.4844418,-1122.496682,359.9880488,-1126.987305,359.7558899,1881.731125
-1132.373601,361.0030457,-1122.629101,361.5111999,-1127.066772,361.2797852,1883.260021
-1132.509077,362.5169869,-1122.761434,363.0352353,-1127.147705,362.8020325,1884.789791
-1132.644934,364.0336427,-1122.893882,364.554158,-1127.228882,364.3227539,1886.314478
-1132.780613,365.5421305,-1123.026169,366.0767172,-1127.312134,365.8418274,1887.842773
-1132.916528,367.0564877,-1123.158345,367.5918171,-1127.395386,367.359375,1889.363627
-1133.052634,368.5684913,-1123.290727,369.1061144,-1127.478882,368.8754578,1890.8837
-1133.188626,370.0795507,-1123.423342,370.6179885,-1127.562378,370.3897705,1892.401379
-1133.325005,371.586102,-1123.556426,372.1300819,-1127.646606,371.9023132,1893.919318
-1133.461886,373.0965281,-1123.684492,373.6368313,-1127.730103,373.413269,1895.4315
-1133.599061,374.6028165,-1123.81266,375.1441203,-1127.813599,374.922821,1896.944228
-1133.736124,376.1076271,-1123.945868,376.6496701,-1127.897095,376.4309082,1898.45566
-1133.869954,377.6113933,-1124.074325,378.1535333,-1127.980469,377.9373474,1899.964999
-1134.008508,379.1206768,-1124.20262,379.6511654,-1128.06189,379.4423828,1901.468116
-1134.139846,380.6221171,-1124.336482,381.1514156,-1128.143066,380.9458923,1902.974327
-1134.270163,382.121116,-1124.461424,382.6512427,-1128.224243,382.447876,1904.479349
-1134.40736,383.6190297,-1124.586936,384.15009,-1128.30542,383.9490051,1905.983442
-1134.535912,385.1166276,-1124.712913,385.6481082,-1128.386597,385.4493408,1907.486748
-1134.666184,386.6135975,-1124.839736,387.1454702,-1128.467773,386.9490967,1908.989471
-1134.7936,388.1171487,-1124.966439,388.6374113,-1128.547119,388.4478455,1910.486783
-1134.930201,389.6140743,-1125.084268,390.1323551,-1128.625977,389.9459229,1911.986363
-1135.066253,391.1870723,-1125.219377,391.7057103,-1128.708984,391.5219116,1913.565509
-1135.200371,392.7594427,-1125.356358,393.278181,-1128.791992,393.0971375,1915.143935
-1135.332614,394.3370043,-1125.486631,394.8469572,-1128.873535,394.6715393,1916.71811
-1135.470149,395.9106114,-1125.6106,396.4169157,-1128.954346,396.2452087,1918.292956
-1135.603852,397.4801192,-1125.739812,397.9870375,-1129.035156,397.817688,1919.868385
-1135.731032,399.0490039,-1125.863187,399.555175,-1129.115723,399.3883362,1921.441369
-1135.867021,400.6144672,-1125.99768,401.1213355,-1129.196289,400.9570618,1923.013293
-1135.996097,402.1783926,-1126.118353,402.6863051,-1129.276855,402.5238953,1924.582909
-1136.126653,403.7402681,-1126.250637,404.2487255,-1129.357422,404.0887756,1926.150919
-1136.258161,405.3016758,-1126.37281,405.8089435,-1129.437622,405.6516724,1927.715913
-1136.380164,406.8665487,-1126.490462,407.3653549,-1129.516357,407.212738,1929.276765
-1136.512397,408.4254644,-1126.619426,408.9211198,-1129.594482,408.7720642,1930.837866
-1136.634952,409.9800993,-1126.744143,410.4762872,-1129.672607,410.3293762,1932.398026
-1136.757833,411.5326218,-1126.857832,412.0299336,-1129.750732,411.884613,1933.955826
-1136.881193,413.0831877,-1126.982813,413.5810433,-1129.828857,413.4378967,1935.511963
-1137.004939,414.6313345,-1127.10737,415.1305254,-1129.907104,414.9893188,1937.066444
-1137.128672,416.1786119,-1127.225618,416.6779288,-1129.985229,416.5387878,1938.618359
-1137.25213,417.7233846,-1127.346476,418.223463,-1130.063354,418.0863037,1940.168611
-1137.375471,419.2674464,-1127.464718,419.7649132,-1130.140869,419.6305847,1941.71459
-1137.499458,420.8065723,-1127.585423,421.2992048,-1130.217285,421.1684265,1943.253622
-1137.611139,422.3351382,-1127.702396,422.8256211,-1130.292969,422.6973877,1944.784514
-1137.732996,423.8506898,-1127.822345,424.3441629,-1130.368652,424.2173767,1946.307785
-1137.84408,425.3581743,-1127.934587,425.8544093,-1130.444336,425.7287292,1947.822197
-1137.963939,426.8562689,-1128.056548,427.3553209,-1130.52002,427.2312317,1949.328056
-1138.080215,428.4205473,-1128.172791,428.9225502,-1130.599487,428.7995911,1950.89959
-1138.195133,429.9753008,-1128.285523,430.4804715,-1130.678955,430.3584595,1952.461585
-1138.309155,431.520864,-1128.413719,432.0283223,-1130.758423,431.9080811,1954.014735
-1138.422733,433.0594574,-1128.525199,433.5669528,-1130.837402,433.4483948,1955.557399
-1138.545293,434.5893202,-1128.64369,435.0960424,-1130.915771,434.9797668,1957.091072
-1138.656857,436.1016984,-1128.765829,436.6181452,-1130.995239,436.5017395,1958.618068
-1138.767976,437.6105481,-1128.878375,438.130014,-1131.074707,438.0146484,1960.13412
-1138.868175,439.108036,-1128.990223,439.6339515,-1131.154785,439.5187073,1961.642211
-1138.983633,440.6728506,-1129.106928,441.1985511,-1131.238159,441.0851135,1963.211157
-1139.099327,442.223596,-1129.22288,442.7548417,-1131.321899,442.6419373,1964.771761
-1139.211983,443.7647369,-1129.338381,444.3014875,-1131.406006,444.1890869,1966.322714
-1139.314795,445.2937205,-1129.453331,445.8394157,-1131.491089,445.7266541,1967.864932
-1139.425888,446.8134753,-1129.556396,447.3684815,-1131.577026,447.2548523,1969.397467
-1139.527301,448.3289431,-1129.670029,448.8866142,-1131.662964,448.7738647,1970.919847
-1139.629844,449.8349594,-1129.782724,450.3954908,-1131.748901,450.2835693,1972.432926
-1139.730397,451.337097,-1129.884374,451.894555,-1131.833862,451.7841797,1973.935432
-1139.836721,452.890565,-1129.990252,453.4540573,-1131.923096,453.3434448,1975.498525
-1139.932301,454.4350337,-1130.095532,455.0038324,-1132.012695,454.8929749,1977.051872
-1140.034207,455.9713363,-1130.200529,456.5435172,-1132.102295,456.4328613,1978.595132
-1140.138623,457.496908,-1130.304654,458.0741772,-1132.192139,457.9633789,1980.12933
-1140.235874,459.0057123,-1130.408594,459.597242,-1132.283691,459.484375,1981.655937
-1140.327898,460.5202189,-1130.511719,461.1075608,-1132.374146,460.9961243,1983.169773
-1140.420401,462.012722,-1130.604967,462.6123813,-1132.465942,462.4986877,1984.677479
-1140.525985,463.5709644,-1130.701245,464.1704962,-1132.561035,464.0570068,1986.238566
-1140.620617,465.130173,-1130.801722,465.7160868,-1132.653442,465.6055908,1987.787419
-1140.71337,466.6735311,-1130.899352,467.2535052,-1132.744385,467.1444702,1989.327934
-1140.803848,468.2131598,-1130.990718,468.7808567,-1132.832886,468.6742859,1990.858016
-1140.892608,469.7449941,-1131.081148,470.2992827,-1132.918823,470.1954651,1992.379133
-1140.991486,471.2632364,-1131.17131,471.8155843,-1133.00415,471.7124939,1993.898112
-1141.080482,472.7845204,-1131.268155,473.3418717,-1133.09082,473.2383423,1995.427469
-1141.170742,474.3237877,-1131.364311,474.8715413,-1133.176392,474.7703247,1996.960158
-1141.259774,475.8415769,-1131.451071,476.3903045,-1133.261353,476.289032,1998.481397
-1141.338416,477.3420315,-1131.537865,477.8955305,-1133.346313,477.793396,1999.989124
-1141.432167,478.900375,-1131.62529,479.4469682,-1133.432861,479.3462219,2001.543023
-1141.524653,480.4395111,-1131.715982,480.9844372,-1133.518311,480.8843079,2003.083164
-1141.603563,481.9593545,-1131.801718,482.5090494,-1133.60376,482.4079895,2004.610185
-1141.698456,483.4741021,-1131.89296,484.0171672,-1133.687378,483.9177856,2006.12106
-1141.783283,485.0254418,-1131.984024,485.5730712,-1133.774292,485.4730225,2007.679627
-1141.867408,486.5679716,-1132.067241,487.1131588,-1133.859985,487.0134277,2009.221961
-1141.953982,488.0892047,-1132.153367,488.6397063,-1133.945679,488.539032,2010.750936
-1142.046604,489.5954859,-1132.245437,490.1513335,-1134.031372,490.0500488,2012.265365
-1142.134351,491.1488869,-1132.337968,491.7052504,-1134.119629,491.6040649,2013.822034
-1142.222328,492.6825178,-1132.420515,493.2454874,-1134.208008,493.1428223,2015.364482
-1142.301279,494.2040152,-1132.514051,494.7693792,-1134.296021,494.6664429,2016.891242
-1142.390469,495.7087893,-1132.594543,496.280045,-1134.384033,496.1756897,2018.40405
-1142.482296,497.2602574,-1132.689123,497.8288498,-1134.473999,497.7252197,2019.95574
-1142.562297,498.7955231,-1132.775593,499.3631617,-1134.562988,499.259491,2021.492487
-1142.650867,500.3232909,-1132.865195,500.8806529,-1134.649536,500.7790222,2023.012621
-1142.738299,501.8294664,-1132.953731,502.385047,-1134.734985,502.283905,2024.519618
-1142.828344,503.3678532,-1133.036393,503.9294626,-1134.823486,503.8269653,2026.066244
-1142.919481,504.8908371,-1133.128468,505.4580239,-1134.911987,505.3547058,2027.597576
-1143.000623,506.4052555,-1133.223285,506.9701368,-1134.99939,506.8675232,2029.112659
-1143.088754,507.911525,-1133.310133,508.4661369,-1135.084351,508.365509,2030.611178
-1143.174039,509.4412789,-1133.393465,510.0015919,-1135.172241,509.8996887,2032.148892
-1143.265818,510.956722,-1133.487757,511.520924,-1135.259888,511.4186707,2033.671148
-1143.348377,512.4740793,-1133.568128,513.0225082,-1135.344238,512.9229126,2035.174881
-1143.435094,514.008953,-1133.66571,514.5615349,-1135.431274,514.4616699,2036.716998
-1143.52458,515.5276979,-1133.755182,516.0858374,-1135.518311,515.9851074,2038.243925
-1143.615339,517.0393723,-1133.839401,517.5932498,-1135.60376,517.4932861,2039.753688
-1143.697707,518.5880356,-1133.933096,519.1324904,-1135.689697,519.0345459,2041.295777
-1143.78701,520.1081155,-1134.017718,520.6592358,-1135.775757,520.5600586,2042.824866
-1143.874851,521.6141835,-1134.110576,522.1698418,-1135.861694,522.0701904,2044.338323
-1143.964565,523.1508656,-1134.200825,523.7122179,-1135.950317,523.6116333,2045.883338
-1144.054983,524.6893897,-1134.28918,525.2347994,-1136.035522,525.1372681,2047.408481
-1144.144195,526.2089769,-1134.381815,526.7423885,-1136.118042,526.647522,2048.918913
-1144.225144,527.7547472,-1134.477564,528.2808292,-1136.201172,528.1878052,2050.46033
-1144.314904,529.2805784,-1134.56029,529.8047302,-1136.283081,529.7121582,2051.986475
-1144.404175,530.7996603,-1134.655244,531.3100631,-1136.362061,531.2207031,2053.4948
-1144.494451,532.3322278,-1134.744528,532.8472362,-1136.443237,532.7575073,2055.034564
-1144.583911,533.8518132,-1134.829893,534.3677994,-1136.523682,534.2781982,2056.557521
-1144.672403,535.3484688,-1134.921858,535.8736654,-1136.604736,535.78302,2058.066193
-1144.762504,536.8794059,-1135.020508,537.4043214,-1136.687256,537.3145142,2059.600025
-1144.851159,538.3849089,-1135.109105,538.9216223,-1136.770752,538.8300781,2061.11991
-1144.939373,539.8797098,-1135.197067,540.4220944,-1136.854248,540.329834,2062.622958
-1145.029394,541.4120609,-1135.28476,541.9461309,-1136.937866,541.8555298,2064.149515
-1145.117485,542.9107399,-1135.377308,543.4579851,-1137.022705,543.3655396,2065.6642
-1145.205614,544.4148364,-1135.470358,544.9676493,-1137.108398,544.8746338,2067.176729
-1145.294974,545.9406438,-1135.562823,546.4891648,-1137.194214,546.3972168,2068.701051
-1145.382939,547.4442204,-1135.661002,547.9858898,-1137.27771,547.895813,2070.200993
-1145.472535,548.972375,-1135.741759,549.5075345,-1137.36145,549.418457,2071.724779
-1145.561111,550.460531,-1135.835427,551.013351,-1137.446899,550.9217529,2073.233506
-1145.652329,551.9889933,-1135.93231,552.5367973,-1137.532837,552.4465942,2074.76003
-1145.739951,553.4755143,-1136.018235,554.0395851,-1137.619873,553.9466553,2076.265272
-1145.825927,554.9856209,-1136.114174,555.5480746,-1137.707275,555.4558105,2077.776809
-1145.918209,556.4769445,-1136.211858,557.0471155,-1137.795288,556.9541016,2079.27903
-1146.011286,558.0016715,-1136.301883,558.573909,-1137.885254,558.4805908,2080.808475
-1146.090533,559.5095986,-1136.401317,560.084963,-1137.974976,559.9915161,2082.322797
-1146.188737,561.0418312,-1136.484074,561.6242497,-1138.067261,561.5292358,2083.864307
-1146.284237,562.5778221,-1136.580536,563.1428822,-1138.155884,563.0511475,2085.386
-1146.369242,564.0833998,-1136.67635,564.6489494,-1138.243774,564.5574951,2086.895112
-1146.462664,565.6141074,-1136.765009,566.1812624,-1138.333374,566.0895386,2088.429987
-1146.556382,567.1351068,-1136.868787,567.6952142,-1138.421021,567.6054688,2089.947492
-1146.643658,568.6398636,-1136.952689,569.1949173,-1138.506958,569.105896,2091.44954
-1146.732946,570.1602153,-1137.053952,570.7196992,-1138.595093,570.6306152,2092.977681
-1146.827271,571.6638368,-1137.144483,572.2294037,-1138.683228,572.1395264,2094.490097
-1146.913928,573.1891148,-1137.243981,573.7629189,-1138.77417,573.6721191,2096.026837
-1146.999048,574.6924774,-1137.334309,575.282156,-1138.866699,575.1886597,2097.548757
-1147.092347,576.1824587,-1137.425378,576.7854405,-1138.960327,576.6896973,2099.054797
-1147.174161,577.6757556,-1137.528611,578.3142829,-1139.061157,578.2128296,2100.587121
-1147.255626,579.1423272,-1137.618686,579.8301781,-1139.168701,579.7195435,2102.10569
-1147.343756,580.6125744,-1137.711459,581.3714896,-1139.289063,581.2471924,2103.649791
-1147.424773,582.0809291,-1137.804621,582.903237,-1139.418823,582.7652588,2105.184369
-1147.49991,583.5397198,-1137.904573,584.4338562,-1139.559937,584.2796021,2106.718248
-1147.581265,584.9805016,-1138.004842,585.9658545,-1139.715332,585.789856,2108.253524
-1147.653405,586.4180183,-1138.095812,587.4980074,-1139.885498,587.2957764,2109.788375
-1147.72309,587.8444214,-1138.186575,589.0278413,-1140.071411,588.7939453,2111.320899
-1147.802057,589.2892803,-1138.278232,590.5836321,-1140.27771,590.3118896,2112.879388
-1147.868242,590.7068581,-1138.374707,592.1309076,-1140.502686,591.8117065,2114.429668
-1147.92882,592.1013244,-1138.471258,593.671416,-1140.748657,593.293335,2115.973199
-1147.998419,593.5161714,-1138.570757,595.2402754,-1141.022705,594.7918701,2117.545211
-1148.053431,594.9064681,-1138.67244,596.8080622,-1141.32251,596.270874,2119.116291
-1148.109591,596.3246405,-1138.77968,598.405412,-1141.655518,597.7640381,2120.717237
-1148.164893,597.734212,-1138.891314,599.9997543,-1142.015259,599.2365723,2122.315483
-1148.218918,599.1355244,-1139.008559,601.5932729,-1142.402466,600.6876221,2123.913309
-1148.272771,600.5625877,-1139.134633,603.2247446,-1142.828125,602.1487427,2125.549645
-1148.335079,601.9831749,-1139.268087,604.8599347,-1143.284058,603.5857544,2127.190271
-1148.399137,603.4329669,-1139.41471,606.5386197,-1143.782837,605.0286865,2128.875348
-1148.474208,604.8756473,-1139.575734,608.2325772,-1144.316772,606.4440308,2130.576941
-1148.549633,606.3501873,-1139.768849,609.981159,-1144.901733,607.8586426,2132.336154
-1148.596177,607.839968,-1140.010828,611.7562122,-1145.531006,609.2381592,2134.127625
-1148.690432,609.3274441,-1140.276413,613.5677728,-1146.206787,610.5791016,2135.95855
-1148.91719,610.8067086,-1140.615888,615.4331876,-1146.945923,611.9053345,2137.854603
-1149.266922,612.2365929,-1141.074543,617.3067057,-1147.736938,613.1834717,2139.783446
-1149.711828,613.6711789,-1141.633124,619.2154489,-1148.596802,614.4364014,2141.772243
-1150.274706,615.0513424,-1142.359092,621.0668867,-1149.507324,615.6345215,2143.760924
-1151.007761,616.3598547,-1143.389345,622.7639263,-1150.48584,616.798584,2145.746211
-1151.973627,617.4728419,-1144.753984,624.1646275,-1151.509521,617.9030151,2147.701768
-1153.144025,618.4084536,-1146.346288,625.3355231,-1152.594849,618.9680786,2149.678237
-1154.42365,619.1975387,-1147.95616,626.3671783,-1153.717285,619.9805908,2151.590303
-1155.763474,619.8986114,-1149.574041,627.2471326,-1154.873901,620.9547729,2153.432004
-1157.137331,620.529876,-1151.242123,628.0431273,-1156.068481,621.8920898,2155.280275
-1158.591743,621.0380555,-1152.960328,628.7110054,-1157.301025,622.7966919,2157.12372
-1160.048412,621.4622314,-1154.654626,629.3006611,-1158.542358,623.6508789,2158.917692
-1161.489565,621.8749223,-1156.315873,629.8827706,-1159.812134,624.4712524,2160.677974
-1162.906926,622.2961628,-1157.940622,630.4575965,-1161.104736,625.2578125,2162.401411
-1164.316704,622.6977875,-1159.535454,631.0152997,-1162.412842,626.0097656,2164.090944
-1165.74929,623.1062444,-1161.106108,631.5564581,-1163.750122,626.7445679,2165.752211
-1167.18278,623.5219833,-1162.61885,632.072695,-1165.083008,627.4559937,2167.350613
-1168.649821,623.9522432,-1164.113869,632.5838766,-1166.435181,628.1665649,2168.930609
-1170.126299,624.387053,-1165.5718,633.0794534,-1167.777466,628.869873,2170.470466
-1171.621111,624.8443104,-1166.990267,633.5543646,-1169.105469,629.5759277,2171.966324
-1173.160687,625.3252578,-1168.411376,634.0209999,-1170.440796,630.3052368,2173.462084
-1174.721869,625.8257091,-1169.808035,634.474893,-1171.753296,631.0509033,2174.930647
-1176.345205,626.3792025,-1171.201414,634.9266443,-1173.060425,631.8375244,2176.395427
-1177.990402,626.9611721,-1172.586144,635.3782815,-1174.334351,632.6554565,2177.851948
-1179.651512,627.566771,-1173.998819,635.815555,-1175.57959,633.5087891,2179.330751
-1181.325063,628.244754,-1175.42405,636.2715811,-1176.797119,634.4038696,2180.827161
-1183.017056,629.0547113,-1176.831122,636.7949911,-1177.984009,635.352417,2182.328431
-1184.686383,629.957796,-1178.165614,637.4314978,-1179.117065,636.3410034,2183.806947
-1186.286475,631.0165472,-1179.44882,638.1912392,-1180.214966,637.3873291,2185.298197
-1187.747335,632.2333275,-1180.634051,639.0667321,-1181.255127,638.4700928,2186.771716
-1189.04462,633.6193047,-1181.704853,640.0971678,-1182.259277,639.6078491,2188.25779
-1190.120545,635.1199551,-1182.568039,641.2992421,-1183.212036,640.7723389,2189.73768
-1190.912267,636.7694671,-1183.232799,642.6749555,-1184.13916,641.9779663,2191.265584
-1191.552394,638.4589645,-1183.750088,644.1205791,-1185.023438,643.1965942,2192.800972
-1192.118962,640.1834082,-1184.099067,645.671485,-1185.88208,644.451355,2194.390656
-1192.563816,641.9207976,-1184.339913,647.2401829,-1186.698975,645.7142944,2195.977735
-1192.949069,643.6547266,-1184.580594,648.7967159,-1187.493286,647.007019,2197.552766
-1193.355009,645.3376526,-1184.806281,650.3591946,-1188.267944,648.3258057,2199.13146
-1193.809043,646.9598829,-1185.000554,651.8797782,-1189.004028,649.6436768,2200.664403
-1194.266828,648.5626741,-1185.212157,653.3890328,-1189.719727,650.9863892,2202.18842
-1194.72161,650.1279647,-1185.434469,654.8479995,-1190.39978,652.3244629,2203.664227
-1195.151887,651.6958809,-1185.667573,656.3041172,-1191.060303,653.6838989,2205.138885
-1195.574636,653.2645094,-1185.892621,657.7625144,-1191.701416,655.0639038,2206.614543
-1195.996332,654.8302557,-1186.129616,659.2182359,-1192.323853,656.463501,2208.08943
-1196.399872,656.3615065,-1186.367686,660.6500407,-1192.916748,657.8504639,2209.540893
-1196.791065,657.89002,-1186.61154,662.0999145,-1193.496582,659.2525024,2211.01113
-1197.18681,659.420914,-1186.870305,663.5428935,-1194.062622,660.6691895,2212.477128
-1197.550523,660.9343517,-1187.123915,664.9481165,-1194.601685,662.069519,2213.905052
-1197.89564,662.4614768,-1187.391599,666.3394457,-1195.124146,663.4846802,2215.321898
-1198.205169,664.00374,-1187.657964,667.7329047,-1195.629639,664.9143677,2216.740587
-1198.51174,665.552816,-1187.938695,669.1167437,-1196.116943,666.3600464,2218.152614
-1198.825651,667.0680687,-1188.21226,670.4751157,-1196.57605,667.7902222,2219.538259
-1199.138431,668.5885706,-1188.504354,671.8418219,-1197.018677,669.2370605,2220.93583
-1199.460841,670.1130858,-1188.783619,673.22555,-1197.445313,670.7006226,2222.347458
-1199.777904,671.6118495,-1189.059305,674.5843898,-1197.846558,672.1474609,2223.733982
-1200.098633,673.1173597,-1189.349727,675.9608385,-1198.233643,673.6107178,2225.140735
-1200.429209,674.6288805,-1189.646944,677.3623623,-1198.608765,675.0903931,2226.573427
-1200.75251,676.1102908,-1189.948354,678.776099,-1198.968994,676.550354,2228.018938
-1201.087257,677.5983735,-1190.255537,680.2117351,-1199.324463,678.0236816,2229.48707
-1201.432485,679.0937085,-1190.580756,681.6675018,-1199.677002,679.5100708,2230.978721
-1201.773376,680.564896,-1190.909457,683.0931802,-1200.017578,680.9735107,2232.441801
-1202.12413,682.0450166,-1191.2339,684.5434694,-1200.356445,682.4505615,2233.927938
-1202.477064,683.5373149,-1191.579266,685.9969555,-1200.692627,683.9400635,2235.421892
-1202.83393,685.0022349,-1191.911618,687.434568,-1201.019165,685.4063721,2236.897422
-1203.194551,686.4762305,-1192.259715,688.8931529,-1201.345947,686.8848267,2238.396969
-1203.560757,687.9610643,-1192.622961,690.3719972,-1201.674805,688.37677,2239.919772
-1203.928793,689.4190443,-1192.981438,691.8332793,-1201.998535,689.8447266,2241.424382
-1204.290382,690.8918687,-1193.349188,693.3122278,-1202.326294,691.326355,2242.948366
-1204.663586,692.3764177,-1193.730787,694.8076139,-1202.658936,692.8222046,2244.491673
-1205.030579,693.8395377,-1194.112299,696.2620976,-1202.985352,694.293335,2245.99536
-1205.40247,695.3152888,-1194.497786,697.7301823,-1203.314087,695.777771,2247.513212
-1205.78464,696.8021919,-1194.896509,699.2086589,-1203.64502,697.2750854,2249.04451
-1206.160907,698.2585379,-1195.281752,700.6740194,-1203.971313,698.7446899,2250.559664
-1206.531832,699.7286668,-1195.690545,702.1427077,-1204.301025,700.2254028,2252.084183
-1206.922854,701.2050828,-1196.099426,703.6232852,-1204.634155,701.7164307,2253.620182
-1207.317651,702.6937966,-1196.516454,705.1029431,-1204.968994,703.2176514,2255.157485
-1207.703922,704.1481876,-1196.929144,706.5690137,-1205.299438,704.6884155,2256.680533
-1208.102594,705.6080853,-1197.346306,708.0526761,-1205.635864,706.1687012,2258.221727
-1208.512564,707.0673505,-1197.781414,709.570068,-1205.983032,707.6572876,2259.80027
-1208.933843,708.5318253,-1198.230425,711.0971868,-1206.341553,709.1531372,2261.39203
-1209.345481,709.9650711,-1198.657895,712.5869588,-1206.699951,710.6140747,2262.941918
-1209.721205,711.4125438,-1199.104105,714.0901184,-1207.069946,712.0811768,2264.509908
-1210.061818,712.8804813,-1199.550088,715.5927926,-1207.450073,713.5543823,2266.077368
-1210.378553,714.3608903,-1200.0108,717.1095364,-1207.842163,715.0333252,2267.662539
-1210.71544,715.8468983,-1200.472771,718.6257995,-1208.244751,716.5172119,2269.247616
-1211.054481,717.3393858,-1200.947357,720.1452614,-1208.657715,718.0047607,2270.839469
-1211.384713,718.7987577,-1201.408046,721.6166878,-1209.066895,719.4534302,2272.381329
-1211.726017,720.2636056,-1201.872139,723.0863333,-1209.483032,720.9061279,2273.92251
-1212.074674,721.7382386,-1202.339476,724.5488189,-1209.904175,722.3648682,2275.45785
-1212.428815,723.2159934,-1202.824154,726.0249263,-1210.332397,723.8291016,2277.011493
-1212.80397,724.6986781,-1203.305073,727.4977139,-1210.765625,725.2993164,2278.560811
-1213.218234,726.1812821,-1203.792658,728.9616672,-1211.201294,726.7762451,2280.103827
-1213.668516,727.6161341,-1204.259567,730.3793672,-1211.624268,728.2164917,2281.596434
-1214.144138,729.0469735,-1204.741228,731.8124187,-1212.049683,729.6629639,2283.108265
-1214.63672,730.4815345,-1205.223142,733.245698,-1212.476318,731.1159058,2284.620393
-1215.120997,731.9220685,-1205.711484,734.6968652,-1212.906616,732.5750732,2286.151525
-1215.616728,733.3663504,-1206.199242,736.1518039,-1213.339844,734.0397949,2287.686046
-1216.118004,734.8140943,-1206.702969,737.6144155,-1213.777222,735.5103149,2289.23297
-1216.628378,736.2680584,-1207.200766,739.079235,-1214.217529,736.9869385,2290.780063
-1217.111583,737.6859637,-1207.683489,740.5111488,-1214.648193,738.4241333,2292.291155
-1217.597392,739.1105809,-1208.165269,741.9456053,-1215.081787,739.8666992,2293.804356
-1218.087411,740.538753,-1208.650018,743.389624,-1215.519165,741.3145752,2295.327567
-1218.587485,741.970931,-1209.135747,744.8365859,-1215.959717,742.7676392,2296.85388
-1219.068818,743.4139251,-1209.632822,746.2891155,-1216.404053,744.2258911,2298.389109
-1219.562047,744.8556439,-1210.125253,747.7556971,-1216.853394,745.6880493,2299.936154
-1220.051976,746.3022047,-1210.614392,749.2288189,-1217.307739,747.1531982,2301.488361
-1220.540976,747.7523744,-1211.116952,750.7012285,-1217.766846,748.6204224,2303.044174
-1221.037878,749.2032831,-1211.613667,752.1772062,-1218.230347,750.0892334,2304.601491
-1221.52489,750.6599666,-1212.110446,753.6559866,-1218.698242,751.5595093,2306.161485
-1222.020639,752.1145567,-1212.617506,755.1357661,-1219.170776,753.0302124,2307.725728
-1222.503248,753.5754947,-1213.124801,756.6144604,-1219.647339,754.5009155,2309.289021
-1222.998951,755.035133,-1213.623028,758.0957542,-1220.127686,755.9724121,2310.851859
-1223.475031,756.4569421,-1214.109874,759.5196297,-1220.594238,757.3990479,2312.356665
-1223.958604,757.8753937,-1214.594411,760.9502031,-1221.062866,758.8262329,2313.867068
-1224.434409,759.2970817,-1215.070107,762.3866247,-1221.533936,760.2540283,2315.380208
-1224.921608,760.7182666,-1215.562712,763.81511,-1222.006714,761.6828003,2316.891244
-1225.401605,762.1469937,-1216.039678,765.2428691,-1222.479736,763.1132202,2318.396565
-1225.897348,763.5724638,-1216.532189,766.666108,-1222.952759,764.545166,2319.902612
-1226.378294,765.0025103,-1217.02252,768.0921323,-1223.425781,765.9775391,2321.410581
-1226.858907,766.4286113,-1217.516873,769.5332096,-1223.902222,767.4111938,2322.934093
-1227.345836,767.8544138,-1217.999257,770.9792213,-1224.381714,768.8453979,2324.458443
-1227.829135,769.2849488,-1218.486893,772.4249713,-1224.86438,770.2814331,2325.984215
-1228.315984,770.7166947,-1218.980992,773.86946,-1225.349731,771.7185059,2327.510872
-1228.804664,772.151857,-1219.469173,775.3151681,-1225.83728,773.1573486,2329.03678
-1229.294875,773.5920638,-1219.958939,776.7551925,-1226.325439,774.5981445,2330.557812
-1229.777334,775.0385172,-1220.447906,778.1946277,-1226.813599,776.0411377,2332.07803
-1230.263246,776.48005,-1220.937008,779.6509158,-1227.30481,777.4859009,2333.614258
-1230.752247,777.9272133,-1221.427755,781.0984611,-1227.796753,778.932373,2335.142728
-1231.238625,779.3732973,-1221.928068,782.5546562,-1228.291504,780.3803101,2336.682474
-1231.722123,780.8260174,-1222.420941,784.0070935,-1228.787231,781.8297729,2338.216259
-1232.21425,782.2755077,-1222.916838,785.4671917,-1229.2854,783.2809448,2339.758271
-1232.709231,783.7285255,-1223.41508,786.9237924,-1229.784912,784.7338867,2341.297729
-1233.204492,785.1844924,-1223.917815,788.3777372,-1230.285034,786.1883545,2342.836137
-1233.698199,786.6399102,-1224.414846,789.8444743,-1230.78772,787.6445923,2344.3848
-1234.187669,788.1030007,-1224.910298,791.3050936,-1231.291016,789.1027832,2345.927162
-1234.687472,789.5614634,-1225.415131,792.7712838,-1231.796265,790.5623169,2347.47783
-1235.183173,791.025318,-1225.903549,794.2430397,-1232.303101,792.0239868,2349.028513
-1235.679896,792.4925613,-1226.40077,795.7084374,-1232.810181,793.4871216,2350.575968
-1236.169594,793.9078006,-1226.881406,797.1382312,-1233.303223,794.9047241,2352.084385
-1236.646739,795.3316056,-1227.364211,798.5649623,-1233.797607,796.3240356,2353.590593
-1237.133729,796.7561853,-1227.838331,799.9904091,-1234.291992,797.7449341,2355.092821
-1237.617339,798.1823221,-1228.317129,801.419919,-1234.787231,799.1675415,2356.600384
-1238.097654,799.6088392,-1228.799927,802.8584219,-1235.285034,800.5918579,2358.117745
-1238.579741,801.038666,-1230.048779,804.021213,-1235.783081,802.0164185,2359.82412
-1239.068868,802.4640559,-1229.759671,805.726045,-1236.282104,803.4405518,2361.553291
-1239.547601,803.8914503,-1230.240089,807.1655618,-1236.782837,804.8640137,2363.070858
-1240.033497,805.3157256,-1230.717274,808.6080361,-1237.285645,806.2868042,2364.590213
-1240.507208,806.7443861,-1231.198057,810.0510222,-1237.790894,807.7092285,2366.111187
-1240.991539,808.1700963,-1231.671917,811.4910699,-1238.297241,809.130188,2367.627195
-1241.471957,809.5981518,-1232.153348,812.9277131,-1238.804932,810.5510864,2369.142358
-1241.960103,811.0223843,-1232.627968,814.3678969,-1239.313965,811.9710083,2370.658733
-1242.431971,812.4518877,-1233.110046,815.8066903,-1239.824707,813.3901978,2372.176141
-1242.910803,813.8817441,-1233.590244,817.2437957,-1240.336914,814.8101807,2373.691351
-1243.390824,815.313644,-1234.068724,818.6780107,-1240.849609,816.2307739,2375.203275
-1243.878186,816.7435359,-1234.547167,820.1120019,-1241.362549,817.6516724,2376.714976
-1244.356429,818.1762836,-1235.026504,821.5475607,-1241.875977,819.0725708,2378.228446
-1244.836274,819.6079197,-1235.506572,822.9878631,-1242.390869,820.4938354,2379.746648
-1245.32313,821.0396479,-1235.993865,824.4240284,-1242.90686,821.9161987,2381.263231
-1245.800011,822.4763083,-1236.461155,825.8657001,-1243.423218,823.3389282,2382.778744
-1246.286412,823.9125433,-1236.935846,827.3022589,-1243.939575,824.7633057,2384.291699
-1246.781949,825.3439827,-1237.419138,828.7388642,-1244.455933,826.1873779,2385.807418
-1247.26368,826.7866237,-1237.898564,830.1790281,-1244.973511,827.6162109,2387.325286
-1247.761109,828.2309831,-1238.374388,831.6222628,-1245.491821,829.0508423,2388.844935
-1248.254866,829.6794124,-1238.865432,833.0625106,-1246.009766,830.4883423,2390.366592
-1248.734722,831.1352799,-1239.344929,834.510321,-1246.527466,831.9286499,2391.891738
-1249.226131,832.5892295,-1239.838297,835.9577958,-1247.045288,833.3717651,2393.420985
-1249.725246,834.0415775,-1240.330724,837.4186256,-1247.565186,834.8180542,2394.962578
-1250.218202,835.5076733,-1240.814052,838.8797769,-1248.086548,836.2720337,2396.501593
-1250.697163,836.9353866,-1241.300849,840.311201,-1248.596069,837.6902466,2398.013528
-1251.189897,838.3777846,-1241.781811,841.7617982,-1249.112183,839.1251221,2399.541781
-1251.679358,839.842149,-1242.266115,843.2298408,-1249.63501,840.5778809,2401.087646
-1252.166093,841.2707745,-1242.751135,844.661438,-1250.146484,841.9981079,2402.599173
-1252.658699,842.7169627,-1243.231309,846.1138812,-1250.664429,843.4355469,2404.128931
-1253.147763,844.1822456,-1243.727987,847.5887176,-1251.19043,844.8900757,2405.685154
-1253.633978,845.6114198,-1244.210638,849.0204824,-1251.703979,846.3096313,2407.196082
-1254.126162,847.0583263,-1244.696979,850.4637317,-1252.222656,847.7457886,2408.719071
-1254.623762,848.521289,-1245.180159,851.9274777,-1252.746582,849.1983643,2410.260504
-1255.10879,849.9469323,-1245.656574,853.3406423,-1253.254395,850.6127319,2411.751814
-1255.58858,851.3877809,-1246.139813,854.7741375,-1253.766235,852.0408936,2413.264569
-1256.081909,852.8389097,-1246.627144,856.220243,-1254.28186,853.482666,2414.790581
-1256.569956,854.3057086,-1247.120574,857.6854985,-1254.802368,854.9379272,2416.336688
-1257.073258,855.7860816,-1247.61144,859.1440461,-1255.32373,856.4069824,2417.87562
-1257.549058,857.2172224,-1248.090969,860.5915473,-1255.831421,857.8300171,2419.400483
-1258.038453,858.6579044,-1248.575739,862.0307928,-1256.342041,859.2625732,2420.919176
-1258.530307,860.1074762,-1249.062989,863.4757723,-1256.854736,860.7036133,2422.444096
-1259.023802,861.5612795,-1249.553768,864.9309603,-1257.369385,862.1499634,2423.979815
-1259.517739,863.0163813,-1250.043453,866.3782119,-1257.88269,863.5965576,2425.507667
-1260.011311,864.4682891,-1250.530194,867.820507,-1258.393188,865.0404053,2427.029879
-1260.494368,865.9158992,-1251.016489,869.2535037,-1258.899292,866.4776001,2428.543142
-1260.984904,867.351253,-1251.494021,870.67823,-1259.400269,867.9067383,2430.045767
-1261.474284,868.777575,-1251.970852,872.0935134,-1259.89624,869.328186,2431.539217
-1261.96851,870.2557926,-1252.471787,873.5512503,-1260.40625,870.7979126,2433.080623
-1262.461892,871.7238474,-1252.958058,875.0060954,-1260.911011,872.2594604,2434.614583
-1262.960351,873.1794887,-1253.451119,876.4501596,-1261.410767,873.7124634,2436.140503
-1263.446308,874.6305543,-1253.933307,877.8807192,-1261.904419,875.1573486,2437.650141
-1263.932523,876.0690631,-1254.425631,879.3120873,-1262.394409,876.59375,2439.163811
-1264.413673,877.5007048,-1254.905532,880.7318475,-1262.879761,878.0219727,2440.662485
-1264.91479,878.9738348,-1255.409341,882.2070183,-1263.380981,879.4955444,2442.221315
-1265.403457,880.439564,-1255.911687,883.6799998,-1263.880737,880.9594116,2443.777601
-1265.894709,881.8947131,-1256.409615,885.140808,-1264.378418,882.4136353,2445.32094
-1266.382631,883.3422432,-1256.90012,886.5869135,-1264.872925,883.8588257,2446.847968
-1266.866252,884.7807056,-1257.392079,888.0240001,-1265.364502,885.2947998,2448.366929
-1267.346117,886.2080218,-1257.883524,889.4658746,-1265.855591,886.7211914,2449.890255
-1267.84077,887.6825719,-1258.377114,890.9352251,-1266.36084,888.1912231,2451.440294
-1268.331286,889.14745,-1258.876083,892.3976762,-1266.863037,889.6521606,2452.985523
-1268.819096,890.6040872,-1259.370456,893.8449825,-1267.361084,891.104187,2454.514935
-1269.303215,892.0501974,-1259.851682,895.296663,-1267.856689,892.5470581,2456.044299
-1269.785149,893.4885167,-1260.339575,896.7244258,-1268.3479,893.980896,2457.553122
-1270.263442,894.9197506,-1260.813639,898.1414029,-1268.834106,895.4070435,2459.047297
-1270.748146,896.3969624,-1261.300224,899.5912785,-1269.330811,896.8761597,2460.576645
-1271.229992,897.8634362,-1261.779057,901.0388936,-1269.821533,898.3366699,2462.101397
-1271.714347,899.3218799,-1262.250319,902.4626446,-1270.303833,899.789978,2463.601116
-1272.194557,900.7731585,-1262.718262,903.8715548,-1270.776855,901.2366943,2465.085703
-1272.672497,902.2203237,-1263.182164,905.2642945,-1271.239746,902.6798706,2466.55367
-1273.153027,903.6651627,-1263.641495,906.6385982,-1271.690674,904.1223145,2468.002703
-1273.639193,905.1058133,-1264.099312,908.0056402,-1272.12915,905.5648193,2469.444369
-1274.120137,906.5460818,-1264.554398,909.3637959,-1272.554077,907.0073853,2470.876741
-1274.608956,907.9829711,-1265.009311,910.7180745,-1272.965454,908.4512329,2472.305382
-1275.108839,909.4712452,-1265.479203,912.1150136,-1273.376099,909.9469604,2473.779234
-1275.612392,910.960122,-1265.95653,913.5041817,-1273.770874,911.4453125,2475.248121
-1276.115803,912.4527672,-1266.431134,914.8822031,-1274.147461,912.9465332,2476.705581
-1276.612213,913.9472762,-1266.901206,916.2685225,-1274.506958,914.4505005,2478.169429
-1277.107777,915.4449778,-1267.375019,917.6507489,-1274.848389,915.9570313,2479.630609
-1277.599202,916.946037,-1267.843802,919.03879,-1275.172241,917.4666748,2481.095675
-1278.092978,918.451573,-1268.303996,920.4277728,-1275.477661,918.9795532,2482.558908
-1278.575748,919.9630162,-1268.767675,921.8206896,-1275.764771,920.4954224,2484.026973
-1279.043639,921.4802291,-1269.219773,923.2229566,-1276.03418,922.0140991,2485.500318
-1279.504313,923.0047142,-1269.678372,924.6242362,-1276.284912,923.5353394,2486.974732
-1279.964106,924.536144,-1270.120366,926.0301881,-1276.516235,925.0594482,2488.448523
-1280.407147,926.0781723,-1270.551402,927.4377756,-1276.726807,926.5858765,2489.920629
-1280.834113,927.6286376,-1270.959061,928.8533096,-1276.916382,928.114502,2491.393694
-1281.262693,929.1899748,-1271.34663,930.2707639,-1277.083252,929.6455078,2492.863179
-1281.659251,930.7632646,-1271.725461,931.6929503,-1277.226685,931.1781006,2494.334956
-1282.039141,932.3493894,-1272.077139,933.1185029,-1277.345093,932.711792,2495.803247
-1282.40198,933.9445508,-1272.415313,934.5508629,-1277.438232,934.2459106,2497.274986
-1282.723386,935.5490706,-1272.726947,935.9913592,-1277.506104,935.7799072,2498.748806
-1283.002368,937.1590147,-1273.001917,937.4409419,-1277.549316,937.3127441,2500.224238
-1283.260065,938.7767474,-1273.244609,938.8972137,-1277.567749,938.8452148,2501.700594
-1283.475115,940.3957792,-1273.461006,940.3622391,-1277.562622,940.3759766,2503.181515
-1283.646777,942.0253316,-1273.635898,941.8287579,-1277.532593,941.9052734,2504.658425
-1283.765105,943.6542911,-1273.776656,943.3022647,-1277.47876,943.4327393,2506.13864
-1283.83834,945.288602,-1273.871729,944.7764301,-1277.400391,944.9577637,2507.615868
-1283.885812,946.9233498,-1273.929642,946.2535645,-1277.297974,946.4801636,2509.094137
-1283.888728,948.5595247,-1273.951161,947.7318598,-1277.171387,948.000061,2510.572589
-1283.857214,950.194832,-1273.935793,949.2113117,-1277.020996,949.5171509,2512.052121
-1283.793392,951.8370763,-1273.885467,950.6871849,-1276.845337,951.0307007,2513.528852
-1283.678584,953.4758415,-1273.799426,952.1614437,-1276.644531,952.539978,2515.005619
-1283.54809,955.1229309,-1273.677294,953.6299165,-1276.416992,954.0443115,2516.479162
-1283.371262,956.7599877,-1273.540438,955.1003006,-1276.16394,955.5432129,2517.955901
-1283.167176,958.3966903,-1273.35366,956.5630257,-1275.88501,957.0360107,2519.430503
-1282.92087,960.0220782,-1273.152446,958.0263615,-1275.581299,958.522583,2520.907608
-1282.644927,961.6490723,-1272.915111,959.4816285,-1275.251709,960.0021362,2522.382101
-1282.337529,963.2671678,-1272.650267,960.9331009,-1274.896973,961.4744263,2523.857538
-1281.995475,964.8787042,-1272.358355,962.3792694,-1274.51709,962.9391479,2525.332874
-1281.628442,966.487169,-1272.03589,963.817993,-1274.111816,964.3956299,2526.807292
-1281.230348,968.0819864,-1271.693396,965.2542579,-1273.682373,965.8439941,2528.283829
-1280.800026,969.6714541,-1271.324074,966.6827701,-1273.228394,967.2833862,2529.75931
-1280.339908,971.2486119,-1270.92826,968.1053731,-1272.75061,968.7139893,2531.235951
-1279.852855,972.8253603,-1270.50624,969.5187143,-1272.247925,970.1348877,2532.710954
-1279.328949,974.3974026,-1270.052295,970.9209653,-1271.719238,971.5456543,2534.184852
-1278.78909,975.9623098,-1269.580359,972.3192689,-1271.165161,972.946228,2535.660648
-1278.204867,977.5169023,-1269.08147,973.7078718,-1270.585083,974.3356323,2537.136151
-1277.602587,979.0645896,-1268.546324,975.0836211,-1269.97937,975.713562,2538.612318
-1276.963867,980.59437,-1267.976961,976.4469382,-1269.348755,977.0800171,2540.08975
-1276.292905,982.1196527,-1267.38763,977.8016757,-1268.692139,978.4342041,2541.567121
-1275.589296,983.6232506,-1266.760578,979.1416392,-1268.010864,979.7763062,2543.046546
-1274.84752,985.1154531,-1266.09723,980.4636344,-1267.304321,981.1053467,2544.525634
-1274.074459,986.590609,-1265.406473,981.7726933,-1266.572998,982.4210815,2546.005763
-1273.269483,988.0484476,-1264.687728,983.068062,-1265.817139,983.7235107,2547.487172
-1272.437179,989.4824314,-1263.931994,984.3447797,-1265.038208,985.0130005,2548.970797
-1271.569416,990.9021784,-1263.147871,985.6047225,-1264.235596,986.2889404,2550.454813
-1270.674775,992.3025686,-1262.337707,986.8498739,-1263.410034,987.5512085,2551.940333
-1269.734436,993.6855361,-1261.502465,988.0780648,-1262.560303,988.798645,2553.425621
-1268.774853,995.0469983,-1260.635171,989.2859752,-1261.687988,990.0311279,2554.912647
-1267.773714,996.393698,-1259.743669,990.4751259,-1260.791504,991.2474365,2556.398869
-1266.75237,997.7160432,-1258.830721,991.6499231,-1259.872437,992.4476318,2557.886693
-1265.691582,999.0210012,-1257.892041,992.8032645,-1258.929565,993.6303711,2559.373743
-1264.616162,1000.295255,-1256.931578,993.9423655,-1257.96521,994.796875,2560.863723
-1263.512698,1001.542374,-1255.944652,995.0597247,-1256.980225,995.9467773,2562.354533
-1262.375687,1002.767943,-1254.942965,996.1632146,-1255.973877,997.0792847,2563.844858
-1261.21857,1003.965872,-1253.914284,997.2436258,-1254.94751,998.194519,2565.336659
-1260.032717,1005.145333,-1252.864778,998.3025014,-1253.900513,999.2912598,2566.827525
-1258.824994,1006.291041,-1251.790678,999.3390895,-1252.834106,1000.3703,2568.320242
-1257.591958,1007.417608,-1250.699067,1000.35565,-1251.748047,1001.430359,2569.811889
-1256.338474,1008.506469,-1249.582067,1001.347179,-1250.643921,1002.472351,2571.305482
-1255.069382,1009.582761,-1248.445472,1002.31464,-1249.521484,1003.4953,2572.798073
-1253.788447,1010.622411,-1247.286389,1003.259148,-1248.382813,1004.500793,2574.293255
-1252.481795,1011.641671,-1246.108387,1004.17685,-1247.227295,1005.487366,2575.786529
-1251.170701,1012.643418,-1244.91123,1005.070815,-1246.055908,1006.455627,2577.280636
-1249.822158,1013.617477,-1243.696968,1005.934848,-1244.867554,1007.403076,2578.770934
-1248.462444,1014.561233,-1242.466314,1006.776562,-1243.66333,1008.330627,2580.261904
-1247.083961,1015.468161,-1241.218736,1007.593994,-1242.44397,1009.238892,2581.753428
-1245.688014,1016.344632,-1239.948092,1008.375519,-1241.210083,1010.127625,2583.245178
-1244.277865,1017.195258,-1238.666531,1009.136279,-1239.961914,1010.996704,2584.735532
-1242.848891,1018.011975,-1237.371895,1009.87207,-1238.699951,1011.845825,2586.224649
-1241.399211,1018.79371,-1236.059306,1010.573449,-1237.424194,1012.674561,2587.712877
-1239.942054,1019.548314,-1234.732199,1011.246682,-1236.135742,1013.483154,2589.200981
-1238.473991,1020.276733,-1233.39615,1011.898296,-1234.834595,1014.271729,2590.687463
-1236.977394,1020.959696,-1232.048094,1012.515745,-1233.520874,1015.038635,2592.170197
-1235.456545,1021.578033,-1230.682047,1013.096719,-1232.195313,1015.784851,2593.654655
-1233.910104,1022.14079,-1229.310868,1013.655611,-1230.85791,1016.509766,2595.135362
-1232.361881,1022.684659,-1227.929651,1014.183363,-1229.509155,1017.212952,2596.61397
-1230.820081,1023.215432,-1226.532809,1014.673107,-1228.149902,1017.895142,2598.094179
-1229.276981,1023.727006,-1225.124945,1015.127839,-1226.780396,1018.556396,2599.573658
-1227.733153,1024.221409,-1223.710412,1015.554745,-1225.400879,1019.196716,2601.051207
-1226.198397,1024.712238,-1222.28426,1015.946945,-1224.012329,1019.816772,2602.530306
-1224.663204,1025.19395,-1220.854562,1016.310352,-1222.614746,1020.415955,2604.005467
-1223.133601,1025.664021,-1219.410714,1016.633423,-1221.208984,1020.995483,2605.485018
-1221.605746,1026.125223,-1217.961346,1016.925842,-1219.79541,1021.555481,2606.963591
-1220.076956,1026.566934,-1216.509709,1017.197324,-1218.374878,1022.096313,2608.440396
-1218.554231,1027.012424,-1215.055686,1017.444306,-1216.94751,1022.618225,2609.915245
-1217.027184,1027.433821,-1213.598706,1017.665259,-1215.513672,1023.12146,2611.388885
-1215.492251,1027.828469,-1212.144792,1017.864215,-1214.073486,1023.605286,2612.856348
-1213.957642,1028.212489,-1210.69335,1018.045852,-1212.627441,1024.06958,2614.319111
-1212.405895,1028.536916,-1209.250098,1018.218552,-1211.175415,1024.513672,2615.772659
-1210.843388,1028.806017,-1207.807124,1018.370497,-1209.717896,1024.937744,2617.223611
-1209.269814,1029.013233,-1206.366562,1018.509108,-1208.255127,1025.342041,2618.670826
-1207.703238,1029.206074,-1204.923761,1018.644414,-1206.787964,1025.728149,2620.119958
-1206.143983,1029.399496,-1203.484302,1018.78367,-1205.316528,1026.096802,2621.566137
-1204.588767,1029.585225,-1202.045881,1018.909171,-1203.841553,1026.44812,2623.010022
-1203.03297,1029.745557,-1200.608479,1019.026478,-1202.362793,1026.782593,2624.452203
-1201.485953,1029.91825,-1199.17307,1019.154344,-1200.880615,1027.101074,2625.893297
-1199.939865,1030.078058,-1197.742383,1019.280576,-1199.395508,1027.40332,2627.329541
-1198.399231,1030.235299,-1196.305582,1019.402706,-1197.907471,1027.690918,2628.771524
-1196.860916,1030.383178,-1194.868615,1019.528207,-1196.416992,1027.964478,2630.21396
-1195.328693,1030.539585,-1193.423415,1019.665993,-1194.92334,1028.226196,2631.665714
-1193.795671,1030.68231,-1191.981849,1019.786927,-1193.428223,1028.475098,2633.112343
-1192.265818,1030.826449,-1190.535636,1019.922834,-1191.93042,1028.712769,2634.564929
-1190.738243,1030.970524,-1189.086754,1020.057725,-1190.430908,1028.939697,2636.020076
-1189.21508,1031.116102,-1187.621163,1020.193997,-1188.929443,1029.158813,2637.491989
-1187.69075,1031.248347,-1186.158027,1020.331245,-1187.427002,1029.369751,2638.961548
-1186.165225,1031.391537,-1184.704566,1020.457442,-1185.921997,1029.570801,2640.420477
-1184.644299,1031.534486,-1183.239376,1020.598437,-1184.41687,1029.76416,2641.892436
-1183.120281,1031.676771,-1181.78759,1020.736117,-1182.909668,1029.947754,2643.350736
-1181.605732,1031.817791,-1180.291573,1020.885658,-1181.40271,1030.128906,2644.854208
-1180.089948,1031.958943,-1178.806631,1021.019731,-1179.895996,1030.305664,2646.34519
-1178.575478,1032.100008,-1177.322185,1021.162502,-1178.389648,1030.478271,2647.836486
-1177.06228,1032.241064,-1175.839691,1021.313066,-1176.883911,1030.646729,2649.326606
-1175.549546,1032.392161,-1174.369595,1021.453219,-1175.378784,1030.809082,2650.803368
-1174.037471,1032.531303,-1172.896867,1021.591263,-1173.874268,1030.965942,2652.282552
-1172.525381,1032.671617,-1171.438052,1021.729929,-1172.370728,1031.115356,2653.747942
-1171.01698,1032.811722,-1169.973952,1021.871931,-1170.868896,1031.258545,2655.218912
-1169.508793,1032.951317,-1168.515905,1022.009087,-1169.367554,1031.394775,2656.683396
-1168.002512,1033.091942,-1167.057892,1022.149128,-1167.867188,1031.524292,2658.148119
-1166.498606,1033.243082,-1165.599098,1022.291193,-1166.367554,1031.647461,2659.613814
-1164.993692,1033.382506,-1164.149342,1022.424705,-1164.868896,1031.762939,2661.069705
-1163.489325,1033.518875,-1162.703513,1022.562157,-1163.371094,1031.870361,2662.522053
-1161.988499,1033.657651,-1161.239486,1022.70367,-1161.873291,1031.972778,2663.992903
-1160.486516,1033.808215,-1159.786699,1022.841738,-1160.375488,1032.068359,2665.452236
-1158.980978,1033.940884,-1158.337523,1022.979838,-1158.876221,1032.156372,2666.907977
-1157.476421,1034.086104,-1156.873238,1023.127242,-1157.374756,1032.239014,2668.379663
-1155.976308,1034.228373,-1155.384478,1023.265249,-1155.873291,1032.320068,2669.874806
-1154.473889,1034.3777,-1153.895259,1023.41132,-1154.369507,1032.399414,2671.371172
-1152.965626,1034.523611,-1152.423412,1023.545782,-1152.86438,1032.473755,2672.849148
-1151.45758,1034.659003,-1150.94116,1023.690623,-1151.358032,1032.544678,2674.33846
-1149.947808,1034.767853,-1149.448443,1023.826107,-1149.849487,1032.613525,2675.837313
-1148.437523,1034.868158,-1147.955291,1023.971649,-1148.340698,1032.680298,2677.337541
-1146.927362,1034.965598,-1146.448087,1024.117531,-1146.829346,1032.74707,2678.851788
-1145.414617,1035.055165,-1144.943892,1024.254646,-1145.316895,1032.812988,2680.36222
-1143.906505,1035.143369,-1143.422022,1024.405011,-1143.804443,1032.881226,2681.891501
-1142.392709,1035.221747,-1141.906758,1024.546317,-1142.289307,1032.950195,2683.413339
-1140.885539,1035.298602,-1140.361873,1024.689461,-1140.773315,1033.025024,2684.964841
-1139.373721,1035.374634,-1138.832667,1024.825352,-1139.257202,1033.102783,2686.500073
-1137.862605,1035.440568,-1137.291768,1024.973538,-1137.739624,1033.185547,2688.048081
-1136.346814,1035.506558,-1135.761116,1025.125029,-1136.220703,1033.27124,2689.586212
-1134.830515,1035.585073,-1134.22974,1025.268303,-1134.700928,1033.359741,2691.124276
-1133.315706,1035.651173,-1132.688663,1025.406184,-1133.181152,1033.452759,2692.671508
-1131.798429,1035.719565,-1131.156496,1025.551549,-1131.661377,1033.548706,2694.210555
-1130.280887,1035.793502,-1129.625773,1025.69924,-1130.141602,1033.647339,2695.748387
-1128.762232,1035.886673,-1128.102853,1025.838604,-1128.621826,1033.74707,2697.27767
-1127.245353,1035.973548,-1126.571334,1025.983632,-1127.102051,1033.849609,2698.816041
-1125.725363,1036.074183,-1125.056623,1026.129384,-1125.582642,1033.951782,2700.337748
-1124.205902,1036.177741,-1123.54386,1026.277356,-1124.063843,1034.053345,2701.857731
-1122.686487,1036.277336,-1122.035857,1026.41394,-1122.546387,1034.153442,2703.371906
-1121.171218,1036.378461,-1120.519946,1026.561954,-1121.030273,1034.254028,2704.895027
-1119.660002,1036.498385,-1118.992743,1026.702445,-1119.51416,1034.3573,2706.428678
-1118.151135,1036.637082,-1117.461271,1026.844965,-1117.998047,1034.464111,2707.966767
-1116.645546,1036.794338,-1115.92254,1026.991142,-1116.481934,1034.575928,2709.512426
-1115.1391,1036.94971,-1114.387709,1027.13896,-1114.966187,1034.692017,2711.054359
-1113.633997,1037.093464,-1112.854708,1027.284715,-1113.452759,1034.812256,2712.594273
-1112.130295,1037.235573,-1111.318993,1027.427912,-1111.940186,1034.937378,2714.13665
-1110.622645,1037.365501,-1109.792497,1027.569746,-1110.427734,1035.065552,2715.669721
-1109.116483,1037.507618,-1108.26331,1027.710747,-1108.915283,1035.197266,2717.205395
-1107.612374,1037.653104,-1106.734419,1027.86272,-1107.404297,1035.332764,2718.74182
-1106.108048,1037.78999,-1105.208748,1028.00219,-1105.89502,1035.471436,2720.273853
-1104.603123,1037.927817,-1103.686418,1028.143289,-1104.38623,1035.612793,2721.802708
-1103.099036,1038.070588,-1102.161991,1028.288604,-1102.877441,1035.757324,2723.334045
-1101.592471,1038.214557,-1100.645205,1028.433258,-1101.368652,1035.903442,2724.857713
-1100.088651,1038.357406,-1099.125379,1028.577338,-1099.861572,1036.05188,2726.384354
-1098.583933,1038.495469,-1097.610245,1028.720559,-1098.355469,1036.201904,2727.906242
-1097.081365,1038.639492,-1096.092182,1028.864969,-1096.850098,1036.354248,2729.431158
-1095.575927,1038.778206,-1094.582114,1029.006509,-1095.344971,1036.507324,2730.947845
-1094.070153,1038.914877,-1093.072182,1029.149018,-1093.839844,1036.661133,2732.464486
-1092.564209,1039.060685,-1091.565118,1029.283872,-1092.334717,1036.814941,2733.977572
-1091.057419,1039.206496,-1090.062805,1029.434709,-1090.82959,1036.96814,2735.487438
-1089.551162,1039.340361,-1088.552915,1029.571803,-1089.324463,1037.121948,2737.003539
-1088.044651,1039.485521,-1087.04895,1029.718622,-1087.819336,1037.275391,2738.514654
-1086.540297,1039.629274,-1085.540728,1029.854917,-1086.315308,1037.429199,2740.029022
-1085.038801,1039.771838,-1084.032783,1030.00306,-1084.813477,1037.583862,2741.544226
-1083.537675,1039.905458,-1082.520733,1030.148522,-1083.312012,1037.740356,2743.063257
-1082.03856,1040.048748,-1081.003068,1030.288941,-1081.810547,1037.899658,2744.587404
-1080.539586,1040.192257,-1079.483432,1030.432161,-1080.309082,1038.062134,2746.113774
-1079.041164,1040.335383,-1077.96767,1030.573023,-1078.809326,1038.227051,2747.636068
-1077.545037,1040.481211,-1076.450396,1030.711438,-1077.311279,1038.394897,2749.159641
-1076.042474,1040.614458,-1074.953486,1030.854131,-1075.813477,1038.562012,2750.663338
-1074.543854,1040.759291,-1073.44671,1031.004245,-1074.315674,1038.730469,2752.177573
-1073.043216,1040.902535,-1071.945747,1031.144603,-1072.817871,1038.898926,2753.685084
-1071.543865,1041.046734,-1070.439695,1031.285812,-1071.320068,1039.068359,2755.197741
-1070.041857,1041.189266,-1068.943839,1031.42646,-1069.822266,1039.236816,2756.700195
-1068.541073,1041.326165,-1067.44103,1031.567364,-1068.324585,1039.40564,2758.209595
-1067.040873,1041.471419,-1065.941014,1031.708773,-1066.827148,1039.574341,2759.716262
-1065.542242,1041.609734,-1064.44288,1031.851702,-1065.331909,1039.742798,2761.221198
-1064.046012,1041.75828,-1062.944124,1031.98502,-1063.837769,1039.911255,2762.725872
-1062.548375,1041.895734,-1061.44725,1032.129228,-1062.343628,1040.079712,2764.229677
-1061.050366,1042.035747,-1059.953592,1032.272464,-1060.849487,1040.247559,2765.730187
-1059.551826,1042.176019,-1058.462225,1032.40553,-1059.355347,1040.414185,2767.227479
-1058.052748,1042.314463,-1056.974783,1032.548148,-1057.861206,1040.579102,2768.721742
-1056.556038,1042.457249,-1055.478943,1032.69159,-1056.367065,1040.743896,2770.224444
-1055.059592,1042.605685,-1053.984327,1032.827639,-1054.872925,1040.908203,2771.725239
-1053.56137,1042.743338,-1052.498581,1032.967275,-1053.379517,1041.070557,2773.217532
-1052.06289,1042.883428,-1051.019141,1033.107672,-1051.886353,1041.22998,2774.70362
-1050.565004,1043.025822,-1049.540043,1033.246318,-1050.393188,1041.386475,2776.189202
-1049.068511,1043.169937,-1048.05786,1033.390453,-1048.900146,1041.540771,2777.678376
-1047.575181,1043.314882,-1046.562675,1033.521445,-1047.407715,1041.695068,2779.179288
-1046.033342,1043.469211,-1045.019741,1033.669252,-1045.866333,1041.854492,2780.729286
-1044.491514,1043.609259,-1043.475186,1033.812451,-1044.32605,1042.014282,2782.280464
-1042.951645,1043.75227,-1041.9215,1033.957737,-1042.785889,1042.17627,2783.840929
-1041.409444,1043.904392,-1040.385402,1034.101402,-1041.245728,1042.337158,2785.38373
-1039.869601,1044.052488,-1038.833792,1034.248434,-1039.705566,1042.499878,2786.942291
-1038.329359,1044.200016,-1037.282063,1034.390267,-1038.165405,1042.664307,2788.500489
-1036.788504,1044.347868,-1035.736944,1034.537711,-1036.625732,1042.829346,2790.052627
-1035.246767,1044.497932,-1034.207119,1034.683196,-1035.08728,1042.99231,2791.589353
-1033.709617,1044.639713,-1032.659527,1034.827961,-1033.550903,1043.156738,2793.143702
-1032.171162,1044.790547,-1031.124736,1034.96928,-1032.014526,1043.320435,2794.684985
-1030.633134,1044.944552,-1029.590821,1035.117916,-1030.478149,1043.483398,2796.226085
-1029.094529,1045.082697,-1028.049164,1035.256729,-1028.941772,1043.646851,2797.773979
-1027.556442,1045.233835,-1026.513767,1035.40379,-1027.405396,1043.809814,2799.316403
-1026.020352,1045.384563,-1024.964705,1035.550092,-1025.869019,1043.974731,2800.872358
-1024.483705,1045.535143,-1023.416477,1035.687539,-1024.332642,1044.141235,2802.426674
-1022.945458,1045.688711,-1021.890419,1035.830836,-1022.797424,1044.305542,2803.959446
-1021.409806,1045.826788,-1020.340909,1035.975145,-1021.262817,1044.472046,2805.515661
-1019.872047,1045.976649,-1018.813037,1036.12143,-1019.728088,1044.636963,2807.05052
-1018.339172,1046.135888,-1017.270183,1036.269925,-1018.194763,1044.803101,2808.600504
-1016.806103,1046.284685,-1015.734953,1036.411374,-1016.663391,1044.969238,2810.142236
-1015.272876,1046.435303,-1014.217325,1036.563536,-1015.133606,1045.132813,2811.667473
-1013.740883,1046.577927,-1012.69703,1036.706256,-1013.605164,1045.294434,2813.194453
-1012.210257,1046.730882,-1011.19152,1036.84621,-1012.07843,1045.451782,2814.706454
-1010.684605,1046.886472,-1009.673802,1036.986157,-1010.554016,1045.607422,2816.23061
-1009.155255,1047.023098,-1008.184341,1037.134041,-1009.030945,1045.756958,2817.727395
-1007.630146,1047.17779,-1006.696172,1037.272099,-1007.509705,1045.900391,2819.221954
-1006.103192,1047.324582,-1005.23514,1037.419558,-1005.990051,1046.033569,2820.690408
-1004.57653,1047.474699,-1003.784959,1037.556152,-1004.471191,1046.154785,2822.147008
-1003.051408,1047.627655,-1002.340237,1037.694444,-1002.953735,1046.263428,2823.598334
-1001.527129,1047.769268,-1000.899079,1037.834882,-1001.437988,1046.359253,2825.046318
-1000.000624,1047.922751,-999.4794818,1037.986232,-999.9227905,1046.438721,2826.473961
-998.4722079,1048.065945,-998.0714051,1038.125636,-998.4090576,1046.499756,2827.888922
-996.9405881,1048.219057,-996.6812046,1038.270533,-996.8967896,1046.539185,2829.286653
-995.4046732,1048.363531,-995.3001781,1038.413191,-995.3856812,1046.555054,2830.675028
-993.8655261,1048.509486,-993.919414,1038.563541,-993.8761597,1046.546875,2832.063954
-992.3233553,1048.647309,-992.5348484,1038.717189,-992.3687744,1046.514771,2833.457018
-990.7769926,1048.794429,-991.1441678,1038.864192,-990.8633423,1046.459106,2834.855447
-989.2246503,1048.938981,-989.749707,1039.022496,-989.3601685,1046.379517,2836.258865
-987.6697499,1049.08039,-988.3393578,1039.172047,-987.8591309,1046.278076,2837.677121
-986.1067556,1049.229955,-986.9234256,1039.33277,-986.3605347,1046.154419,2839.102146
-984.5366217,1049.368724,-985.4989222,1039.508363,-984.864563,1046.008423,2840.537431
-982.9586222,1049.507491,-984.064491,1039.67442,-983.3710327,1045.840454,2841.981442
-981.3712288,1049.634742,-982.6247229,1039.83123,-981.8807373,1045.649902,2843.429724
-979.7683924,1049.755535,-981.1839556,1039.97466,-980.3937378,1045.434692,2844.877613
-978.1522683,1049.851973,-979.7377669,1040.114543,-978.9108276,1045.193237,2846.330551
-976.5173302,1049.927527,-978.2913467,1040.231305,-977.4329834,1044.922852,2847.781676
-974.8691951,1049.973851,-976.8392647,1040.314103,-975.9605713,1044.622559,2849.236117
-973.2073243,1049.976382,-975.3854642,1040.3574,-974.494812,1044.290649,2850.690562
-971.5380669,1049.938291,-973.9184841,1040.384249,-973.0357666,1043.927124,2852.157788
-969.8556112,1049.851341,-972.4499279,1040.360785,-971.5835571,1043.530151,2853.626531
-968.1683035,1049.716471,-970.9774415,1040.281752,-970.1383667,1043.099854,2855.101137
-966.4790572,1049.527166,-969.5019736,1040.151508,-968.7008057,1042.636353,2856.582342
-964.7826939,1049.290458,-968.0260259,1039.973641,-967.2722168,1042.139038,2858.068969
-963.09444,1048.976351,-966.555006,1039.73373,-965.8533325,1041.607788,2859.559424
-961.4058937,1048.603151,-965.0993202,1039.415792,-964.4456177,1041.04187,2861.049426
-959.732936,1048.145227,-963.6582994,1039.028846,-963.0502319,1040.44104,2862.541495
-958.0944897,1047.603789,-962.2416252,1038.553496,-961.6671143,1039.807251,2864.035792
-956.4809243,1046.976467,-960.8429011,1038.018693,-960.296875,1039.140015,2865.53327
-954.8988548,1046.267757,-959.4670202,1037.421765,-958.9412231,1038.439941,2867.033061
-953.3501404,1045.470776,-958.126161,1036.747585,-957.6012573,1037.706299,2868.533868
-951.8556069,1044.605307,-956.8111583,1036.015816,-956.2767334,1036.942139,2870.038766
-950.4143604,1043.661191,-955.5369272,1035.21002,-954.9678955,1036.148804,2871.546404
-949.0269796,1042.644318,-954.3075256,1034.33258,-953.675354,1035.327637,2873.056811
-947.698311,1041.557085,-953.1219156,1033.391999,-952.399231,1034.47998,2874.570206
-946.4387457,1040.392799,-951.9825139,1032.391684,-951.1400757,1033.607544,2876.086407
-945.2306012,1039.165212,-950.8927215,1031.338095,-949.8999634,1032.710449,2877.602223
-944.0708538,1037.884622,-949.8608989,1030.225993,-948.6799316,1031.788086,2879.119269
-942.9737552,1036.561752,-948.8797574,1029.065086,-947.4795532,1030.842407,2880.63925
-941.9163764,1035.211212,-947.9483609,1027.866572,-946.2999878,1029.873657,2882.157122
-940.8990471,1033.846675,-947.055181,1026.642898,-945.1408081,1028.883057,2883.672097
-939.9201124,1032.466938,-946.2237886,1025.370547,-944.0021362,1027.871582,2885.191995
-938.9676169,1031.096493,-945.4321138,1024.070815,-942.8826904,1026.841553,2886.713853
-938.0119289,1029.755521,-944.66153,1022.768442,-941.7820435,1025.794067,2888.227119
-937.0429446,1028.447179,-943.9047456,1021.472445,-940.7001953,1024.729736,2889.727897
-936.0762511,1027.156387,-943.1612179,1020.177518,-939.6362915,1023.649658,2891.221104
-935.1213487,1025.86372,-942.4401613,1018.882047,-938.5910034,1022.553894,2892.703726
-934.2190478,1024.535147,-941.7250044,1017.596642,-937.5640869,1021.442993,2894.174683
-933.3609589,1023.179982,-941.0127518,1016.322701,-936.5552979,1020.317322,2895.634214
-932.5282434,1021.818929,-940.3052795,1015.05292,-935.5639648,1019.177856,2897.087782
-931.7070947,1020.466146,-939.5949452,1013.786699,-934.588623,1018.026062,2898.53964
-930.9035514,1019.114073,-938.8876503,1012.518495,-933.6281128,1016.863342,2899.991744
-930.1178051,1017.757442,-938.1856064,1011.252423,-932.6820068,1015.689941,2901.439434
-929.3372371,1016.405785,-937.4891572,1009.988664,-931.7502441,1014.506287,2902.882391
-928.5652341,1015.056423,-936.7903885,1008.729932,-930.8322144,1013.312744,2904.322074
-927.8002817,1013.705125,-936.093997,1007.484629,-929.9290161,1012.108521,2905.748868
-927.042092,1012.354729,-935.403806,1006.242549,-929.0409546,1010.893616,2907.169827
-926.2825457,1011.01234,-934.7129035,1005.000975,-928.1672974,1009.668396,2908.59069
-925.5225703,1009.674188,-934.0212016,1003.765656,-927.3082275,1008.432739,2910.006482
-924.7726913,1008.336859,-933.3256136,1002.519849,-926.461731,1007.18811,2911.433323
-924.0223261,1006.999613,-932.628591,1001.286242,-925.6286621,1005.933228,2912.850231
-923.2755179,1005.660904,-931.9430626,1000.046542,-924.8088989,1004.667664,2914.266848
-922.528693,1004.32603,-931.244719,998.8035991,-924.0012817,1003.393005,2915.692538
-921.7816048,1002.992626,-930.5464403,997.5576442,-923.2055054,1002.10968,2917.120822
-921.0421679,1001.663334,-929.8293922,996.2834855,-922.4169312,1000.821655,2918.582889
-920.3009975,1000.3388,-929.1069572,994.9981963,-921.6338501,999.5304565,2920.057297
-919.559366,999.0163122,-928.3847608,993.7137465,-920.8566284,998.2368774,2921.530857
-918.8196861,997.6929904,-927.6646584,992.4308022,-920.085144,996.9401245,2923.002079
-918.0791846,996.369279,-926.9508317,991.1618087,-919.3218994,995.6398315,2924.458064
-917.3394733,995.0466779,-926.2345102,989.8942682,-918.5665894,994.3358765,2925.914009
-916.5998056,993.7261851,-925.519252,988.6344178,-917.8206787,993.0292358,2927.362739
-915.861251,992.406758,-924.7980235,987.3665582,-917.0814819,991.7185669,2928.821381
-915.1224935,991.0869205,-924.0834544,986.1097649,-916.3515015,990.4042969,2930.267113
-914.3863406,989.7709851,-923.3552332,984.8299436,-915.6262817,989.0878906,2931.73961
-913.6487191,988.453448,-922.6337354,983.5614442,-914.9076538,987.7680054,2933.198942
-912.9115763,987.1374928,-921.9072253,982.2848992,-914.1942749,986.4455566,2934.667746
-912.1752526,985.8208702,-921.1763765,981.003665,-913.4848633,985.1199951,2936.142771
-911.4390009,984.5034107,-920.4436507,979.7222246,-912.779541,983.791626,2937.618907
-910.7029203,983.1875093,-919.7088705,978.4323941,-912.0773926,982.461792,2939.103348
-909.9670684,981.8709886,-918.9698438,977.1339014,-911.3763428,981.1294556,2940.597417
-909.2304557,980.5528721,-918.2307991,975.8355842,-910.6768188,979.7947998,2942.091343
-908.49401,979.2332497,-917.4874759,974.529853,-909.977417,978.4574585,2943.593829
-907.7561634,977.910917,-916.7461615,973.2251292,-909.2788696,977.1172485,2945.094446
-907.0176389,976.5869939,-916.0031587,971.9153567,-908.5806885,975.774353,2946.600287
-906.2772087,975.2614321,-915.2579224,970.5990192,-907.881897,974.4283447,2948.112941
-905.5377907,973.9363997,-914.5025388,969.2642064,-907.1795654,973.0807495,2949.646671
-904.7960934,972.6073248,-913.7502994,967.9304433,-906.4744263,971.7307129,2951.177941
-904.0509609,971.2714928,-913.0065649,966.6117845,-905.7700806,970.3770142,2952.691877
-903.303713,969.9340285,-912.2602128,965.2860244,-905.0656738,969.0196533,2954.213285
-902.5562159,968.5941726,-911.5100535,963.9555633,-904.3609009,967.6592407,2955.740657
-901.8059769,967.2550444,-910.7510493,962.6126752,-903.6535034,966.2962036,2957.283199
-901.0513786,965.9135175,-909.9958413,961.2741223,-902.9454346,964.9310913,2958.8201
-900.2963232,964.5702047,-909.2347476,959.9272973,-902.2349243,963.5632324,2960.367097
-899.539467,963.2218838,-908.4787492,958.586435,-901.524231,962.192688,2961.906397
-898.7907455,961.8751102,-907.7081787,957.2212416,-900.8088379,960.8218994,2963.474049
-898.0399221,960.5200559,-906.9489237,955.8749818,-900.0932617,959.4494629,2965.019651
-897.2889107,959.168752,-906.1812956,954.5135852,-899.3746948,958.0768433,2966.58255
-896.552695,957.8568947,-905.4488586,953.212526,-898.6800537,956.7462769,2968.075607
-895.816232,956.5535442,-904.7032215,951.8861414,-897.9815674,955.4163208,2969.597208
-895.0779129,955.2446832,-903.9631188,950.5698245,-897.281311,954.0853882,2971.107321
-894.3418862,953.9322665,-903.2251653,949.2556777,-896.5803223,952.7538452,2972.61449
-893.6123018,952.6191995,-902.4804302,947.9302854,-895.8762207,951.4221802,2974.134784
-892.8826965,951.2999803,-901.7399296,946.6130277,-895.1708374,950.0891724,2975.645913
-892.1593095,949.9817664,-900.9892519,945.2844635,-894.4620361,948.7567749,2977.171888
-891.4415147,948.6561324,-900.2402314,943.9624089,-893.7510986,947.4240723,2978.691381
-890.7322918,947.3241192,-899.490312,942.6411448,-893.0383301,946.0910645,2980.21063
-890.0278645,945.9895495,-898.7402311,941.3150298,-892.3231201,944.7580566,2981.73418
-889.3176092,944.6552228,-897.9945958,939.9892623,-891.6060791,943.4246216,2983.255242
-888.5935061,943.3255462,-897.2518448,938.6646436,-890.8878784,942.0904541,2984.773891
-887.8600357,942.0041042,-896.502611,937.3306032,-890.166687,940.7567749,2986.303928
-887.1300459,940.6751197,-895.7556806,936.0029995,-889.4436646,939.421936,2987.827226
-886.4213439,939.3326744,-895.0106109,934.6781423,-888.7202148,938.0869141,2989.347218
-885.7303059,937.9789673,-894.2623958,933.3498216,-887.9949951,936.7502441,2990.871771
-885.0433151,936.6218987,-893.5150956,932.02354,-887.2694702,935.4135742,2992.394099
-884.3458215,935.2684399,-892.7675817,930.6940264,-886.5425415,934.0752563,2993.919347
-883.6369706,933.9192679,-892.0207279,929.3673647,-885.8156128,932.7363892,2995.441787
-882.92165,932.5717733,-891.2737188,928.0404774,-885.088501,931.3961792,2996.964499
-882.2084652,931.2243293,-890.5261766,926.7079506,-884.3606567,930.0557251,2998.492389
-881.4979602,929.8708769,-889.7818518,925.3813987,-883.6333008,928.713623,3000.013493
-880.788352,928.5194115,-889.033389,924.0471331,-882.9051514,927.3712158,3001.54335
-880.078414,927.1653807,-888.2863662,922.7137364,-882.1763916,926.0275269,3003.071744
-879.3668181,925.8121283,-887.5394837,921.3787727,-881.4473267,924.6835327,3004.601438
-878.6553838,924.459841,-886.7909701,920.0388408,-880.71698,923.3395386,3006.136263
-877.942386,923.1047113,-886.0458077,918.702948,-879.9863281,921.9944458,3007.665929
-877.2313313,921.7465145,-885.3026527,917.3681602,-879.2560425,920.6481934,3009.193652
-876.5250713,920.3878672,-884.5566087,916.0265581,-878.5249634,919.3018799,3010.728734
-875.8204564,919.0261103,-883.8115377,914.6845163,-877.7929077,917.9544678,3012.263728
-875.1134792,917.6649673,-883.0659221,913.3429875,-877.0604858,916.6068115,3013.798539
-874.4043816,916.3060895,-882.317178,911.9959807,-876.326416,915.2591553,3015.339657
-873.692772,914.9477276,-881.5680907,910.6476895,-875.5905762,913.911499,3016.882064
-872.9803312,913.5909241,-880.8167014,909.2964242,-874.8526001,912.5648804,3018.42819
-872.2651323,912.2351257,-880.0647223,907.9448206,-874.1123047,911.2190552,3019.974897
-871.5501861,910.8770211,-879.3132705,906.5948263,-873.3699341,909.87323,3021.519943
-870.8318293,909.5192851,-878.5615194,905.2456954,-872.6258545,908.5274048,3023.064379
-870.1021752,908.1671246,-877.809002,903.8939426,-871.8796387,907.1815796,3024.611479
-869.3577864,906.8228922,-877.0527428,902.5367491,-871.1300049,905.8357544,3026.165153
-868.6023351,905.4833551,-876.2956176,901.1806876,-870.3776245,904.4904785,3027.71826
-867.8443682,904.1423419,-875.5416939,899.8276772,-869.6234741,903.1450806,3029.267143
-867.0920654,902.8002068,-874.7851607,898.4694344,-868.8668823,901.8010864,3030.821866
-866.3394704,901.450459,-874.039326,897.1284378,-868.1116943,900.4556885,3032.356318
-865.5871847,900.100114,-873.2927089,895.7879123,-867.3580933,899.1090698,3033.890738
-864.8352258,898.7497547,-872.5450294,894.4437994,-866.6052856,897.7611694,3035.42881
-864.0809048,897.3967024,-871.7999372,893.1061415,-865.8546753,896.4107666,3036.959983
-863.3256887,896.0433026,-871.0546969,891.7679333,-865.1065063,895.0582275,3038.491709
-862.5691624,894.6867718,-870.3109719,890.4339685,-864.3615723,893.7021484,3040.01899
-861.8134208,893.3326158,-869.5619623,889.0886289,-863.6178589,892.3442993,3041.55878
-861.0582076,891.9776541,-868.8094153,887.7396638,-862.8744507,890.9846191,3043.10346
-860.3000978,890.6203288,-868.0584517,886.3940923,-862.1323242,889.6222534,3044.644404
-859.5672928,889.3091408,-867.3283013,885.0848444,-861.4146118,888.3036499,3046.143487
-858.8339643,887.9956978,-866.5989777,883.776846,-860.6972656,886.9833374,3047.641076
-858.0998807,886.6825251,-865.8658495,882.4630046,-859.9790649,885.661499,3049.145621
-857.3643116,885.3674088,-865.1339234,881.1523433,-859.2612305,884.3383179,3050.646803
-856.6286638,884.0531924,-864.3986958,879.8357686,-858.5426025,883.0143433,3052.154758
-855.8922516,882.7354824,-863.6653606,878.5224093,-857.8239746,881.6884766,3053.658984
-855.1574051,881.4199476,-862.9252078,877.1974919,-857.1030884,880.3623047,3055.176624
-854.4199317,880.1025095,-862.1872265,875.8746691,-856.3807373,879.0352173,3056.691377
-853.6821352,878.7822144,-861.4478804,874.5534562,-855.6572876,877.706665,3058.20539
-852.9424518,877.4627419,-860.7070272,873.2273245,-854.9321899,876.3773804,3059.724432
-852.2030204,876.1404821,-859.9647874,871.8998653,-854.2051392,875.0466309,3061.24531
-851.4629292,874.8173029,-859.2237268,870.5721381,-853.4770508,873.7155762,3062.765846
-850.7210648,873.4906001,-858.4836821,869.2497234,-852.7489014,872.3827515,3064.281249
-849.9795719,872.1640244,-857.7413593,867.9203789,-852.0195313,871.0487061,3065.803812
-849.236745,870.8368697,-856.9985792,866.5917505,-851.2896118,869.7141113,3067.325974
-848.4927927,869.5064478,-856.2573512,865.2663663,-850.5598145,868.3776855,3068.844547
-847.7473559,868.1734381,-855.5175334,863.9437916,-849.8311768,867.0391235,3070.359979
-847.0011126,866.8387962,-854.7764466,862.6187093,-849.1032104,865.697876,3071.878219
-846.2543608,865.5024788,-854.0336476,861.2911276,-848.3757324,864.3540649,3073.399476
-845.5069281,864.1636735,-853.2907621,859.9635295,-847.649231,863.0076904,3074.920789
-844.7577746,862.8245437,-852.5444783,858.6284793,-846.9220581,861.6582642,3076.450266
-844.0083539,861.483085,-851.7981495,857.2942094,-846.1954346,860.3070068,3077.979083
-843.2585572,860.13935,-851.0512766,855.9587307,-845.4692383,858.9533691,3079.509222
-842.5063853,858.7936296,-850.3036258,854.6225883,-844.7435913,857.5968628,3081.040319
-841.7550971,857.4470074,-849.5544963,853.2803202,-844.0177612,856.2382202,3082.577484
-841.0027497,856.0985876,-848.803833,851.9385464,-843.2922363,854.8776855,3084.114967
-840.2483907,854.7471132,-848.0562673,850.5982719,-842.5679321,853.5145874,3085.64963
-839.4961279,853.3982266,-847.3004008,849.244604,-841.8416138,852.1499023,3087.200033
-838.7412226,852.0462904,-846.5463482,847.8942495,-841.1148071,850.7836304,3088.74666
-837.9871378,850.6927541,-845.7914995,846.5413646,-840.3873291,849.4160156,3090.295883
-837.2304998,849.3382288,-845.0361761,845.1864732,-839.6589355,848.0465698,3091.847091
-836.4744415,847.980879,-844.2797449,843.8301863,-838.9296875,846.6752319,3093.400056
-835.7444976,846.6712238,-843.5469337,842.5154846,-838.2241211,845.3505249,3094.905198
-835.0108036,845.3562949,-842.8191033,841.2087755,-837.5194092,844.0238037,3096.400934
-834.2808169,844.043603,-842.085106,839.889279,-836.812561,842.6959229,3097.910842
-833.5476185,842.7285519,-841.3522456,838.5724876,-836.1047974,841.3668213,3099.417834
-832.8153846,841.4119561,-840.6181667,837.2538381,-835.3959961,840.0367432,3100.927042
-832.0805398,840.0933462,-839.8856222,835.9352144,-834.6865234,838.7050171,3102.435482
-831.3465053,838.7741856,-839.1495516,834.6125609,-833.9755859,837.3720093,3103.949157
-830.6106494,837.4529293,-838.4150034,833.2904882,-833.2639771,836.0377808,3105.461584
-829.8743376,836.1294567,-837.6801454,831.9689989,-832.552124,834.7022095,3106.973652
-829.1385554,834.8079509,-836.9415552,830.6395325,-831.8381958,833.3657837,3108.494506
-828.3999273,833.4821559,-836.2060907,829.3149987,-831.1240234,832.0279541,3110.00953
-827.662071,832.1563703,-835.4667147,827.9872048,-830.4088135,830.6890869,3111.529304
-826.9227293,830.8292062,-834.726856,826.6570792,-829.6921997,829.3486328,3113.051351
-826.182861,829.5006564,-833.9860326,825.3257111,-828.9744263,828.0070801,3114.574952
-825.4433688,828.1722247,-833.2435622,823.9906485,-828.2549438,826.664978,3116.102582
-824.7019885,826.8400569,-832.5027823,822.6584401,-827.53479,825.3215332,3117.626896
-823.9600087,825.5076633,-831.7580031,821.3227349,-826.8129883,823.9765625,3119.156212
-823.2156602,824.1731488,-831.0145683,819.9879894,-826.0905762,822.6303711,3120.684034
-822.471225,822.8366716,-830.2700783,818.6528861,-825.3676758,821.2828369,3122.212682
-821.7263589,821.5015584,-829.5229361,817.3119788,-824.6430054,819.9342651,3123.747692
-820.9808673,820.165521,-828.7742792,815.9690142,-823.9163818,818.5848389,3125.285236
-820.2355716,818.8290444,-828.0236582,814.6225129,-823.1871948,817.2348022,3126.826825
-819.4865775,817.4877121,-827.2761612,813.2815479,-822.4575195,815.8834839,3128.362057
-818.7377341,816.1486299,-826.525823,811.9345945,-821.7260742,814.5316772,3129.903904
-817.9877869,814.8047122,-825.7766284,810.5899711,-820.9936523,813.1781616,3131.443159
-817.2380153,813.4622215,-825.0258408,809.2405832,-820.2597046,811.8242188,3132.987351
-816.4873061,812.1177399,-824.2746092,807.8895051,-819.5238647,810.4689941,3134.533236
-815.7356039,810.7741513,-823.5221698,806.5361469,-818.7862549,809.1137695,3136.081701
-814.9822949,809.4285077,-822.769948,805.1819394,-818.0466919,807.7575073,3137.630802
-814.2279102,808.0827155,-822.0169211,803.8245454,-817.3048706,806.4005737,3139.183081
-813.4749966,806.739756,-821.2618322,802.4617642,-816.5600586,805.0448608,3140.74107
-812.7214074,805.3950376,-820.506208,801.0997939,-815.8123169,803.6896362,3142.29861
-811.9654968,804.0486493,-819.752671,799.7385373,-815.0623169,802.3345947,3143.854515
-811.2104035,802.7023373,-818.996986,798.374548,-814.3093872,800.9799194,3145.41385
-810.4552825,801.3538446,-818.2432054,797.0138756,-813.5551147,799.6264038,3146.969361
-809.6986395,800.004017,-817.4899825,795.653751,-812.7993164,798.2727661,3148.524123
-808.9420808,798.6545696,-816.7344506,794.2917421,-812.0415039,796.9192505,3150.081652
-808.1856754,797.302658,-815.979919,792.9305431,-811.2822266,795.5656738,3151.637987
-807.4290069,795.9503531,-815.2227733,791.5693687,-810.5213623,794.2120972,3153.19557
-806.6708968,794.5954435,-814.4685018,790.2091588,-809.7596436,792.8579712,3154.750915
-805.9133548,793.2398422,-813.7099581,788.8482158,-808.996521,791.5031738,3156.308976
-805.1832424,791.9314637,-812.9777113,787.535788,-808.2596436,790.1965332,3157.811857
-804.4554245,790.6252586,-812.2433069,786.2182527,-807.5206909,788.890686,3159.32025
-803.7250375,789.3142428,-811.5083884,784.9065491,-806.7806396,787.5838623,3160.823803
-802.9971511,788.0043217,-810.7714292,783.5900483,-806.0387573,786.2772827,3162.332539
-802.2688925,786.6917888,-810.0332711,782.275982,-805.2955322,784.970459,3163.839737
-801.5399748,785.3795816,-809.2944741,780.9599769,-804.5507202,783.6636353,3165.348939
-800.811958,784.0652853,-808.5552712,779.6448231,-803.8046875,782.3568115,3166.857598
-800.0832635,782.7500208,-807.8161526,778.3304531,-803.0578003,781.0499878,3168.365532
-799.35374,781.4345779,-807.0759581,777.016266,-802.3100586,779.743103,3169.873834
-798.6237961,780.1174338,-806.3357698,775.7015415,-801.5612793,778.4354248,3171.382601
-797.8938985,778.79959,-805.5954348,774.3853649,-800.8115234,777.1273193,3172.892706
-797.1633847,777.480326,-804.8551236,773.0704387,-800.0613403,775.8188477,3174.40171
-796.4328713,776.1626605,-804.1129474,771.7519367,-799.3098755,774.510376,3175.914744
-795.7026161,774.8445582,-803.3704849,770.4315455,-798.5568237,773.2019043,3177.429565
-794.971921,773.526425,-802.6270629,769.1104228,-797.8021851,771.8937378,3178.945495
-794.2408446,772.2073314,-801.8844293,767.7886682,-797.0460205,770.5856934,3180.461588
-793.509097,770.8880033,-801.1411376,766.46533,-796.2880249,769.2776489,3181.979385
-792.775125,769.5681207,-800.3978763,765.1438087,-795.5289307,767.9697876,3183.495583
-792.0416855,768.2487987,-799.6545713,763.8185206,-794.7680054,766.6622314,3185.015086
-791.3067448,766.9288278,-798.9120758,762.494249,-794.0057983,765.3550415,3186.533307
-790.5699294,765.6094193,-798.1682358,761.1699473,-793.2421875,764.0480957,3188.052212
-789.8320139,764.2894846,-797.4260335,759.8450094,-792.477356,762.741272,3189.570871
-789.0936562,762.9701077,-796.6806214,758.5177132,-791.7104492,761.4344482,3191.093157
-788.3544808,761.6513162,-795.934746,757.1890236,-790.9415894,760.1283569,3192.616885
-787.6149016,760.3328846,-795.1874635,755.8596053,-790.1705933,758.8231812,3194.141937
-786.8724789,759.0136187,-794.4412178,754.5305637,-789.397522,757.5180054,3195.666153
-786.1297143,757.6952914,-793.6918608,753.2001137,-788.6221924,756.2136841,3197.193121
-785.3860203,756.3760563,-792.9436852,751.8708996,-787.8451538,754.9101563,3198.718434
-784.6395419,755.0570145,-792.1945846,750.5410396,-787.065979,753.6066284,3200.244762
-783.8921315,753.7399351,-791.4425801,749.209029,-786.2844849,752.3043213,3201.774391
-783.1428333,752.4208266,-790.6918048,747.8815342,-785.5016479,751.0024414,3203.299483
-782.3907878,751.102313,-789.940185,746.5535623,-784.7172241,749.7005615,3204.825406
-781.6376145,749.7841439,-789.1863251,745.2251828,-783.9311523,748.3989868,3206.352788
-780.8829442,748.4656137,-788.4319611,743.8983168,-783.1438599,747.0977173,3207.879104
-780.1250156,747.1490982,-787.6749031,742.5728934,-782.3555298,745.7971191,3209.405499
-779.3664111,745.8319709,-786.9181971,741.2484391,-781.5662842,744.4967651,3210.930879
-778.6043495,744.5173739,-786.1576681,739.92149,-780.7751465,743.1965332,3212.460323
-777.8413422,743.2034454,-785.3946983,738.5954298,-779.9824829,741.8972168,3213.990211
-777.0757414,741.8907537,-784.6291772,737.2705049,-779.1881714,740.5986328,3215.520391
-776.3068352,740.5782683,-783.8624041,735.9471264,-778.3922119,739.3000488,3217.049858
-775.5348157,739.2656065,-783.0949566,734.6286017,-777.5957642,738.0015259,3218.575467
-774.7603694,737.9538779,-782.3255996,733.3114806,-776.7988892,736.7029419,3220.100826
-773.9835647,736.6452082,-781.5516414,731.9929675,-776.0010376,735.4050293,3221.62971
-773.2033673,735.33856,-780.775183,730.678104,-775.2026978,734.1079712,3223.156718
-772.4203681,734.033133,-779.9940931,729.3657167,-774.4034424,732.8110352,3224.683958
-771.6355348,732.7283538,-779.2103686,728.053481,-773.6030273,731.5140991,3226.212417
-770.8474352,731.4263177,-778.4216548,726.7420497,-772.8013916,730.2178955,3227.742751
-770.0567572,730.126981,-777.6273102,725.4291857,-771.9976196,728.9226074,3229.27722
-769.2615704,728.8284676,-776.8316589,724.1236629,-771.1930542,727.6280518,3230.806092
-768.464554,727.5323005,-776.0303914,722.817886,-770.3869629,726.3344116,3232.338112
-767.6656855,726.2393034,-775.2219863,721.5107703,-769.5784302,725.0423584,3233.875015
-766.8637912,724.9473376,-774.4111113,720.2080903,-768.7679443,723.7516479,3235.40945
-766.0601785,723.6569631,-773.595457,718.90657,-767.9551392,722.4623413,3236.945434
-765.2510676,722.3689224,-772.7769636,717.6100572,-767.140564,721.1741333,3238.478691
-764.4410158,721.0828365,-771.9528843,716.3134414,-766.3236694,719.8875122,3240.015024
-763.6276807,719.7981714,-771.1236092,715.0212076,-765.5045166,718.6021118,3241.550461
-762.8128242,718.514155,-770.2893007,713.7331048,-764.6833496,717.3179932,3243.085153
-761.9941569,717.2312063,-769.4501761,712.4496249,-763.8602295,716.0344849,3244.618597
-761.1731223,715.9500741,-768.6072333,711.16893,-763.0355835,714.7522583,3246.151807
-760.3482744,714.6713871,-767.7587175,709.8891012,-762.2086182,713.4708252,3247.687366
-759.5205759,713.3945353,-766.9060859,708.6119475,-761.3796387,712.1906738,3249.222977
-758.6902371,712.1200324,-766.0489086,707.3343672,-760.5479736,710.9118652,3250.761471
-757.8560075,710.8451798,-765.1911722,706.0652907,-759.7150879,709.633728,3252.293224
-757.0198777,709.5729753,-764.3275787,704.7937214,-758.8798218,708.3565674,3253.830326
-756.1793944,708.3027525,-763.465229,703.5239392,-758.0428467,707.0805054,3255.365251
-755.335624,707.0343888,-762.5988469,702.2543428,-757.2034912,705.8051147,3256.902291
-754.4875735,705.7685627,-761.7310946,700.9868534,-756.3623657,704.5309448,3258.438365
-753.6347408,704.5044741,-760.8622243,699.7200886,-755.519104,703.2570801,3259.974473
-752.7778568,703.2440328,-759.9919155,698.4521926,-754.6738892,701.9846191,3261.512328
-751.9176877,701.9856713,-759.1189848,697.1842304,-753.8261719,700.7131958,3263.051723
-751.0519416,700.7291188,-758.2470433,695.919252,-752.9766846,699.4424438,3264.588099
-750.182101,699.4747287,-757.3704945,694.6552964,-752.125,698.1721191,3266.126254
-749.3084874,698.2239265,-756.4907172,693.3900589,-751.2709351,696.9031372,3267.667304
-748.4307269,696.9761694,-755.6073729,692.1255059,-750.4141846,695.6355591,3269.209832
-747.5493616,695.7299952,-754.7198626,690.8637304,-749.5546875,694.3690796,3270.752476
-746.6638636,694.4874101,-753.8271938,689.6019387,-748.6920166,693.104187,3272.298107
-745.7757212,693.245604,-752.929451,688.3446718,-747.826416,691.8406982,3273.84299
-744.8839489,692.0071998,-752.0252209,687.0879025,-746.9572754,690.5789795,3275.391247
-743.9885875,690.7701819,-751.1166941,685.8334269,-746.0844116,689.3186646,3276.94016
-743.0883264,689.535126,-750.2023602,684.5830992,-745.2080078,688.0596313,3278.489136
-742.1841507,688.3021988,-749.2818112,683.3358344,-744.328064,686.802063,3280.039323
-741.2769152,687.0705507,-748.3574871,682.0916473,-743.4448853,685.5460815,3281.589283
-740.3634454,685.8400477,-747.4303852,680.8501851,-742.5582275,684.2903442,3283.138717
-739.4487471,684.6115648,-746.4959616,679.6083135,-741.6677856,683.0361328,3284.69287
-738.5271042,683.3841301,-745.5610835,678.3710628,-740.774353,681.7825317,3286.243608
-737.6044045,682.1594806,-744.6228589,677.1294343,-739.8771362,680.5306396,3287.799856
-736.6767164,680.9356663,-743.6814779,675.8921286,-738.9765015,679.2797852,3289.354566
-735.7424659,679.7132733,-742.7391728,674.6551455,-738.0722656,678.0289917,3290.909579
-734.8052381,678.4905933,-741.7957129,673.4169387,-737.1644897,676.7782593,3292.466265
-733.8646339,677.2715267,-740.8487094,672.1756662,-736.2529297,675.5289307,3294.027538
-732.9194612,676.0523166,-739.9002758,670.9342123,-735.3370972,674.2797852,3295.589823
-731.9704765,674.8341288,-738.9497681,669.6923909,-734.4174194,673.0314331,3297.15366
-731.0161618,673.6182796,-737.9964097,668.4504577,-733.4938354,671.7839355,3298.719319
-730.0565422,672.4021155,-737.0414475,667.2107705,-732.5667114,670.536499,3300.284176
-729.0935953,671.1895746,-736.0804711,665.9716668,-731.6362915,669.2906494,3301.85225
-728.1270741,669.977658,-735.1155244,664.7378626,-730.703186,668.0461426,3303.418581
-727.1559667,668.7660244,-734.1464134,663.5100701,-729.7678833,666.8021851,3304.982759
-726.1826453,667.5586786,-733.1683208,662.2825343,-728.8294067,665.5596313,3306.552316
-725.2417859,666.3969404,-732.2211337,661.1055065,-727.9230347,664.3641357,3308.063129
-724.2975817,665.2355638,-731.2677156,659.93426,-727.0142822,663.1693115,3309.573369
-723.3514321,664.0780243,-730.3063578,658.7636528,-726.102417,661.9759521,3311.08814
-722.4021448,662.9211496,-729.3393778,657.5986144,-725.1878052,660.7838745,3312.602195
-721.4497693,661.7650214,-728.3670201,656.4377884,-724.2704468,659.5927124,3314.11646
-720.4934385,660.610685,-727.3904115,655.2796947,-723.3504028,658.4024048,3315.631367
-719.5330923,659.4552454,-726.4123374,654.1267149,-722.4286499,657.2124023,3317.143317
-718.5700416,658.3049496,-725.4283073,652.9726991,-721.5043335,656.0235596,3318.659914
-717.6047494,657.1547235,-724.4411883,651.8211421,-720.5774536,654.8355103,3320.17665
-716.6356103,656.007134,-723.4508629,650.671066,-719.6480713,653.6484985,3321.694352
-715.663693,654.8612459,-722.4579788,649.5209807,-718.7157593,652.4623413,3323.213732
-714.6876669,653.7164676,-721.4630919,648.3727357,-717.7808228,651.2769165,3324.73303
-713.710042,652.5738429,-720.4648421,647.2241026,-716.8428955,650.0926514,3326.254825
-712.7281543,651.4304567,-719.4670374,646.0771513,-715.9024658,648.9088135,3327.775059
-711.7432413,650.2902514,-718.4673409,644.9285964,-714.9592285,647.7258911,3329.297745
-710.7554899,649.1492741,-717.4677827,643.7815191,-714.0137939,646.5436401,3330.819226
-709.7640096,648.0094717,-716.465736,642.6347342,-713.0657349,645.3615112,3332.342122
-708.7715391,646.8694127,-715.4636285,641.4871862,-712.1154785,644.1799927,3333.865633
-707.7768477,645.7298057,-714.4610419,640.3397499,-711.163208,642.9990845,3335.389375
-706.7805911,644.5908906,-713.4560128,639.1916777,-710.208313,641.8184814,3336.915204
-705.7835832,643.4522824,-712.4504755,638.042136,-709.2508545,640.6386108,3338.442473
-704.7838326,642.3129628,-711.4443481,636.8940981,-708.2913818,639.4592896,3339.968999
-703.782087,641.1724346,-710.4377129,635.7457092,-707.3297119,638.2798462,3341.496125
-702.7806305,640.031654,-709.4300711,634.5954893,-706.3657227,637.100708,3343.02529
-701.7771916,638.8910355,-708.4210959,633.4439833,-705.3990479,635.9216309,3344.556302
-700.772255,637.7494563,-707.4108073,632.2916714,-704.4296875,634.7425537,3346.088786
-699.7665858,636.6060067,-706.4006972,631.1377928,-703.4578247,633.5634766,3347.62233
-698.7591193,635.4609789,-705.3893001,629.9846788,-702.4839478,632.3843994,3349.156147
-697.7506989,634.31634,-704.3768707,628.829288,-701.5075684,631.2053223,3350.692357
-696.7408693,633.1694751,-703.364122,627.6742119,-700.5292969,630.0262451,3352.228541
-695.7306616,632.0215999,-702.35106,626.5177383,-699.5490723,628.847168,3353.765983
-694.7196259,630.8715075,-701.3367809,625.3601788,-698.5665283,627.6674805,3355.305043
-693.7068412,629.7214022,-700.3206049,624.2016651,-697.5817261,626.4874878,3356.846071
-692.6927047,628.5680426,-699.3040913,623.042832,-696.5950317,625.3068237,3358.387562
-691.6790304,627.4152399,-698.284633,621.8824588,-695.6060181,624.1260376,3359.932153
-690.6623213,626.2591358,-697.2649943,620.7213331,-694.6147461,622.9441528,3361.477428
-689.6465436,625.1037279,-696.2438093,619.5566698,-693.6208496,621.762085,3363.026382
-688.6308024,623.948246,-695.2189198,618.3917441,-692.6240845,620.5802612,3364.577978
-687.6114696,622.7891006,-694.1948801,617.2270194,-691.6252441,619.3980103,3366.128862
-686.5925907,621.6285479,-693.1684693,616.0618102,-690.6242676,618.2155762,3367.681676
-685.5702924,620.4641183,-692.1421959,614.8958745,-689.6212769,617.0317993,3369.234945
-684.5480533,619.3012251,-691.1132551,613.7279614,-688.6161499,615.8477783,3370.79146
-683.5224418,618.1327295,-690.0845936,612.5608807,-687.6096191,614.6623535,3372.347167
-682.4963736,616.9643478,-689.0537233,611.3916124,-686.6012573,613.4758301,3373.905974
-681.4705281,615.7949087,-688.0216198,610.2201492,-685.5909424,612.2885742,3375.467244
-680.481315,614.6673247,-687.0284889,609.0935731,-684.617981,611.1456909,3376.969071
-679.49009,613.5399951,-686.0341062,607.9648033,-683.6433105,610.0016479,3378.473371
-678.5016183,612.4107221,-685.0377616,606.8345563,-682.6669312,608.8571777,3379.980076
-677.5086483,611.2789878,-684.0421508,605.7028043,-681.6889038,607.7112427,3381.487426
-676.5136524,610.1452524,-683.0442909,604.5714356,-680.7097168,606.5639648,3382.995975
-675.519443,609.0111252,-682.0466483,603.4368017,-679.729248,605.4158936,3384.50683
-674.5230028,607.8766938,-681.0482793,602.300832,-678.7474365,604.2669067,3386.019169
-673.526251,606.7401071,-680.0496761,601.1642341,-677.7647705,603.1172485,3387.532134
-672.5292899,605.6020739,-679.0502648,600.0261077,-676.7808838,601.9666138,3389.046781
-671.5283907,604.4611787,-678.0525364,598.8872251,-675.7966309,600.8145752,3390.560886
-670.5290329,603.3226682,-677.0509635,597.7464503,-674.8109131,599.6616821,3392.078949
-669.5283015,602.1822541,-676.0509897,596.6038027,-673.8243408,598.5081177,3393.597366
-668.5273158,601.0429507,-675.0492441,595.4613534,-672.8370972,597.3545532,3395.116802
-667.526027,599.9014064,-674.0485728,594.3192806,-671.8498535,596.2009888,3396.635246
-666.524344,598.7601994,-673.0492243,593.1760757,-670.8626099,595.0474243,3398.153672
-665.5241185,597.6213601,-672.0476643,592.0342398,-669.8753662,593.8947144,3399.672524
-664.5246637,596.4810496,-671.0497128,590.8933883,-668.8894043,592.7433472,3401.188258
-663.5287595,595.3476178,-670.0505789,589.7525377,-667.9036865,591.5943604,3402.70477
-662.534893,594.2155469,-669.0525343,588.6127414,-666.9179688,590.4476929,3404.219771
-661.5420297,593.0850746,-668.056124,587.4758411,-665.9331055,589.3039551,3405.731517
-660.5516587,591.9559314,-667.0611688,586.3409828,-664.9489136,588.1629639,3407.240768
-659.5602596,590.8281991,-666.0684808,585.2084615,-663.9656372,587.024231,3408.746767
-658.5699067,589.7002895,-665.0778355,584.0785348,-662.9837036,585.8875122,3410.249469
-657.5423963,588.5314983,-664.048075,582.9046197,-661.9633179,584.7077637,3411.811033
-656.5163071,587.3610063,-663.0203551,581.7340071,-660.944397,583.5300293,3413.36877
-655.4919243,586.1951306,-661.9949887,580.5633288,-659.9265137,582.3546753,3414.925003
-654.4692802,585.0305551,-660.9694425,579.3953229,-658.9093018,581.1813354,3416.479347
-653.4464569,583.8653968,-659.94518,578.2305973,-657.8933716,580.0096436,3418.030378
-652.4268441,582.7049237,-658.9210994,577.0657018,-656.8777466,578.8400269,3419.581418
-651.4071175,581.5433356,-657.9000284,575.9033172,-655.8634644,577.6723633,3421.128584
-650.3902853,580.3861365,-656.8780233,574.7419369,-654.8494263,576.5067749,3422.675613
-649.3723956,579.2268827,-655.858997,573.5835055,-653.836792,575.3428345,3424.21846
-648.3576291,578.0719415,-654.839912,572.4247534,-652.8243408,574.1806641,3425.761587
-647.3424372,576.9157681,-653.8232413,571.2691403,-651.8133545,573.0203247,3427.300763
-646.3281865,575.7616475,-652.8081012,570.1145039,-650.8034668,571.8615112,3428.838194
-645.3123131,574.6051444,-651.7947797,568.9630039,-649.7953491,570.7032471,3430.372069
-644.2995029,573.4523328,-650.7817315,567.812445,-648.7888184,569.5463867,3431.905057
-643.2871024,572.2996814,-649.7707108,566.6638453,-647.7841797,568.390625,3433.435235
-642.2748189,571.1477131,-648.7604945,565.5169488,-646.781189,567.2353516,3434.963603
-641.2675928,570.0012342,-647.7500368,564.3689637,-645.7788086,566.081665,3436.492947
-640.2609741,568.8561323,-646.7414854,563.222428,-644.7774658,564.9298096,3438.019944
-639.2542128,567.7106207,-645.7338648,562.0789953,-643.7775269,563.7792969,3439.543997
-638.2460693,566.5650637,-644.728919,560.936615,-642.7791748,562.6293945,3441.065493
-637.2413586,565.4225624,-643.7235913,559.7943425,-641.7816162,561.4804688,3442.58716
-636.2368883,564.2826363,-642.7209781,558.6522154,-640.7852783,560.3330688,3444.106925
-635.2330387,563.1430215,-641.7189799,557.5125932,-639.7902832,559.1868896,3445.624403
-634.232252,562.0065009,-640.7189459,556.371672,-638.7958984,558.0421753,3447.141562
-633.2321948,560.8718489,-639.7188871,555.2335363,-637.8024902,556.899292,3448.656643
-632.2320521,559.7377478,-638.7214964,554.0963972,-636.8102417,555.7578735,3450.169214
-631.2315841,558.6048719,-637.7249558,552.959519,-635.8184204,554.6170654,3451.68103
-630.2335043,557.4729342,-636.7284904,551.8244395,-634.8275146,553.4776611,3453.191443
-629.2341883,556.3414402,-635.7337779,550.6901836,-633.8374634,552.3389893,3454.700081
-628.2350331,555.2098034,-634.7396271,549.5582766,-632.8488159,551.2011108,3456.206584
-627.2390257,554.0808582,-633.7461604,548.4248794,-631.8604126,550.0639648,3457.713755
-626.2422738,552.9508219,-632.7531947,547.2946867,-630.8733521,548.9277344,3459.218187
-625.2497344,551.825819,-631.7604305,546.1629282,-629.8863525,547.7929688,3460.723663
-624.2524829,550.6959975,-630.7694752,545.0350835,-628.9007568,546.6583252,3462.225005
-623.260981,549.5700833,-629.7771018,543.9073392,-627.9157715,545.5249023,3463.727207
-622.2675297,548.443874,-628.786317,542.7805854,-626.9315186,544.3919678,3465.227617
-621.2376949,547.2728627,-627.758565,541.6129777,-625.9111938,543.2164307,3466.783117
-620.2109587,546.1066998,-626.7300497,540.444243,-624.8908691,542.041748,3468.339968
-619.1848491,544.9396094,-625.7014502,539.2789394,-623.8716431,540.8684082,3469.8943
-618.1579572,543.7726,-624.6747307,538.1142606,-622.8533936,539.6956787,3471.446921
-617.1334812,542.6074346,-623.6481701,536.9503077,-621.8359375,538.5239868,3472.998891
-616.1110001,541.4445706,-622.6229604,535.7864708,-620.8191528,537.3537598,3474.549882
-615.0875503,540.2812276,-621.5971716,534.6253104,-619.8029785,536.1842041,3476.099248
-614.0652441,539.1189395,-620.5742684,533.4637082,-618.7878418,535.0158081,3477.647037
-613.0453079,537.9592592,-619.5500359,532.3035507,-617.7730103,533.8486328,3479.194622
-612.0222397,536.7968964,-618.5288592,531.14496,-616.7595215,532.6818848,3480.739009
-611.0030992,535.6391617,-617.5082106,529.9858615,-615.7468262,531.5166016,3482.283429
-609.9833,534.4813072,-616.4880831,528.8285317,-614.7348633,530.3521118,3483.826178
-608.9669646,533.3284007,-615.4692853,527.6694601,-613.7229004,529.1893311,3485.369355
-607.9502069,532.1749737,-614.4504753,526.5125572,-612.7110596,528.027771,3486.910912
-606.9311509,531.0196252,-613.4359314,525.3563783,-611.7006226,526.8671875,3488.449109
-605.9154338,529.8684437,-612.4194538,524.2012662,-610.6904297,525.7078247,3489.98778
-604.8992205,528.7174592,-611.4049011,523.0460247,-609.680481,524.5493164,3491.525278
-603.8842758,527.5675098,-610.3921366,521.8919302,-608.6715698,523.3924561,3493.060735
-602.8701386,526.4182343,-609.3800166,520.7384611,-607.6630249,522.2365112,3494.595296
-601.856151,525.2696238,-608.3681283,519.5857931,-606.6547241,521.0812988,3496.129102
-600.8456697,524.1245506,-607.3570364,518.4321002,-605.6462402,519.9277344,3497.663154
-599.8307971,522.9750262,-606.3495348,517.281183,-604.6393433,518.7749634,3499.192752
-598.8208574,521.8300207,-605.3399404,516.130444,-603.6324463,517.623291,3500.723595
-597.8116549,520.6866196,-604.3322337,514.9790805,-602.6255493,516.4729614,3502.253664
-596.7999849,519.5393891,-603.3264302,513.8302219,-601.619751,515.3231812,3503.780594
-595.7907413,518.3959309,-602.3204153,512.6815987,-600.614502,514.1744995,3505.307487
-594.7814348,517.2510912,-601.3155309,511.5334967,-599.6096802,513.0261841,3506.833243
-593.7728286,516.1087348,-600.3114238,510.3870072,-598.6060791,511.879303,3508.357273
-592.7664392,514.9669139,-599.3081267,509.2402158,-597.6027222,510.7331543,3509.880997
-591.7621553,513.8287039,-598.3042364,508.0935486,-596.5991211,509.5883484,3511.405019
-590.7567758,512.6893023,-597.3014246,506.9491116,-595.5961304,508.4447937,3512.926652
-589.7510374,511.5504285,-596.2997748,505.8064622,-594.5941772,507.3024597,3514.446175
-588.7471386,510.4143128,-595.2974084,504.6647192,-593.5924683,506.1612549,3515.965489
-587.740681,509.2749108,-594.298476,503.524121,-592.5921021,505.0205078,3517.481679
-586.7380872,508.1405343,-593.2968766,502.3842956,-591.5917969,503.8807373,3518.999046
-585.7350233,507.0057082,-592.2963066,501.2462971,-590.5922852,502.7420654,3520.514361
-584.733449,505.8730917,-591.2967306,500.1088443,-589.5934448,501.6047668,3522.028611
-583.7335418,504.7434053,-590.294906,498.9709689,-588.5933228,500.4679565,3523.544662
-582.7268081,503.6049594,-589.2944542,497.8334983,-587.5925293,499.3291016,3525.059503
-581.7194051,502.4670986,-588.2895524,496.6937161,-586.5894775,498.1876221,3526.57902
-580.7103797,501.32624,-587.2828464,495.550505,-585.5839844,497.0434265,3528.102302
-579.6985537,500.1833963,-586.2746964,494.40433,-584.576355,495.8968201,3529.628763
-578.6844101,499.036012,-585.263461,493.2569838,-583.5667114,494.747406,3531.158142
-577.6697043,497.8887052,-584.2500346,492.1055469,-582.5545044,493.5956726,3532.692039
-576.65065,496.7355892,-583.2340063,490.9537061,-581.5404663,492.4410706,3534.22796
-575.6319623,495.5815066,-582.2158371,489.796682,-580.5234985,491.2836304,3535.769184
-574.6100024,494.424101,-581.1952918,488.6365142,-579.5036621,490.12323,3537.314339
-573.5847566,493.2624838,-580.1718253,487.4739209,-578.4811401,488.9596558,3538.863244
-572.55726,492.097301,-579.1461882,486.3083523,-577.4562378,487.7931213,3540.415816
-571.5291554,490.9294134,-578.1174484,485.1398317,-576.4287109,486.6238403,3541.972655
-570.5366385,489.8025452,-577.1259349,484.0116219,-575.4372559,485.495697,3543.474639
-569.5430472,488.6746724,-576.1324233,482.8802774,-574.4434204,484.365509,3544.980297
-568.5478509,487.5429473,-575.1373342,481.7470439,-573.4475708,483.2333069,3546.488415
-567.5493825,486.4097443,-574.1401872,480.6121343,-572.4498291,482.0990601,3547.99915
-566.5501363,485.2726374,-573.1415983,479.4748412,-571.4501953,480.9625854,3549.512628
-565.5470771,484.133281,-572.1405386,478.3364624,-570.4489136,479.8237,3551.028553
-564.5429231,482.9922837,-571.1376899,477.1958456,-569.4460449,478.6827087,3552.547339
-563.5367669,481.8500284,-570.1329495,476.0529668,-568.4414063,477.5395813,3554.069073
-562.5291091,480.705901,-569.1265339,474.9077059,-567.4349365,476.3943787,3555.593703
-561.5200922,479.5629148,-568.1174571,473.7599583,-566.4262085,475.2475586,3557.121957
-560.5093665,478.4168042,-567.1059465,472.6117296,-565.4156494,474.0992126,3558.65218
-559.4951353,477.2674873,-566.0929665,471.462376,-564.4035034,472.9488525,3560.184219
-558.478332,476.1171303,-565.079008,470.3108571,-563.3899536,471.7966309,3561.718529
-557.460448,474.9665076,-564.0613517,469.1584664,-562.3745728,470.6426392,3563.255939
-556.4390087,473.8124949,-563.0437198,468.0042968,-561.3580322,469.4866943,3564.794666
-555.4168106,472.6574815,-562.0239437,466.8489592,-560.340332,468.329071,3566.335688
-554.3911127,471.5020592,-561.0024135,465.6917275,-559.321106,467.169342,3567.87929
-553.3667867,470.3465261,-559.9787271,464.5325515,-558.300293,466.0084229,3569.425778
-552.3385177,469.1879102,-558.9534049,463.3725866,-557.2779541,464.84552,3570.973939
-551.310313,468.029942,-557.9268086,462.2108403,-556.2543945,463.6817017,3572.524279
-550.2804327,466.8715586,-556.8986302,461.0479747,-555.2293701,462.5168152,3574.076506
-549.2500679,465.7123178,-555.8689887,459.8838555,-554.2028198,461.3510437,3575.630641
-548.218424,464.5510161,-554.8396678,458.7187087,-553.175415,460.1846619,3577.185333
-547.1853209,463.3901102,-553.8086527,457.5532785,-552.1469727,459.0176392,3578.74136
-546.1519608,462.228592,-552.7765962,456.3862684,-551.1170654,457.849823,3580.29926
-545.1158125,461.061533,-551.7453927,455.2194577,-550.0869751,456.6808777,3581.856446
-544.0810379,459.8976814,-550.7118678,454.0505108,-549.055481,455.5111389,3583.41677
-543.0822868,458.7740723,-549.7182823,452.927618,-548.0636597,454.385376,3584.916137
-542.0866429,457.6529971,-548.7229082,451.8020376,-547.0704956,453.2589111,3586.418702
-541.0877397,456.5273048,-547.7284765,450.6765541,-546.0771484,452.1314392,3587.920569
-540.0914233,455.4064615,-546.7317588,449.5489488,-545.0824585,451.0038147,3589.425541
-539.0936331,454.2824384,-545.7349659,448.4214348,-544.0869751,449.8757935,3590.930494
-538.0949686,453.1574744,-544.7379383,447.2928079,-543.0905762,448.7471619,3592.436437
-537.0946891,452.0295722,-543.7416966,446.1641957,-542.0941772,447.617981,3593.941848
-536.0943429,450.9026759,-542.744702,445.0356105,-541.0977783,446.4885559,3595.447737
-535.0985716,449.7794745,-541.7454718,443.9052941,-540.0999756,445.3594971,3596.956404
-534.0994403,448.6517228,-540.7478152,442.775838,-539.1020508,444.2303772,3598.463385
-533.1015594,447.525814,-539.749912,441.6457267,-538.1037598,443.1016541,3599.97102
-532.1029268,446.3982549,-538.7511207,440.5157021,-537.1046753,441.9725342,3601.479177
-531.1075611,445.2734613,-537.7520908,439.3843881,-536.1047974,440.8443909,3602.988459
-530.1057584,444.1419031,-536.7552789,438.2547468,-535.1053467,439.7155151,3604.495019
-529.1118891,443.0181614,-535.7550663,437.1229415,-534.1044922,438.587677,3606.005452
-528.1126627,441.8884082,-534.7566762,435.9926843,-533.1035156,437.4596558,3607.513519
-527.1161436,440.7606467,-533.7584248,434.8610713,-532.1021118,436.3321838,3609.02251
-526.1201484,439.6331664,-532.7594097,433.7300025,-531.1001587,435.2052917,3610.531598
-525.1240342,438.5055755,-531.7612642,432.5982628,-530.0976563,434.0789185,3612.040614
-524.1272392,437.3762274,-530.7634198,431.4676075,-529.0951538,432.9529724,3613.548618
-523.1310677,436.2476509,-529.7654809,430.3374008,-528.0926514,431.8276367,3615.056348
-522.1349118,435.1166615,-528.7694056,429.2063395,-527.0901489,430.702301,3616.563486
-521.13959,433.9889603,-527.7715627,428.0763167,-526.0875244,429.5776978,3618.071014
-520.1446621,432.8581591,-526.7753634,426.9458078,-525.0848389,428.453186,3619.57782
-519.1494304,431.7289097,-525.7794604,425.8155083,-524.0823364,427.3291931,3621.084273
-518.1546565,430.5989224,-524.7833316,424.6857663,-523.079834,426.2053833,3622.590457
-517.1593385,429.4693024,-523.787578,423.5558924,-522.0773315,425.0816956,3624.096491
-516.1658107,428.340748,-522.7921457,422.4256636,-521.0748291,423.9586487,3625.60258
-515.1698707,427.2107207,-521.7973056,421.2966549,-520.0726929,422.8356323,3627.107361
-514.1766682,426.0824056,-520.802435,420.1676106,-519.0708618,421.7133789,3628.61219
-513.1838307,424.9564254,-519.808012,419.0381408,-518.0689087,420.5919189,3630.117041
-512.1922418,423.8314451,-518.8125427,417.9096312,-517.0665894,419.4713745,3631.621865
-511.1972428,422.7036308,-517.8208816,416.7821382,-516.0654297,418.3515015,3633.123408
-510.2037539,421.5776096,-516.8289011,415.654399,-515.0644531,417.2319031,3634.625347
-509.2114075,420.4543143,-515.8363998,414.5268798,-514.0634766,416.1131287,3636.127465
-508.2167192,419.3281928,-514.8455962,413.4012905,-513.0634766,414.9946899,3637.627013
-507.1843519,418.1607865,-513.8162033,412.2296642,-512.0240479,413.8324585,3639.186614
-506.151972,416.9942906,-512.7866068,411.0589374,-510.9848328,412.6708069,3640.745675
-505.1182948,415.8276544,-511.7589712,409.888394,-509.9462891,411.509613,3642.303304
-504.0846645,414.6608076,-510.7318427,408.7190992,-508.9086609,410.3487854,3643.85966
-503.0492598,413.4952063,-509.7053769,407.5504073,-507.8718872,409.1879578,3645.415125
-502.0151465,412.3307081,-508.6793703,406.3826867,-506.8363037,408.0276794,3646.969558
-500.9817758,411.1668166,-507.6539423,405.2153677,-505.8015747,406.8676453,3648.523307
-499.9485518,410.00475,-506.628926,404.0487453,-504.7677612,405.7080994,3650.076261
-498.9151417,408.8414447,-505.6054351,402.8827975,-503.7350769,404.5486145,3651.627701
-497.881336,407.6802162,-504.5823055,401.7176835,-502.7035828,403.3893738,3653.178277
-496.8496302,406.5189914,-503.5604949,400.5526591,-501.6732788,402.2304993,3654.727915
-495.8188816,405.3595788,-502.5381911,399.388649,-500.6438293,401.0720215,3656.277117
-494.7870844,404.1983263,-501.5176637,398.2260897,-499.6159058,399.9135742,3657.824056
-493.7556937,403.0377131,-500.497113,397.0648543,-498.589447,398.7550354,3659.370015
-492.7253768,401.8768547,-499.479058,395.9028138,-497.5645142,397.596344,3660.914934
-491.695953,400.7164469,-498.459524,394.7431525,-496.5410461,396.4374695,3662.45904
-490.6672687,399.5577859,-497.4421691,393.5823569,-495.5189514,395.2786255,3664.002561
-489.6417533,398.3996808,-496.4240537,392.4230019,-494.4981079,394.1201782,3665.545501
-488.6164585,397.2419432,-495.4066675,391.2642623,-493.478363,392.9618225,3667.087497
-487.5941956,396.0868724,-494.3892677,390.1052242,-492.4592896,391.8041687,3668.629727
-486.5714952,394.9303105,-493.3724519,388.9479577,-491.4411926,390.646759,3670.17024
-485.5502897,393.7751686,-492.3567718,387.790499,-490.4240112,389.4898987,3671.710148
-484.5297263,392.6180876,-491.3416627,386.6346396,-489.407959,388.3331604,3673.248477
-483.510322,391.4651078,-490.326802,385.4783303,-488.3926086,387.1770935,3674.786981
-482.4901391,390.3091958,-489.3123234,384.3246119,-487.378479,386.0210266,3676.323286
-481.4703125,389.1540282,-488.2994157,383.1705858,-486.3655701,384.8649597,3677.858785
-480.4519816,387.999427,-487.286844,382.0167122,-485.3536377,383.7088928,3679.393948
-479.433072,386.8449398,-486.275103,380.8638972,-484.3430481,382.5528259,3680.927768
-478.4143008,385.6908873,-485.2641248,379.7118466,-483.3338928,381.396698,3682.460509
-477.3966396,384.5391609,-484.2526529,378.5601932,-482.3257141,380.2406311,3683.993279
-476.3795358,383.3872455,-483.2418562,377.4091178,-481.3186035,379.0845642,3685.525168
-475.3623381,382.2365875,-482.2320375,376.2582913,-480.3126526,377.9286194,3687.056225
-474.3464069,381.0879103,-481.2224297,375.1086257,-479.3080444,376.7733459,3688.58627
-473.3293618,379.9397586,-480.2146294,373.9597674,-478.3049316,375.6183777,3690.114516
-472.3142643,378.7923568,-479.2075458,372.8118019,-477.3033142,374.4638977,3691.641619
-471.29937,377.6479078,-478.200948,371.6649337,-476.3031311,373.3101501,3693.167576
-470.2845601,376.5033089,-477.1950871,370.5198417,-475.3045044,372.1567993,3694.691713
-469.2719922,375.3608185,-476.191324,369.3737244,-474.3070984,371.0040894,3696.215237
-468.2589667,374.2208293,-475.1873282,368.2291942,-473.310791,369.8520203,3697.737721
-467.2456369,373.0795657,-474.1841378,367.0872826,-472.3162537,368.7004395,3699.257705
-466.2348677,371.941739,-473.1815794,365.9452538,-471.3229065,367.5496826,3700.777361
-465.2254044,370.8043297,-472.1802451,364.804303,-470.3308716,366.3997803,3702.295399
-464.2142678,369.6674175,-471.1793973,363.6657375,-469.3404236,365.2503357,3703.811323
-463.2085939,368.5344164,-470.1774697,362.5278571,-468.3508606,364.1022339,3705.327447
-462.2006452,367.4017785,-469.1786602,361.3904728,-467.3625488,362.9549866,3706.841139
-461.1948563,366.2712066,-468.1794386,360.255088,-466.3754272,361.80896,3708.353601
-460.18983,365.1406813,-467.1816714,359.1204724,-465.3893433,360.6637268,3709.864525
-459.1853315,364.0097936,-466.1841727,357.9883378,-464.4047241,359.5192871,3711.37341
-458.1794916,362.8802709,-465.1882193,356.8570316,-463.4215698,358.3752747,3712.880651
-457.1801213,361.7558111,-464.1919062,355.7253464,-462.4390564,357.2328796,3714.388415
-456.1784996,360.6274891,-463.195783,354.5978845,-461.4579773,356.091095,3715.892886
-455.1799336,359.5033046,-462.2015063,353.4699686,-460.4781494,354.9507751,3717.396475
-454.181034,358.3790654,-461.2070048,352.3455388,-459.4998474,353.811554,3718.8976
-453.1453591,357.212695,-460.1753929,351.1791469,-458.4854126,352.6295776,3720.454742
-452.1114542,356.0484596,-459.1457473,350.0135325,-457.4725647,351.4490051,3722.01
-451.0781614,354.8846467,-458.1163999,348.8504921,-456.4613037,350.2694702,3723.563132
-450.0509311,353.7278559,-457.0873105,347.6869807,-455.4505615,349.0921631,3725.116446
-449.0231034,352.5694941,-456.0592596,346.5265529,-454.4408569,347.9165039,3726.666762
-447.9984336,351.4138007,-455.0330199,345.3661269,-453.4317627,346.7427368,3728.215877
-446.9716352,350.2565648,-454.0082258,344.2088737,-452.4241333,345.570343,3729.761658
-445.9488582,349.1055096,-452.9837991,343.0515571,-451.4169312,344.3999329,3731.307242
-444.9241981,347.9511944,-451.9615756,341.8972163,-450.4112549,343.230896,3732.849139
-443.9006105,346.7974456,-450.9397329,340.7448119,-449.4068909,342.0628357,3734.389333
-442.8841639,345.6528113,-449.9195756,339.5900882,-448.4025574,340.8973694,3735.930147
-441.8645981,344.5040997,-448.9009579,338.4388066,-447.3991699,339.7333374,3737.467362
-440.8478376,343.3587757,-447.8830453,337.2882212,-446.3963013,338.571106,3739.003589
-439.8303298,342.2125015,-446.8672911,336.1392465,-445.3945007,337.4103394,3740.537179
-438.8150563,341.0680087,-445.8532425,334.9907289,-444.3935547,336.2511292,3742.069298
-437.8000005,339.9256277,-444.8405714,333.8454555,-443.3945007,335.0942688,3743.598073
-436.7904724,338.7884666,-443.8314151,332.7007345,-442.3971863,333.9407959,3745.124108
-435.7857433,337.6576627,-442.8238782,331.5583195,-441.401062,332.7913513,3746.647342
-434.781447,336.5260777,-441.819823,330.418918,-440.4065552,331.6452026,3748.166014
-433.7802842,335.399057,-440.8170685,329.2824429,-439.4133606,330.502594,3749.68163
-432.7774594,334.271601,-439.8184332,328.1487855,-438.4222717,329.3628845,3751.192408
-431.7789425,333.1472258,-438.8212999,327.0176581,-437.4328613,328.2261353,3752.700296
-430.7807829,332.024397,-437.8279345,325.8882682,-436.4454041,327.0920715,3754.204389
-429.7855287,330.9036045,-436.8366956,324.7614127,-435.4598999,325.9607239,3755.705175
-428.756219,329.7457952,-435.8100227,323.5955376,-434.4395447,324.7904663,3757.258662
-427.7304751,328.592917,-434.7859872,322.431594,-433.4207458,323.6238098,3758.808956
-426.7033194,327.4377435,-433.7662295,321.2707056,-432.4043884,322.4598083,3760.354132
-425.6818298,326.2903934,-432.7477663,320.1114614,-431.3894958,321.2992249,3761.897218
-424.6615106,325.1426942,-431.732488,318.95489,-430.3764343,320.141571,3763.436194
-423.6439839,324.0011737,-430.7189335,317.8005153,-429.3648071,318.9873047,3764.972382
-422.6276149,322.8603009,-429.7087088,316.6482486,-428.3547974,317.8359985,3766.504789
-421.6106191,321.7183361,-428.7012964,315.4995375,-427.3471985,316.6871338,3768.032669
-420.5968702,320.5805888,-427.6971295,314.3523342,-426.3419189,315.5411072,3769.557276
-419.5844768,319.4440183,-426.6948818,313.2090816,-425.339325,314.3977356,3771.077647
-418.5799307,318.3163329,-425.694784,312.0664494,-424.3382263,313.2580872,3772.596134
-417.5758754,317.1901334,-424.6967687,310.9275339,-423.3388672,312.1217651,3774.110454
-416.5756752,316.0673064,-423.701963,309.7901221,-422.3410034,310.9889221,3775.621528
-415.5721316,314.9412311,-422.7099465,308.6578958,-421.3459778,309.8585815,3777.126862
-414.5741377,313.8202465,-421.7204764,307.5269421,-420.3530884,308.7311096,3778.629562
-413.5392638,312.6573052,-420.698516,306.3597125,-419.3277588,307.5654907,3780.180958
-412.5166378,311.5106189,-419.6762749,305.1927054,-418.3031616,306.4043884,3781.732371
-411.4836631,310.3493495,-418.6599211,304.0317197,-417.2821655,305.2446289,3783.275375
-410.4625873,309.2029323,-417.6434937,302.8710421,-416.2627563,304.0885315,3784.818197
-409.4344527,308.0477677,-416.6310953,301.7157341,-415.2467346,302.9337769,3786.354324
-408.4133932,306.8988214,-415.6203247,300.5620047,-414.23349,301.7814026,3787.888191
-407.3894595,305.7471404,-414.6122525,299.4123345,-413.2237549,300.630127,3789.417227
-406.3734685,304.6037271,-413.6052419,298.2638712,-412.2165833,299.4812622,3790.944656
-405.3561812,303.4576279,-412.6004983,297.1193562,-411.2125549,298.3337097,3792.467621
-404.3488685,302.3242917,-411.596684,295.9744801,-410.2099915,297.1893616,3793.990246
-403.3397241,301.1852852,-410.5950943,294.8343895,-409.2099304,296.046875,3795.507806
-402.3306218,300.0487884,-409.5962042,293.696628,-408.212677,294.9062195,3797.021834
-401.3283924,298.9185822,-408.5983219,292.56044,-407.2173767,293.7681885,3798.534016
-400.3254441,297.7878218,-407.6025359,291.427746,-406.2244873,292.6321411,3800.042188
-399.3275297,296.6603504,-406.6081942,290.2970938,-405.2336426,291.4984436,3801.547874
-398.3303742,295.53478,-405.6168618,289.1684633,-404.2450867,290.3670044,3803.050055
-397.3019021,294.3740401,-404.5924747,288.0037182,-403.2245178,289.1990051,3804.601184
-396.2806294,293.2207136,-403.5697163,286.8399212,-402.2051086,288.0344849,3806.150525
-395.2612951,292.0694639,-402.5490619,285.6785911,-401.1867676,286.87323,3807.696624
-394.249215,290.9267668,-401.5294205,284.5179662,-400.1682434,285.716217,3809.241525
-393.2292419,289.7735666,-400.5136487,283.3628498,-399.1518555,284.5613098,3810.779734
-392.2137761,288.6240527,-399.4995159,282.2093836,-398.1371765,283.408844,3812.315621
-391.1994783,287.4775585,-398.4882435,281.0572173,-397.1241455,282.2587891,3813.848644
-390.1829901,286.3284514,-397.4791287,279.9090671,-396.113739,281.1103821,3815.377225
-389.1707159,285.1831881,-396.472225,278.7619104,-395.1054688,279.9638977,3816.903601
-388.1600557,284.040164,-395.4671122,277.617046,-394.0993652,278.8193359,3818.427073
-387.1473864,282.8941326,-394.4654601,276.4748518,-393.0963135,277.6758423,3819.946255
-386.1400756,281.7557302,-393.4644474,275.3340306,-392.095459,276.5343018,3821.463984
-385.1348229,280.6183869,-392.4653865,274.1951402,-391.0966797,275.3944397,3822.978974
-384.1306727,279.4813552,-391.4683064,273.0583442,-390.1001282,274.2559814,3824.491083
-383.1280443,278.3473064,-390.4736825,271.9226829,-389.1057739,273.1190796,3826.000719
-382.126051,277.2120752,-389.4805752,270.7898341,-388.1139221,271.9832458,3827.507241
-381.1246633,276.0782729,-388.4903708,269.6582125,-387.1248169,270.8484497,3829.010928
-380.1271094,274.9485446,-387.5006605,268.5282509,-386.1378174,269.7149048,3830.513039
-379.1319186,273.8213941,-386.5129847,267.3996497,-385.1529541,268.5829163,3832.012787
-378.1022428,272.6561916,-385.4937844,266.2363578,-384.1377869,267.414093,3833.559402
-377.08077,271.4991159,-384.4757468,265.0729826,-383.1240845,266.2475586,3835.105314
-376.0595914,270.3436078,-383.4594714,263.9115177,-382.1117859,265.0829468,3836.648627
-375.0400923,269.1887421,-382.4449141,262.7516422,-381.1008606,263.9200439,3838.189613
-374.0232169,268.0392165,-381.430761,261.5936987,-380.0910034,262.7594604,3839.728879
-373.0076874,266.8887302,-380.4195054,260.4370418,-379.082489,261.6008606,3841.265269
-371.9931498,265.74029,-379.409069,259.2823933,-378.0751038,260.4440308,3842.799607
-370.9810304,264.5949712,-378.4004451,258.1290414,-377.0689087,259.2894592,3844.331777
-369.9625071,263.4429835,-377.395022,256.9794143,-376.0654907,258.1356201,3845.859035
-368.947975,262.2952504,-376.3900771,255.830786,-375.0639954,256.982666,3847.385227
-367.9364734,261.1512922,-375.3863622,254.6833952,-374.0643005,255.831192,3848.909677
-366.9269085,260.0085365,-374.3845806,253.5371206,-373.0662842,254.681076,3850.432015
-365.9246885,258.8739495,-373.3821725,252.391569,-372.068634,253.5333557,3851.954221
-364.9233906,257.7399623,-372.3806387,251.2481602,-371.0714417,252.3878632,3853.474238
-363.9234572,256.6098359,-371.3808613,250.1051757,-370.0743713,251.244751,3854.99278
-362.9245017,255.4776486,-370.3809587,248.9655253,-369.0777893,250.103653,3856.508896
-361.9236105,254.3434097,-369.3830282,247.8274536,-368.0821228,248.9638214,3858.022525
-360.9221889,253.2086191,-368.3869227,246.6911449,-367.0880127,247.8252258,3859.533625
-359.9257249,252.0783591,-367.3899771,245.5566308,-366.094696,246.6883545,3861.04393
-358.9308213,250.9506612,-366.3947175,244.4230637,-365.1021729,245.5534668,3862.552412
-357.9368133,249.8232949,-365.3989942,243.2925803,-364.1104431,244.4202881,3864.058884
-356.947323,248.6997942,-364.4034563,242.1637924,-363.1192322,243.2895355,3865.563961
-355.961147,247.5794026,-363.4091599,241.0363714,-362.1283264,242.1615753,3867.067192
-354.9489216,246.4290679,-362.3820692,239.8743051,-361.1046753,241.0007477,3868.618099
-353.9298074,245.271175,-361.3578252,238.7166676,-360.0823364,239.8421631,3870.163803
-352.922822,244.1262354,-360.3356815,237.5603552,-359.0611572,238.6892548,3871.707123
-351.9112708,242.9752795,-359.3227062,236.4168893,-358.0482788,237.544632,3873.234746
-350.9010524,241.8258078,-358.3034921,235.2663432,-357.0296631,236.3951111,3874.771806
-349.8916259,240.6761633,-357.2863181,234.1181421,-356.0123291,235.2479858,3876.305758
-348.8833146,239.5295589,-356.2711022,232.9722239,-354.996521,234.1035309,3877.836703
-347.874073,238.3802055,-355.2599179,231.8288224,-353.9832764,232.9612274,3879.363091
-346.8668821,237.2352901,-354.249869,230.6877402,-352.9720459,231.8209686,3880.88699
-345.858452,236.0886047,-353.2417017,229.5480788,-351.9624634,230.6813049,3882.408578
-344.855336,234.9479937,-352.2346588,228.4066595,-350.953125,229.5426636,3883.930739
-343.8587336,233.8157286,-351.2292413,227.2665007,-349.9447632,228.4078522,3885.450879
-342.8693243,232.6922302,-350.2321925,226.1350502,-348.9430847,227.2830963,3886.958953
-341.8660822,231.5529673,-349.2118924,224.9772563,-347.9167786,226.1365967,3888.502163
-340.8754427,230.4282561,-348.2022704,223.8306528,-346.8979492,225.0051575,3890.029919
-339.905457,229.3265902,-347.2014989,222.6927536,-345.8843384,223.8903656,3891.545293
-338.9175032,228.2037828,-346.1792821,221.531273,-344.8440247,222.7581787,3893.092537
-337.941736,227.0948727,-345.16679,220.3816403,-343.8085022,221.6437073,3894.624462
-336.9853132,226.0055384,-344.1625056,219.2413845,-342.7759705,220.5481262,3896.143926
-336.0127233,224.8974913,-343.1363684,218.078557,-341.7146912,219.4394226,3897.694773
-335.0626568,223.8111523,-342.1165553,216.92485,-340.6538696,218.3527832,3899.234597
-334.1278841,222.7397692,-341.1046882,215.7802738,-339.5924683,217.2887421,3900.762317
-333.1809673,221.6519303,-340.0694101,214.6124093,-338.4982605,216.2180176,3902.322993
-332.2488217,220.5766922,-339.0416983,213.4534135,-337.4021301,215.1727295,3903.872013
-331.3014603,219.4830119,-337.9907203,212.271479,-336.2719727,214.1244202,3905.453633
-330.3703399,218.4050736,-336.9449387,211.0959635,-335.1381836,213.1045685,3907.027004
-329.4507647,217.3362099,-335.9044644,209.9279338,-334.0005188,212.1134949,3908.591255
-328.5147408,216.2404455,-334.8405073,208.7362715,-332.827301,211.1245117,3910.188773
-327.5914062,215.13836,-333.7828447,207.5522956,-331.6509399,210.1644135,3911.776365
-326.6685501,214.0357368,-332.7315993,206.378808,-330.4727478,209.2314758,3913.351862
-325.7140139,212.9182057,-331.6576675,205.1817401,-329.2613831,208.300827,3914.96006
-324.7535109,211.8220555,-330.5860745,203.9905835,-328.048645,207.3976288,3916.562298
-323.762235,210.7068946,-329.4919844,202.7778807,-326.8037109,206.4980011,3918.195601
-322.7594438,209.6195897,-328.3977298,201.5745017,-325.5586853,205.6254425,3919.822105
-321.7408147,208.5674856,-327.3044876,200.3763136,-324.3135681,204.7797241,3921.44409
-320.6773204,207.5361623,-326.1799203,199.147519,-323.0354004,203.9412994,3923.109799
-319.5992289,206.5461611,-325.0441811,197.928952,-321.7559814,203.1328735,3924.775575
-318.495307,205.5509993,-323.8578222,196.6984692,-320.4421997,202.3370361,3926.484825
-317.4028292,204.5536059,-322.6417253,195.4656649,-319.1199951,201.5748291,3928.2165
-316.3286985,203.5232033,-321.3911961,194.2386446,-317.7872925,200.8481598,3929.968471
-315.2339898,202.5027841,-320.1056868,193.06636,-316.4457703,200.1555786,3931.708236
-314.0983498,201.5397463,-318.7576878,191.9984215,-315.0961304,199.4965057,3933.428002
-312.8720568,200.6723199,-317.3232366,190.9603839,-313.7034912,198.8582306,3935.198644
-311.5969603,199.8973884,-315.8723376,189.9297124,-312.3007507,198.2565613,3936.978361
-310.2836812,199.2038398,-314.4142829,188.8699129,-310.888031,197.6918793,3938.780886
-308.930737,198.5954573,-312.9747261,187.7936885,-309.4680481,197.1602631,3940.578268
-307.5500921,198.0654426,-311.4996797,186.7783195,-308.0415039,196.661087,3942.369005
-306.1392853,197.6303591,-309.9414718,186.0035376,-306.6094055,196.1927643,3944.109205
-304.712832,197.2797631,-308.2904747,185.4050074,-305.1708984,195.7593689,3945.865346
-303.2733635,196.9997177,-306.5473744,185.0995177,-303.7241211,195.3613281,3947.635013
-301.8118515,196.7904749,-304.8185513,184.9255081,-302.2675476,194.992218,3949.372572
-300.328355,196.6490702,-303.0925286,184.8811934,-300.798584,194.647171,3951.099163
-298.8220465,196.5551589,-301.4047158,184.9165305,-299.3183289,194.3186951,3952.787346
-297.3205622,196.4889786,-299.6696616,184.9546152,-297.8245239,194.0144653,3954.522818
-295.8087063,196.4535909,-297.9465861,185.0117244,-296.3170776,193.7328033,3956.24684
-294.328473,196.4575164,-296.2507498,185.1067854,-294.832489,193.4813843,3957.945338
-292.8366985,196.5018832,-294.5609446,185.2779178,-293.3360291,193.2514954,3959.643787
-291.3333653,196.5995075,-292.873492,185.5359506,-291.8286438,193.0416565,3961.350854
-289.8197743,196.764961,-291.1903552,185.8431373,-290.3109131,192.8511963,3963.061793
-288.3062415,196.96881,-289.5071586,186.165303,-288.7828369,192.6813354,3964.775544
-286.8306263,197.1702426,-287.8708466,186.4957999,-287.2823181,192.5351105,3966.444898
-285.3493014,197.3688037,-286.2459998,186.8501361,-285.7723389,192.4063873,3968.107932
-283.8724199,197.5773431,-284.6198348,187.2101626,-284.2531128,192.2968597,3969.773474
-282.3908623,197.788176,-283.0030587,187.5597768,-282.7250061,192.2053986,3971.427619
-280.9421692,197.9914958,-281.4316639,187.9051929,-281.2265015,192.1326752,3973.03653
-279.4925865,198.1950211,-279.8618782,188.2477163,-279.7197266,192.0767365,3974.64325
-278.0387707,198.3997605,-278.2949562,188.5662779,-278.2045288,192.037262,3976.242227
-276.5812051,198.6029229,-276.7290095,188.8355061,-276.6809082,192.0142059,3977.831149
-275.1167992,198.8055077,-275.1628677,189.0473469,-275.1488953,192.0069733,3979.411553
-273.6826392,199.0022957,-273.6341968,189.2183201,-273.6480408,192.0144043,3980.949755
-272.2423527,199.1970576,-272.1009556,189.3849961,-272.1391602,192.0361481,3982.492029
-270.7919445,199.3890792,-270.5650533,189.5691161,-270.6228638,192.0711823,3984.038928
-269.3249737,199.5794271,-269.0278067,189.7570769,-269.0992126,192.1172791,3985.587623
-267.8354717,199.7643995,-267.4877248,189.9400352,-267.5667114,192.171524,3987.138534
-266.3609358,199.9374033,-265.9849539,190.1062904,-266.0661316,192.2289124,3988.650474
-264.8594404,200.1065422,-264.4789928,190.2652606,-264.5571594,192.2872467,3990.164802
-263.3393894,200.2627914,-262.9667045,190.413928,-263.0397644,192.3446655,3991.68438
-261.8006661,200.4002274,-261.4476142,190.5472896,-261.5139771,192.3993378,3993.209313
-260.2382415,200.5185576,-259.9230144,190.6624905,-259.9801331,192.4483948,3994.738259
-258.6972754,200.6152285,-258.4333936,190.7601,-258.4796753,192.4885712,3996.231075
-257.1326207,200.6877133,-256.9384125,190.8389973,-256.9715271,192.5183105,3997.728136
-255.5394193,200.7371156,-255.4390834,190.8979512,-255.4557648,192.5337677,3999.228624
-253.9245337,200.7639465,-253.9339838,190.936546,-253.9324493,192.5323029,4000.734218
-252.2863214,200.7655321,-252.4238682,190.9536303,-252.4020386,192.510849,4002.244431
-250.6399258,200.7420387,-250.9074766,190.9476374,-250.865921,192.4688873,4003.760834
-249.0301954,200.6968099,-249.4277521,190.9173915,-249.367157,192.407959,4005.240868
-247.4149979,200.6297323,-247.9429449,190.8638036,-247.8638611,192.3266907,4006.726642
-245.7951398,200.5408605,-246.4535959,190.7877327,-246.3565674,192.2249298,4008.217932
-244.1744798,200.429086,-244.959222,190.6895302,-244.8453217,192.1031647,4009.715529
-242.5482774,200.2976564,-243.4611973,190.5681749,-243.3305054,191.9610291,4011.218461
-240.9277813,200.1480559,-241.9585304,190.4235871,-241.8126221,191.8001404,4012.728068
-239.2912809,199.9767918,-240.4552633,190.2569732,-240.2922668,191.6180725,4014.240541
-237.6595154,199.7877677,-238.948161,190.0717524,-238.7698517,191.416153,4015.758982
-236.0323284,199.5801792,-237.4391584,189.8652966,-237.246521,191.1955566,4017.282042
-234.4020939,199.3537555,-235.9310566,189.6388164,-235.7237701,190.9559021,4018.807055
-232.7802954,199.108355,-234.4228104,189.3926741,-234.2020264,190.6986389,4020.335254
-231.1934348,198.8498885,-232.9620385,189.1332659,-232.7260132,190.4299774,4021.818881
-229.5550313,198.5623478,-231.4654305,188.8477397,-231.2127991,190.1324005,4023.342482
-227.917296,198.2522132,-229.9814815,188.5442848,-229.7116699,189.8132172,4024.85714
-226.318243,197.9268834,-228.5124958,188.222487,-228.2286377,189.47789,4026.36096
-224.7387572,197.5836264,-227.0624407,187.883011,-226.7644196,189.1271515,4027.850222
-223.1465595,197.2150924,-225.5883504,187.5157865,-225.2769623,188.7526855,4029.369365
-221.5622599,196.8175152,-224.1358272,187.1308281,-223.8085785,188.3625641,4030.872035
-219.9901623,196.3966947,-222.7043756,186.7302375,-222.3602295,187.9558868,4032.358483
-218.394623,195.9412807,-221.2544713,186.2996409,-220.8923492,187.5204926,4033.870976
-216.8344404,195.4643922,-219.8228902,185.8524536,-219.4442596,187.0702667,4035.370777
-215.2993901,194.9660346,-218.4116126,185.3894144,-218.0161896,186.6061707,4036.856074
-213.7392902,194.4305409,-216.985418,184.8962798,-216.5708008,186.1140594,4038.365118
-212.2039251,193.8782269,-215.5800477,184.3878378,-215.1462402,185.6072845,4039.859634
-210.6397452,193.2817434,-214.1616606,183.8524471,-213.7070007,185.0697174,4041.375703
-209.0899455,192.6613153,-212.7678731,183.3016662,-212.2916565,184.5135498,4042.874371
-207.5838089,192.030413,-211.3920716,182.7359323,-210.8977356,183.9424133,4044.361947
-206.0675417,191.3674354,-209.9946233,182.138311,-209.4830933,183.3404694,4045.88182
-204.5471565,190.674845,-208.6109395,181.5203856,-208.0795593,182.7174225,4047.397212
-203.0364605,189.9601845,-207.2345073,180.8823687,-206.6842804,182.0721741,4048.914325
-201.5704506,189.2412057,-205.897268,180.237619,-205.3287048,181.4207306,4050.398882
-200.117896,188.5002998,-204.5632094,179.5702572,-203.977005,180.7478638,4051.890554
-198.6639706,187.7358642,-203.2326022,178.8815604,-202.6286163,180.052124,4053.388826
-197.2197185,186.954635,-201.9049912,178.1680426,-201.282959,179.3345795,4054.896028
-195.7675817,186.1448604,-200.5816742,177.4333387,-199.9408722,178.592926,4056.409619
-194.3556958,185.3321954,-199.2978412,176.6937335,-198.6378021,177.8474274,4057.891254
-192.9539899,184.4978596,-198.0194346,175.9308913,-197.3399658,177.0800476,4059.379962
-191.5557726,183.6398227,-196.7460115,175.1460302,-196.0469971,176.2899628,4060.875828
-190.1680343,182.7596413,-195.4765847,174.3362709,-194.7574921,175.4772949,4062.381535
-188.7829494,181.8517353,-194.2119555,173.5045878,-193.4724884,174.6415253,4063.895135
-187.4422139,180.9427203,-192.9860401,172.6713685,-192.2256622,173.8058472,4065.377404
-186.1081879,180.0119876,-191.7648437,171.8168745,-190.9836884,172.9485779,4066.867867
-184.7824841,179.0610817,-190.5477652,170.9400977,-189.7457886,172.0697632,4068.367873
-183.4608907,178.0868624,-189.334323,170.041175,-188.5113068,171.1685791,4069.878007
-182.1490032,177.0918459,-188.1246512,169.1192098,-187.2802124,170.2458496,4071.398969
-180.8771302,176.1027463,-186.9519443,168.2003808,-186.0855255,169.3274536,4072.888764
-179.6202426,175.0994669,-185.7857669,167.2555672,-184.8936157,168.3905792,4074.389644
-178.3699252,174.0721194,-184.6266516,166.2897181,-183.7055511,167.4354248,4075.898423
-177.1356571,173.0278472,-183.4742355,165.3002611,-182.5203094,166.4632263,4077.417333
-175.919245,171.9675512,-182.3302175,164.2850413,-181.3367462,165.4755554,4078.946859
-174.7479891,170.9152744,-181.2291338,163.273205,-180.1877594,164.5011139,4080.442251
-173.6055027,169.8508199,-180.1346289,162.2369762,-179.0383148,163.5154266,4081.949471
-172.4834468,168.7715998,-179.0511621,161.172711,-177.8866577,162.52005,4083.468207
-171.3695002,167.6644785,-177.980171,160.0821808,-176.7322235,161.5135498,4084.996696
-170.2771197,166.5433866,-176.9180863,158.9618343,-175.5726471,160.4978333,4086.540458
-169.2342725,165.4334489,-175.8961806,157.8451965,-174.4402008,159.5036316,4088.054119
-168.2051684,164.3063387,-174.8843481,156.6990933,-173.3005219,158.5029907,4089.582961
-167.1854576,163.1605914,-173.8881019,155.517496,-172.1526947,157.4963989,4091.128496
-166.1710548,161.9924105,-172.9088163,154.3007699,-170.9966125,156.4836884,4092.690361
-165.1982985,160.8404441,-171.9669443,153.0887792,-169.8652039,155.4957581,4094.225302
-164.2310114,159.6684371,-171.0279016,151.8547823,-168.7241364,154.5031738,4095.775963
-163.2709953,158.4725498,-170.0940824,150.5960459,-167.5731812,153.5061493,4097.343265
-162.3142009,157.2630495,-169.1657512,149.3078026,-166.4115448,152.5056763,4098.931147
-161.3573702,156.0468016,-168.2308003,147.9990092,-165.2378845,151.5032806,4100.539586
-160.4276114,154.8527869,-167.3118003,146.7212325,-164.0876923,150.5295258,4102.113522
-159.4926529,153.6472745,-166.3812811,145.4337691,-162.9252014,149.5545502,4103.702052
-158.5475889,152.4410934,-165.4386858,144.1304037,-161.7494507,148.5796356,4105.310544
-157.5907308,151.2364991,-164.4806427,142.8113668,-160.5593567,147.6063995,4106.940791
-156.6198663,150.0266758,-163.511709,141.4801065,-159.3548126,146.6350708,4108.587329
-155.6693695,148.8513703,-162.5617793,140.1691116,-158.1733398,145.6971588,4110.206302
-154.7050167,147.6697679,-161.598447,138.8504803,-156.977478,144.7624359,4111.839335
-153.7328332,146.480619,-160.6049293,137.5309964,-155.7662964,143.8324127,4113.491036
-152.7437109,145.2915716,-159.5882477,136.2059343,-154.5392914,142.9080658,4115.161195
-151.7305792,144.1135511,-158.5430272,134.8737456,-153.2955017,141.9910278,4116.854479
-150.7325645,142.9717088,-157.4895341,133.6108686,-152.0759125,141.1106873,4118.499078
-149.7165855,141.8314709,-156.3773708,132.386129,-150.8396606,140.2388916,4120.153434
-148.6623121,140.7207888,-155.2132412,131.1913843,-149.5860291,139.3770905,4121.821551
-147.5641171,139.6554666,-153.9560693,130.0395509,-148.3120728,138.5302582,4123.526603
-146.4191758,138.6338758,-152.6291368,128.9670655,-147.0192566,137.6997528,4125.232761
-145.2300399,137.6594631,-151.2138165,127.9430687,-145.7040405,136.8897858,4126.979672
-144.0126803,136.7732585,-149.9349676,127.0916243,-144.4213562,136.1051636,4128.516036
-142.7463844,135.9609887,-148.5362727,126.2632279,-143.1230774,135.3300476,4130.14164
-141.4243709,135.2244325,-147.1044776,125.4829686,-141.8094177,134.5640717,4131.772235
-140.0656756,134.5428053,-145.5949737,124.7217224,-140.4762726,133.8135071,4133.462826
-138.6760519,133.9081475,-144.0308686,123.9977154,-139.1224365,133.0820007,4135.186372
-137.2512581,133.3316717,-142.4439208,123.3196757,-137.749939,132.370163,4136.912101
-135.8242994,132.83213,-140.9944524,122.765807,-136.4139862,131.6840057,4138.463787
-134.3590593,132.372886,-139.5847149,122.2813742,-135.0748596,130.9905701,4139.954436
-132.9004128,131.9407167,-138.0371833,121.7570969,-133.7235107,130.3089294,4141.588364
-131.4305323,131.5388443,-136.4382664,121.2466907,-132.3533325,129.6422577,4143.266771
-129.9307432,131.1591004,-134.8837487,120.7935368,-130.9711304,128.9817963,4144.885991
-128.4167238,130.8223389,-133.2921619,120.3380852,-129.5746155,128.3323822,4146.541463
-126.8766502,130.541176,-131.694625,119.8842496,-128.1636353,127.6944809,4148.202213
-125.3628622,130.3299505,-130.1505593,119.457208,-126.7897568,127.0895081,4149.804244
-123.8345357,130.1490884,-128.602276,119.0389279,-125.4029007,126.4943619,4151.408033
-122.3110636,129.953517,-127.0497545,118.6284471,-124.0034714,125.9088058,4153.013902
-120.7936704,129.7461246,-125.4875534,118.2236208,-122.5912247,125.3335037,4154.627704
-119.2743825,129.5409967,-123.9187616,117.8246688,-121.1661682,124.7686081,4156.246429
-117.7525246,129.3354205,-122.3465627,117.4283165,-119.7285156,124.2139282,4157.867819
-116.2275165,129.1288922,-120.7626479,117.0572293,-118.2786255,123.6692276,4159.494623
-114.6992831,128.9226597,-119.1698136,116.700782,-116.8165131,123.1344147,4161.126853
-113.2247042,128.723453,-117.6436528,116.3255938,-115.3971176,122.6285019,4162.698456
-111.7444488,128.5229366,-116.1415845,115.8767359,-113.9668808,122.1312027,4164.266155
-110.2572018,128.3209007,-114.6649742,115.3445857,-112.5259628,121.6417542,4165.835729
-108.7627659,128.1165904,-113.2102462,114.7333417,-111.0747299,121.1594849,4167.413656
-107.259737,127.9095302,-111.7595072,114.0943867,-109.6133499,120.6834946,4168.998871
-105.7526587,127.6998829,-110.2865869,113.4937564,-108.1418457,120.2138596,4170.589547
-104.2462642,127.4908897,-108.8015231,112.8860867,-106.6601257,119.751709,4172.194127
-102.7363833,127.2817153,-107.2897972,112.3309063,-105.1681137,119.2973022,4173.804574
-101.2888727,127.0846941,-105.7379514,112.0713826,-103.7234726,118.869194,4175.377971
-99.83198307,126.8858784,-104.1461717,111.9523595,-102.26931,118.4490967,4176.974195
-98.37371384,126.6890444,-102.5527076,111.8218848,-100.8055267,118.0376434,4178.572992
-96.91147862,126.4910671,-100.9669185,111.6556961,-99.33241272,117.6349487,4180.167465
-95.45075639,126.2957905,-99.37391659,111.4893367,-97.84965515,117.2420731,4181.76913
-93.99238753,126.101454,-97.77408092,111.3238621,-96.3572998,116.8601685,4183.377501
-92.52638842,125.9049674,-96.17319464,111.159863,-94.85525513,116.488678,4184.986765
-91.06481701,125.7100452,-94.56440925,110.9962522,-93.34358215,116.1291351,4186.603849
-89.59516802,125.5126185,-92.95524338,110.8341969,-91.82285309,115.7810211,4188.221154
-88.19563504,125.3245184,-91.40094867,110.6778203,-90.35447693,115.4596786,4189.783296
-86.78252542,125.1339936,-89.84952482,110.5233443,-88.87835693,115.1498184,4191.342391
-85.35341326,124.9389088,-88.30165389,110.36984,-87.39510345,114.8496628,4192.897855
-83.9212802,124.7420435,-86.75056051,110.2179832,-85.90486145,114.5593643,4194.456364
-82.47883851,124.5421316,-85.19935096,110.0656591,-84.40773773,114.2780151,4196.015035
-81.02876145,124.3400365,-83.64625451,109.9143657,-82.9039917,114.0051651,4197.575483
-79.56938774,124.1358104,-82.09145599,109.7639636,-81.39369202,113.7401276,4199.137539
-78.09684739,123.9275152,-80.53571294,109.6143785,-79.87675476,113.4816513,4200.700457
-76.61105664,123.7165963,-78.97852243,109.4639826,-78.35319519,113.2285767,4202.264893
-75.11478166,123.5029458,-77.41813385,109.3137614,-76.8229599,112.9801712,4203.832496
-73.61524632,123.2884968,-75.85269934,109.1628078,-75.28659058,112.7368164,4205.405192
-72.10841377,123.0719697,-74.28396955,109.0112362,-73.7444458,112.4982071,4206.981227
-70.57560248,122.8520646,-72.71877484,108.8612924,-72.19794464,112.2613068,4208.553588
-69.08879229,122.6377735,-71.21990452,108.7157078,-70.71198273,112.033844,4210.059512
-67.61079978,122.4257178,-69.71522122,108.566775,-69.22309113,111.8077621,4211.571548
-66.1407558,122.2152436,-68.20517181,108.4112609,-67.73059845,111.5845566,4213.089584
-64.67306089,122.0052122,-66.69287175,108.2521645,-66.23571014,111.3650131,4214.610229
-63.19072714,121.7924497,-65.18021163,108.0960057,-64.73699188,111.147316,4216.130929
-61.71712346,121.5810795,-63.66194645,107.9423707,-63.235466,110.9332047,4217.656947
-60.24496992,121.3704237,-62.13873606,107.7906232,-61.72977066,110.7232285,4219.187698
-58.76804145,121.15939,-60.61447426,107.6411767,-60.22163773,110.5172348,4220.719268
-57.27708916,120.9459914,-59.08643755,107.5018891,-58.70803833,110.31353,4222.25364
-55.81014012,120.736828,-57.54730331,107.3705426,-57.19044876,110.1162949,4223.798369
-54.32653656,120.5250647,-56.00510625,107.2489865,-55.66693115,109.9236679,4225.345349
-52.85203488,120.3154535,-54.45465132,107.12847,-54.13753891,109.7378006,4226.900481
-51.41814332,120.1105101,-52.88683515,107.006953,-52.60006714,109.5654755,4228.472999
-49.95176693,119.9012939,-51.32049016,106.8834723,-51.05557251,109.4030838,4230.044204
-48.40587135,119.6846334,-49.76621148,106.7635963,-49.50550461,109.2398911,4231.603098
-46.86347362,119.4686398,-48.2029818,106.6536072,-47.949646,109.0772629,4233.170193
-45.41747996,119.2651345,-46.69322766,106.5613408,-46.45563889,108.9272308,4234.682764
-43.95754019,119.0618288,-45.1797934,106.4778258,-44.95603561,108.7815781,4236.1985
-42.49015968,118.8566136,-43.66276083,106.3874555,-43.45092773,108.6400375,4237.718222
-41.00705398,118.6510132,-42.14486406,106.2789924,-41.94050217,108.5011292,4239.239989
-39.51906295,118.445041,-40.62314841,106.1575985,-40.4248085,108.3649368,4240.766539
-38.01610838,118.2386488,-39.09981053,106.0234981,-38.90405273,108.2300186,4242.295768
-36.50603142,118.0312597,-37.57306343,105.8781675,-37.37833405,108.0960617,4243.829417
-34.99159724,117.824418,-36.04257289,105.7167452,-35.84757614,107.9631882,4245.368396
-33.46947792,117.6165437,-34.50923979,105.5414765,-34.31209564,107.8309708,4246.911714
-31.9490579,117.4096975,-32.9696546,105.3644549,-32.7717247,107.7004547,4248.461443
-30.42301132,117.2022429,-31.42528605,105.1940416,-31.2268486,107.5715103,4250.015185
-28.89060726,116.9938464,-29.87729436,105.0265367,-29.67799377,107.4438095,4251.572213
-27.35059699,116.7858921,-28.32662794,104.8584387,-28.12546158,107.3167648,4253.131964
-25.81027384,116.5779624,-26.77135803,104.6909705,-26.56923103,107.1909409,4254.696224
-24.26415595,116.3702876,-25.21334645,104.5214029,-25.00950432,107.0659943,4256.263436
-22.71452766,116.1635203,-23.65179288,104.3522435,-23.44629097,106.9419479,4257.834126
-21.15127002,115.9551144,-22.08979179,104.1826261,-21.87977028,106.8170624,4259.405309
-19.65829926,115.7579866,-20.59494333,104.0219989,-20.38141441,106.6974792,4260.908763
-18.16136862,115.5611841,-19.09753896,103.8594859,-18.88010025,106.5773697,4262.41496
-16.65953851,115.3648433,-17.59769668,103.6978251,-17.37587547,106.4564133,4263.923489
-15.15963334,115.1692835,-16.09351504,103.5351108,-15.8687315,106.335434,4265.436446
-13.65584317,114.9746907,-14.58679716,103.3732606,-14.35882092,106.2142715,4266.951832
-12.15099592,114.7813649,-13.0768365,103.2102544,-12.84615993,106.0932388,4268.470566
-10.64236856,114.5892041,-11.56427117,103.0481725,-11.33069992,105.9721832,4269.99179
-9.131844888,114.3984031,-10.04878112,102.8842991,-9.812502861,105.8512802,4271.516115
-7.62040047,114.2106647,-8.530005041,102.720278,-8.291678429,105.7308884,4273.043722
-6.099663312,114.0225022,-7.011505066,102.5565085,-6.768692017,105.6097717,4274.571028
-4.579640869,113.8376691,-5.489170273,102.3920515,-5.243106842,105.4885406,4276.10222
-3.060203406,113.6544338,-3.963032097,102.2279315,-3.714945555,105.3677979,4277.637157
-1.538411848,113.4708893,-2.434366898,102.0627934,-2.184243917,105.2475815,4279.174716
-0.014151755,113.2904595,-0.903417017,101.8957768,-0.65117234,105.1279373,4280.714749
1.510844479,113.1095936,0.629608799,101.7217015,0.884002507,105.00914,4282.257627
3.038755667,112.9309179,2.163787362,101.5431739,2.421018362,104.8910446,4283.802158
4.57139425,112.7522151,3.69841552,101.3709563,3.959366798,104.7730484,4285.346419
6.102914084,112.5761611,5.235919011,101.2189155,5.498268127,104.655571,4286.891422
7.630753623,112.4023468,6.777003168,101.0856555,7.037562847,104.539444,4288.438257
9.160680193,112.2291953,8.318885261,100.9635357,8.577486992,104.4243774,4289.984967
10.68863314,112.0574378,9.861707661,100.8426186,10.11743641,104.3108292,4291.532521
12.21510366,111.8879325,11.40475149,100.7222204,11.65708542,104.1990891,4293.080255
13.74401789,111.7187763,12.94619857,100.6055561,13.19624615,104.0885925,4294.62611
15.27375028,111.5504629,14.48650302,100.4876149,14.73496151,103.9790955,4296.170923
16.80557366,111.3831805,16.02518366,100.3679702,16.27329826,103.8701096,4297.714249
18.33538334,111.2162068,17.5638302,100.246745,17.81107712,103.7619476,4299.257663
19.86140389,111.0506249,19.10342387,100.1240377,19.34838867,103.655304,4300.802139
21.38586071,110.8862369,20.64226242,100.0008007,20.88473701,103.550354,4302.345905
22.91402266,110.7214185,22.17904828,99.87852692,22.42088127,103.446228,4303.887547
24.44401743,110.55733,23.7138643,99.75573055,23.95631409,103.3424377,4305.427268
25.97237792,110.3922161,25.24895406,99.63311092,25.49142265,103.2392197,4306.967247
27.49755761,110.2278046,26.7842774,99.51098792,27.02562141,103.1371078,4308.50742
29.02452721,110.063386,28.31766709,99.38856347,28.55916214,103.0355606,4310.045689
30.55056379,109.8992901,29.85017931,99.26605162,30.09181786,102.9346085,4311.58309
32.07548494,109.7355085,31.38199795,99.14397976,31.6236248,102.8343124,4313.119765
33.59976562,109.5718993,32.91308379,99.02264913,33.15470886,102.7346497,4314.655651
35.12311337,109.4094297,34.44367765,98.90224521,34.68509674,102.6356888,4316.190973
36.64546256,109.2477704,35.97381097,98.78246971,36.2148056,102.5375137,4317.725787
38.16836197,109.0860211,37.50248307,98.66311538,37.74376297,102.4398346,4319.259111
39.69101134,108.9251452,39.03018944,98.54424007,39.27198029,102.3425522,4320.791436
41.21405256,108.7650863,40.55674707,98.42578294,40.79957581,102.2454376,4322.322583
42.73541224,108.605964,42.0835943,98.30745648,42.32672119,102.1487808,4323.854008
44.25642948,108.4477702,43.60985479,98.18944644,43.85334396,102.0525589,4325.384824
45.77692978,108.2894204,45.13560191,98.0715425,45.37945938,101.9567719,4326.91512
47.29671225,108.13204,46.66110532,97.95398182,46.90512466,101.861496,4328.445146
48.81644583,107.9756185,48.18598823,97.83654067,48.43036652,101.766655,4329.974545
50.33678957,107.8197156,49.70975632,97.71931004,49.95513916,101.6719971,4331.502816
51.85682747,107.6635463,51.23287095,97.60233549,51.47939301,101.5774689,4333.030416
53.37594771,107.507509,52.75590215,97.48534587,53.00323868,101.4831924,4334.557934
54.8954266,107.3526702,54.27796403,97.3679834,54.52662659,101.3889847,4336.084513
56.41575391,107.1983126,55.79871799,97.25103789,56.04953766,101.2945175,4337.609757
57.93726351,107.0445766,57.3177982,97.13365301,57.57191849,101.1993637,4339.133366
59.45890824,106.8912258,58.8359885,97.01611875,59.09381104,101.103363,4340.656099
60.98055833,106.7385326,60.35329579,96.89714847,60.61520767,101.0063934,4342.178064
62.50245167,106.5862431,61.86920814,96.7777103,62.1358757,100.9082184,4343.698674
64.02508809,106.434191,63.38125943,96.65956961,63.65451813,100.8081894,4345.215334
65.55330452,106.2814186,64.89306275,96.54326784,65.17523193,100.7050858,4346.731604
67.0858155,106.1287987,66.40795259,96.4284153,66.69936371,100.5985794,4348.250841
68.61694594,105.9756382,67.92552928,96.31480031,68.2243042,100.4894409,4349.772665
70.14911735,105.8222006,69.44441147,96.20417245,69.75019836,100.3776398,4351.295571
71.6787321,105.6686816,70.96798782,96.10393319,71.27713013,100.2641754,4352.822441
73.2083962,105.5145507,72.49417158,96.00919383,72.8052597,100.149353,4354.351562
74.73801123,105.3606211,74.02188774,95.89986302,74.33478546,100.033577,4355.883186
76.26733332,105.2070156,75.55018218,95.76042999,75.8657608,99.91735077,4357.417827
77.79762489,105.0525495,77.07838431,95.59112832,77.39839935,99.80084229,4358.955379
79.32861052,104.8990938,78.60815967,95.40874527,78.93273926,99.68436432,4360.495988
80.86151308,104.7461042,80.13956562,95.23166382,80.46858978,99.56782532,4362.037598
82.39578729,104.5929207,81.67381466,95.06310882,82.00626373,99.45133209,4363.581078
83.93232188,104.4389336,83.2098824,94.89642455,83.54589844,99.3347702,4365.126163
85.47146165,104.2854536,84.74772104,94.73019567,85.08763885,99.21799469,4366.67296
87.01220348,104.131023,86.28789059,94.56379495,86.63140106,99.10112,4368.222092
88.55753338,103.9760039,87.82808879,94.39754695,88.17732239,98.98339081,4369.771237
90.1036813,103.8192037,89.37120928,94.23171217,89.72519684,98.86513519,4371.323243
91.65248743,103.6631916,90.91595367,94.06604943,91.27513123,98.7461853,4372.876845
93.20228539,103.5062031,92.46385561,93.90080818,92.82717896,98.6268692,4374.433542
94.75414167,103.3492037,94.01383486,93.73555085,94.38127899,98.50719452,4375.992306
96.30927168,103.1915615,95.56478935,93.57083478,95.93746185,98.38677216,4377.551982
97.8662065,103.0349636,97.11838497,93.40657281,97.49578857,98.26573944,4379.114238
99.42622145,102.8779607,98.67316524,93.24256289,99.05622101,98.14378357,4380.677644
100.9899619,102.7215754,100.2281944,93.07926947,100.6185532,98.02035522,4382.241224
102.5568738,102.5648063,101.7842535,92.91592292,102.1829529,97.8950882,4383.805833
104.1258092,102.4089375,103.3424883,92.75285585,103.7493286,97.76802063,4385.372577
105.6965809,102.2527648,104.9031641,92.58990788,105.3177643,97.63923645,4386.941736
107.1944053,102.1036326,106.3912554,92.43460972,106.8132553,97.51501465,4388.437909
108.6936402,101.9556551,107.8819169,92.27961208,108.3105774,97.3894043,4389.936607
110.1932164,101.8076122,109.3760481,92.1244485,109.8096848,97.26289368,4391.438774
111.6920718,101.6592032,110.8747965,91.96883569,111.3106155,97.13630676,4392.945579
113.1937796,101.5114694,112.3744101,91.81349622,112.8134003,97.00933838,4394.453217
114.6990483,101.3635486,113.8736058,91.65816406,114.3178406,96.8813858,4395.960438
116.205775,101.215085,115.374523,91.50323771,115.8238144,96.75248718,4397.46933
117.7132503,101.0668002,116.8778418,91.34804354,117.3312607,96.62290955,4398.980638
119.2227619,100.9184916,118.3820651,91.19284468,118.8401718,96.49247742,4400.492846
120.7331872,100.7696344,119.8885493,91.03751991,120.3506012,96.36138916,4402.007317
122.2446687,100.6206264,121.3972732,90.88233453,121.8625946,96.22982025,4403.524001
123.7579629,100.4710449,122.9072099,90.72724404,123.3761139,96.09767151,4405.041881
125.272917,100.3205623,124.4184789,90.57201529,124.8911514,95.9648819,4406.561102
126.7893092,100.1696622,125.9312914,90.4167563,126.4076538,95.83146667,4408.08186
128.3066686,100.0186876,127.4461684,90.2611862,127.9255981,95.69760132,4409.604704
129.8256022,99.86776812,128.9626346,90.105735,129.4450836,95.5632782,4411.129117
131.3451044,99.71629589,130.4816669,89.94997258,130.9660492,95.42881012,4412.656115
132.8673039,99.56450539,132.0004108,89.79413432,132.4883728,95.29373932,4414.182833
134.3906447,99.41214177,133.5209774,89.63825784,134.0121307,95.15815735,4415.711368
135.914299,99.25992333,135.0445255,89.48195293,135.5373688,95.02248383,4417.242913
137.4403464,99.10739478,136.5681327,89.3257152,137.0639648,94.88636017,4418.77451
138.9697279,98.95451895,138.0908201,89.16976843,138.59198,94.74910736,4420.305163
140.4993878,98.8015857,139.6163614,89.01339112,140.1213531,94.61113739,4421.838698
142.0303194,98.64834606,141.1433799,88.85697181,141.6520538,94.47248077,4423.373707
143.5628743,98.49494293,142.6716441,88.70043331,143.1841736,94.33306885,4424.909967
145.097252,98.34130255,144.2008112,88.54396645,144.7176666,94.19275665,4426.447118
146.6325596,98.18673097,145.7320205,88.38728023,146.2525635,94.05170441,4427.986323
148.1700009,98.0319838,147.2635338,88.23082655,147.7887421,93.90962982,4429.525807
149.7087403,97.87676089,148.7966122,88.07401021,149.3262939,93.76656342,4431.066885
151.2483646,97.72123766,150.3318547,87.91687656,150.8652344,93.62270355,4432.610148
152.7883162,97.56561236,151.8699533,87.75980111,152.4055328,93.47844696,4434.156246
154.3302302,97.40958893,153.4087329,87.60222113,153.9472504,93.33358765,4435.703073
155.8733716,97.25358952,154.9488727,87.4446181,155.4902039,93.18816376,4437.251256
157.4174064,97.09720147,156.4911142,87.28651023,157.0345612,93.04235077,4438.801581
158.9626209,96.94089598,158.0343241,87.12845535,158.5799713,92.89614868,4440.352864
160.5080967,96.78438934,159.5796429,86.9697493,160.1264343,92.74985504,4441.906311
162.0552699,96.62760338,161.1249385,86.8109666,161.6738739,92.60320282,4443.459742
163.6026763,96.47066449,162.6722376,86.65180825,163.22229,92.4564743,4445.015206
165.1521697,96.31327229,164.2192744,86.49255838,164.7718201,92.3092804,4446.570417
166.7018683,96.15575094,165.7679892,86.33339277,166.3221436,92.16188049,4448.12729
168.2526153,95.99797198,167.3168009,86.17397447,167.8731232,92.01413727,4449.684284
169.8032914,95.84015905,168.8669941,86.01440077,169.4246216,91.86629486,4451.242669
171.3545854,95.68214378,170.4177186,85.85414826,170.9767303,91.71833801,4452.801652
172.9067629,95.52392958,171.9683999,85.69377278,172.5293427,91.57012939,4454.360604
174.4603252,95.36549233,173.5182724,85.53315443,174.082428,91.42132568,4455.918777
176.0135228,95.20697317,175.0699559,85.37227921,175.6360168,91.2722702,4457.478778
177.5668914,95.04813341,176.6225096,85.21101257,177.1900787,91.12307739,4459.039685
179.120777,94.88915883,178.1753529,85.04954295,178.7445679,90.97371674,4460.6009
180.675225,94.72999094,179.7284185,84.8878589,180.2994843,90.82413483,4462.162359
182.2303215,94.57053773,181.2816122,84.72590482,181.8548431,90.67424774,4463.723974
183.7857411,94.41093064,182.8353947,84.56364192,183.4106293,90.52410126,4465.286206
185.3413895,94.25128837,184.3899159,84.40112469,184.9668427,90.3737793,4466.849199
186.8981212,94.0913848,185.9438174,84.23840659,186.5234528,90.22301483,4468.411597
188.4548127,93.93144986,187.498803,84.07530146,188.0804596,90.07199097,4469.975114
190.0113667,93.77163108,189.0523572,83.91232515,189.6367798,89.92060852,4471.537193
191.567048,93.61189531,190.6020043,83.74930623,191.190979,89.7685318,4473.095391
193.1252234,93.45193216,192.1546779,83.58615334,192.7478027,89.61537933,4474.656613
194.6838338,93.29200299,193.7083873,83.42266628,194.3052368,89.46144867,4476.2189
196.2408788,93.13216871,195.2657851,83.25890398,195.8631592,89.30758667,4477.784884
197.7985749,92.97228333,196.8239603,83.09491838,197.4217987,89.15379333,4479.351665
199.3568226,92.81226102,198.3826293,82.93078461,198.9809875,89.00007629,4480.918952
200.9152533,92.65235956,199.9425035,82.76654893,200.5407715,88.84659576,4482.487448
202.4747543,92.49278018,201.5022503,82.60225533,202.1011505,88.69316864,4484.055824
204.0347794,92.33287527,203.0625287,82.43800109,203.6620789,88.53979492,4485.624724
205.595895,92.17315218,204.6225138,82.2737245,205.2235413,88.38626099,4487.193335
207.1575313,92.01341724,206.183147,82.10965118,206.785553,88.23258209,4488.762569
208.7199496,91.85400104,207.7439568,81.94534915,208.3480835,88.07867432,4490.332003
210.2832106,91.69449305,209.3053389,81.7814711,209.9113159,87.92446899,4491.901962
211.8467374,91.53528519,210.868251,81.61727242,211.4752808,87.77017212,4493.473476
213.4109938,91.37606577,212.4321111,81.45341916,213.0400391,87.61580658,4495.045896
214.9762675,91.21677246,213.996341,81.28949531,214.6055603,87.46127319,4496.618692
216.5425632,91.05750385,215.5605604,81.12610095,216.1716614,87.30641937,4498.191422
218.1088928,90.89868652,217.1256039,80.96271599,217.7380524,87.15140533,4499.764971
219.6753939,90.74030619,218.6915102,80.79981896,219.3048248,86.99633026,4501.339327
221.2424426,90.58239297,220.257123,80.63699917,220.8717804,86.84108734,4502.913384
222.8105167,90.42462009,221.8218435,80.47472436,222.4389648,86.68536377,4504.486496
224.3775547,90.26724973,223.3891428,80.31209751,224.0064697,86.52973175,4506.06221
225.9452697,90.10972977,224.955872,80.14973436,225.574173,86.37400055,4507.63733
227.5131777,89.95242474,226.5230636,79.98737635,227.1421509,86.21820831,4509.212909
229.0806582,89.79510932,228.091717,79.82537956,228.7104187,86.06264496,4510.789905
230.6486654,89.63795361,229.6604074,79.66368352,230.2790222,85.90722656,4512.366907
232.2167955,89.48091985,231.2294017,79.5024529,231.8478088,85.75199127,4513.944164
233.7860622,89.32397995,232.7973902,79.34144586,233.4169006,85.59658813,4515.520397
235.3551024,89.16716782,234.3663389,79.18038968,234.9862061,85.44121552,4517.09759
236.9245247,89.01039995,235.9353804,79.0195964,236.5557709,85.28582001,4518.674849
238.4941597,88.85382709,237.5047397,78.8586837,238.1255798,85.1304245,4520.252437
240.0639528,88.69721736,239.074531,78.69794972,239.6956482,84.97506714,4521.830435
241.6344922,88.5407719,240.6434187,78.5374916,241.2658081,84.81950378,4523.407507
243.2048424,88.3841706,242.2141243,78.37685835,242.8365479,84.66400146,4524.986405
244.6983757,88.23535762,243.7056291,78.22460825,244.3295288,84.51594543,4526.48566
246.1922003,88.0863684,245.1993628,78.07259295,245.8235168,84.36782074,4527.987109
247.6872148,87.93688044,246.6937107,77.92056366,247.3184967,84.21953583,4529.489171
249.1838534,87.78749951,248.1882626,77.76895206,248.8145142,84.07086945,4530.991393
250.6811954,87.63777129,249.6850875,77.61715819,250.3118286,83.92202759,4532.495895
252.1800603,87.48801703,251.1825092,77.46514961,251.8103027,83.77288818,4534.001012
253.6797336,87.3378997,252.6819254,77.31330786,253.3100281,83.62361145,4535.508097
255.1813119,87.18750524,254.1815472,77.16152385,254.8110046,83.47393799,4537.015381
256.6835573,87.03690238,255.6835818,77.00975071,256.3132935,83.32411957,4538.525064
258.1871574,86.88570063,257.1865603,76.85795063,257.816803,83.17409515,4540.035689
259.6925036,86.73446205,258.6899819,76.70629544,259.3215332,83.02366638,4541.54674
261.1986679,86.58300646,260.195566,76.55452768,260.8275757,82.87302399,4543.059954
262.7060989,86.4311391,261.7028579,76.40289012,262.3350525,82.72221375,4544.574855
264.2145802,86.2790564,263.2115601,76.25118786,263.8437195,82.57131195,4546.091164
265.7245644,86.126359,264.7211951,76.0994546,265.3536987,82.42021179,4547.608406
267.2352408,85.97365471,266.2332453,75.9475251,266.8650208,82.26917267,4549.12807
268.7471256,85.82071109,267.7470304,75.79549033,268.3777771,82.11826324,4550.64947
270.2610924,85.66751371,269.2608012,75.64328554,269.8918457,81.96717834,4552.170874
271.7764577,85.5142686,270.775666,75.49070712,271.407196,81.81587982,4553.693403
273.2924361,85.36090353,272.2929147,75.33805966,272.9238281,81.6646347,4555.218311
274.8098683,85.20744697,273.81135,75.18509013,274.4418335,81.51339722,4556.744432
276.3280836,85.05426203,275.332105,75.03166734,275.9612122,81.3624115,4558.272907
277.8475274,84.90077077,276.8543946,74.87782757,277.4819946,81.21172333,4559.80295
279.3690078,84.74740885,278.3768356,74.72379742,279.0041199,81.06105804,4561.333163
280.8906942,84.59409938,279.9022652,74.56943751,280.5275269,80.91085052,4562.866383
282.4143568,84.44079961,281.4281815,74.41460822,282.0523987,80.76086426,4564.400134
283.9390527,84.28735824,282.9558487,74.25961926,283.5786133,80.61122131,4565.935643
285.46511,84.1339279,284.484845,74.10395719,285.1062317,80.46192169,4567.472543
286.9927026,83.98023249,286.0148346,73.9483627,286.6352234,80.31288147,4569.010424
288.5214188,83.82666731,287.5462883,73.79240777,288.1654968,80.16416931,4570.549797
290.0514425,83.67311645,289.0791052,73.63596414,289.6971436,80.01579285,4572.090577
291.5830868,83.51961493,290.6125693,73.47944111,291.230072,79.86761475,4573.632009
293.1152969,83.36609099,292.1487429,73.32259904,292.7644043,79.71995544,4575.176169
294.649309,83.21269357,293.6854721,73.16563042,294.3001099,79.57263184,4576.720894
296.1847052,83.05944584,295.223254,73.0085857,295.8370972,79.42560577,4578.266674
297.7206381,82.90598333,296.7635852,72.85114307,297.3754272,79.27918243,4579.81503
299.2586146,82.75288107,298.304074,72.69346842,298.9151306,79.13307953,4581.363568
300.7972811,82.59969534,299.8469952,72.53572322,300.4562073,78.98756409,4582.914532
302.3381511,82.44671694,301.3895406,72.37787869,301.9985657,78.84225464,4584.465132
303.8798007,82.29380931,302.9342491,72.21980899,303.5422363,78.69736481,4586.017907
305.4233762,82.14098094,304.4793044,72.06159114,305.0872803,78.55265045,4587.571042
306.9686553,81.98806053,306.0248558,71.90321904,306.633606,78.4079361,4589.124686
308.5144829,81.83505659,307.5730018,71.74463917,308.1812439,78.26353455,4590.680933
310.061504,81.68193851,309.122677,71.58616686,309.7302246,78.11949158,4592.23869
311.6101303,81.52852844,310.6731829,71.42745045,311.2805786,77.97568512,4593.797298
313.1602156,81.37503764,312.2245976,71.26869399,312.8322144,77.83203888,4595.356815
314.7114987,81.22133533,313.777373,71.10988658,314.3851318,77.68857574,4596.91769
316.2636363,81.06741497,315.3323553,70.95094449,315.9394226,77.54549408,4598.480774
317.8177863,80.91287306,316.887252,70.79220212,317.4950256,77.40246582,4600.043753
319.3726216,80.75800367,318.4443893,70.63298848,319.0519104,77.25973511,4601.609009
320.9289115,80.60270942,320.0023916,70.47397444,320.6100769,77.11720276,4603.175105
322.4868695,80.4470054,321.5607844,70.31489467,322.1694946,76.97467041,4604.741596
324.0466246,80.29089028,323.1193704,70.1557523,323.7301636,76.83188629,4606.308285
325.6070602,80.1341816,324.6802811,69.99645856,325.2921143,76.68909454,4607.877303
327.1693294,79.9771408,326.2412586,69.83739986,326.8552856,76.54602051,4609.446364
328.7327473,79.81971678,327.8034905,69.67821534,328.4196472,76.40267944,4611.016685
330.2973616,79.66178601,329.3670395,69.51889233,329.98526,76.25907898,4612.58833
331.8631425,79.50334837,330.9319023,69.35977542,331.5520935,76.11523438,4614.161262
333.4299129,79.34460502,332.4984193,69.20058823,333.1201477,75.97124481,4615.735846
334.9980652,79.18517258,334.0658516,69.04133948,334.6894531,75.82702637,4617.311347
336.5666701,79.02553065,335.636249,68.88200488,336.2600708,75.68296051,4618.889807
338.1363296,78.86571984,337.2082212,68.72269446,337.8319397,75.53913116,4620.469831
339.7079097,78.70593769,338.7798285,68.56325841,339.4049683,75.39519501,4622.049505
341.2801123,78.54566203,340.354118,68.40371206,340.9793396,75.25144958,4623.631859
342.853693,78.38523748,341.9291405,68.24388785,342.5549011,75.10781097,4625.214969
344.4281913,78.22466944,343.5061279,68.0840824,344.1317444,74.96443176,4626.800033
345.9218393,78.07265846,344.9993005,67.93264971,345.6266785,74.82842255,4628.300865
347.4159674,77.9204819,346.4951,67.78111605,347.1228027,74.69254303,4629.80432
348.9116697,77.76825535,347.9911019,67.62966165,348.6200562,74.55659485,4631.307969
350.4085922,77.61589791,349.4877646,67.47822531,350.1183472,74.42050171,4632.812274
351.9065861,77.46343931,350.9858045,67.32695115,351.6177979,74.28429413,4634.317932
353.4064552,77.31105409,352.483096,67.1756965,353.1182556,74.14759827,4635.822844
354.9075204,77.15862818,353.9814029,67.02457758,354.619812,74.01037598,4637.328753
356.4100116,77.00599583,355.4798944,66.87318232,356.1223755,73.87245178,4638.834873
357.9135121,76.85337332,356.9797461,66.72177603,357.6260071,73.73387146,4640.342347
359.4180418,76.70060593,358.4809852,66.57049168,359.1307373,73.59468079,4641.85119
360.9230567,76.54779763,359.9843528,66.41882837,360.6364441,73.45513916,4643.362188
362.4285471,76.39472247,361.4903937,66.26721905,362.1433105,73.31555176,4644.875841
363.9362405,76.241222,362.994996,66.11576054,363.6512451,73.17537689,4646.388047
365.444016,76.08765559,364.5030032,65.96392462,365.1602783,73.03511047,4647.903679
366.9535183,75.93402779,366.0105623,65.81214493,366.6703491,72.89443207,4649.418859
368.4634706,75.78017711,367.5205911,65.66018885,368.181488,72.75363922,4650.936514
369.9746823,75.62619658,369.0314586,65.50810883,369.6937561,72.61266327,4652.455017
371.4869278,75.47207074,370.5434632,65.35574771,371.2070923,72.4715271,4653.974678
373.0001929,75.31795311,372.0566916,65.20339086,372.7214966,72.33026123,4655.495557
374.5153322,75.16363711,373.5689529,65.05079941,374.236908,72.18844604,4657.015498
376.0307487,75.00921104,375.0841955,64.89826555,375.7533875,72.04647827,4658.538398
377.5480011,74.85464135,376.5986328,64.74525891,377.2709045,71.90396881,4660.060545
379.0666685,74.69994254,378.1132987,64.59261828,378.7894287,71.76073456,4661.582883
380.5863284,74.54529772,379.6291692,64.43951491,380.30896,71.61681366,4663.106466
382.1068646,74.39033059,381.1467476,64.28616186,381.8295898,71.47232056,4664.631773
383.6282357,74.23529928,382.6658804,64.13287387,383.3512268,71.32736969,4666.15862
385.1501266,74.08021095,384.1875341,63.97916442,384.8739624,71.18225861,4667.688017
386.6724129,73.92502585,385.7118039,63.82497767,386.3977661,71.03733063,4669.220065
388.1957783,73.76977228,387.2370213,63.67043353,387.9226379,70.8925705,4670.753092
389.7208533,73.61409969,388.7613465,63.5158246,389.4484863,70.74758911,4672.285238
391.2468935,73.45826034,390.28728,63.36075123,390.9754944,70.6024704,4673.819031
392.7743914,73.30208371,391.813235,63.20588291,392.50354,70.45700073,4675.352825
394.3020662,73.14561613,393.3422714,63.05051943,394.0326233,70.31162262,4676.889734
395.8313775,72.98859354,394.8709667,62.89512147,395.5628052,70.16602325,4678.426308
397.3622506,72.83163895,396.3998138,62.7395533,397.0941162,70.01998901,4679.963049
398.8937606,72.67481427,397.9314144,62.58354171,398.6266479,69.87384033,4681.502575
400.4270976,72.51825738,399.4628595,62.42753833,400.1604004,69.72727966,4683.041946
401.9620017,72.36141772,400.9946093,62.27132775,401.695343,69.58011627,4684.58164
403.4973769,72.20460774,402.5295837,62.11486398,403.2315063,69.43276978,4686.124568
405.0345198,72.04775575,404.0644801,61.95842221,404.7688904,69.28495789,4687.667417
406.5726784,71.89083007,405.6009826,61.80164392,406.3074341,69.13677979,4689.211897
408.1117268,71.73405579,407.1390277,61.6447838,407.8470154,68.98834991,4690.75792
409.6523295,71.57690034,408.67627,61.4879215,409.3874817,68.83931732,4692.303145
411.1927005,71.41997256,410.2171861,61.33071729,410.928772,68.69029236,4693.852059
412.7346755,71.2629459,411.7571798,61.17373628,412.4709473,68.5408783,4695.400033
414.2781325,71.1059837,413.2960268,61.01661262,414.0138245,68.39069366,4696.946881
415.8220415,70.94887416,414.837172,60.85944693,415.5576172,68.23999786,4698.496019
417.3669247,70.79151646,416.3783295,60.70242318,417.1020813,68.08866119,4700.045155
418.9126954,70.63462762,417.9204569,60.54516732,418.6473694,67.93669128,4701.59528
420.4594612,70.47791674,419.4627915,60.38793081,420.1933594,67.78398132,4703.145609
422.006682,70.32127477,421.0066943,60.2304089,421.7400513,67.63070679,4704.697527
423.5544058,70.16474895,422.5513838,60.07302173,423.287262,67.47692871,4706.250214
425.1023506,70.00838332,424.0952768,59.91574612,424.8343506,67.32255554,4707.802097
426.6496206,69.85218294,425.6400589,59.75855745,426.381134,67.16784668,4709.354856
428.1964862,69.69625328,427.183558,59.60144303,427.9272156,67.01271057,4710.90633
429.7422398,69.54055307,428.7276206,59.44440376,429.4725952,66.85740662,4712.458358
431.2874145,69.38503769,430.2701473,59.28768186,431.0170898,66.70180511,4714.008826
432.831224,69.22957439,431.8130201,59.13089175,432.5606689,66.5461731,4715.559645
434.3732251,69.07433047,433.3575366,58.97398985,434.1033936,66.39103699,4717.112111
435.9150763,68.91933004,434.8987778,58.81753279,435.6451111,66.2359314,4718.661273
437.4551634,68.76432919,436.4418059,58.66096773,437.1860657,66.08137512,4720.212224
438.9942736,68.6095652,437.9839583,58.5046107,438.7261047,65.92739868,4721.762282
440.5325651,68.45486254,439.5244536,58.34849713,440.2651367,65.77388,4723.310668
442.0700105,68.30054587,441.0640379,58.19258917,441.8033142,65.6207962,4724.858126
443.6069452,68.14576779,442.6012051,58.03699082,443.3405151,65.46785736,4726.403148
445.142863,67.99166032,444.1374155,57.88155083,444.8766785,65.31508636,4727.947203
446.6779768,67.83755542,445.6720579,57.72630731,446.4118347,65.16236115,4729.489677
448.2121191,67.68371274,447.2056666,57.57121144,447.9459839,65.00967407,4731.031108
449.7449037,67.52997442,448.739403,57.41608368,449.479187,64.8572464,4732.57267
451.2766925,67.37639072,450.2722081,57.261438,451.0114136,64.70508575,4734.113256
452.8076538,67.22284757,451.8034796,57.10701254,452.5426331,64.55308533,4735.652295
454.3370355,67.06961701,453.3351316,56.95251611,454.0728149,64.40155029,4737.191719
455.865317,66.91653288,454.8664681,56.79821616,455.6021423,64.25057983,4738.73081
457.394187,66.76339655,456.3924883,56.64437158,457.1304626,64.09928894,4740.264565
458.9210081,66.61059048,457.9205169,56.49057208,458.6578064,63.94829178,4741.800314
460.4467047,66.45771653,459.4478579,56.33701317,460.1841736,63.79764938,4743.335355
461.9722163,66.30490388,460.9718559,56.1836998,461.7095032,63.64688873,4744.867046
463.4963361,66.15200178,462.4965798,56.03084965,463.2340088,63.49629974,4746.399412
465.0194422,65.99918288,464.0200507,55.87804336,464.7574463,63.34587097,4747.930527
466.5413249,65.84648572,465.543277,55.72521051,466.2799377,63.19573975,4749.461401
468.0623198,65.69379229,467.0652258,55.57273211,467.8014526,63.04584503,4750.990969
469.5820567,65.5412481,468.5874393,55.42014355,469.3221436,62.89640427,4752.520811
471.1013716,65.38868362,470.1070754,55.26778517,470.8418579,62.74710464,4754.048066
472.6197089,65.23619297,471.6255279,55.11587804,472.3605347,62.59791565,4755.574098
474.1372418,65.08357541,473.1438337,54.96406642,473.8786011,62.44889069,4757.099975
475.6545934,64.93119837,474.6597391,54.81235587,475.395874,62.29971695,4758.623453
477.1698036,64.77890206,476.1787948,54.66036568,476.9124451,62.15118408,4760.150093
478.6856463,64.62677298,477.6936031,54.50891507,478.4283447,62.00255203,4761.672454
480.2008438,64.47462255,479.2074682,54.35741881,479.943512,61.85378265,4763.19388
481.7142759,64.32287643,480.7240446,54.2057559,481.4580994,61.7055397,4764.718021
483.2275891,64.17138411,482.2378279,54.05441473,482.9718628,61.55744553,4766.239351
484.740109,64.01981641,483.7514045,53.90286923,484.4850159,61.40956879,4767.760495
486.2521898,63.86862163,485.2635305,53.75181329,485.9974365,61.26176834,4769.280147
487.7638123,63.71753789,486.7741838,53.60067723,487.5091248,61.11389542,4770.798342
489.2745445,63.56611974,488.2848074,53.44956747,489.0201721,60.96606445,4772.316505
490.7850335,63.4152417,489.7934076,53.29859747,490.5304565,60.8180275,4773.83264
492.2946808,63.26430168,491.3016443,53.14782504,492.0400085,60.6698494,4775.348394
493.80419,63.1133511,492.8075954,52.99706504,493.5488281,60.52120972,4776.861873
495.3131125,62.96262465,494.312559,52.84659664,495.0568848,60.37205124,4778.37434
496.8201125,62.81201628,495.8208633,52.69578029,496.5643921,60.22314453,4779.890165
498.3276063,62.66162163,497.3247735,52.5452364,498.0710754,60.07378769,4781.401592
499.8343353,62.51123747,498.8285406,52.39461032,499.5771179,59.92405701,4782.912884
501.339852,62.36121415,500.3334265,52.24383895,501.0825195,59.77430725,4784.425304
502.8449274,62.21131512,501.8369445,52.09305942,502.5872192,59.62440872,4785.936363
504.3492227,62.06171196,503.3403303,51.94224587,504.0912781,59.47445679,4787.447294
505.8522982,61.91223193,504.8443402,51.79135637,505.5946045,59.32473755,4788.958854
507.3550495,61.76296931,506.3477175,51.64021505,507.0975342,59.17517853,4790.46981
508.8575778,61.61404566,507.8498425,51.48944281,508.5999451,59.02563858,4791.979483
510.3597063,61.46499596,509.352881,51.33837503,510.1023254,58.87626648,4793.490094
511.8612984,61.31566214,510.8556427,51.18738658,511.6042786,58.7271347,4795.000422
513.3626151,61.16669809,512.3588125,51.03619336,513.1061401,58.57831955,4796.511176
514.8646387,61.01766772,513.8598639,50.88535008,514.6079712,58.42938995,4798.019788
516.3673481,60.86855099,515.3591001,50.73469252,516.1098022,58.27996826,4799.526575
517.869776,60.71941287,516.8590187,50.58377686,517.6115723,58.13020706,4801.034066
519.371389,60.57036598,518.360597,50.43277661,519.1131592,57.98048782,4802.543218
520.87306,60.42119648,519.8604001,50.28197229,520.6143188,57.83055878,4804.050584
522.3743282,60.27212613,521.3598186,50.13120521,522.1150513,57.68042374,4805.557563
523.8749043,60.12314651,522.8611928,49.98015272,523.6157837,57.53043747,4807.066517
525.3756979,59.97405067,524.3618903,49.82906433,525.1165161,57.38046646,4808.574801
526.8764551,59.82474676,525.8626426,49.67816203,526.6172485,57.23051834,4810.083121
528.3774378,59.67548815,527.3627929,49.52728493,528.117981,57.08047104,4811.590839
529.8779054,59.5259332,528.8642648,49.37616229,529.6187134,56.9305954,4813.099897
531.3788022,59.37623563,530.3645242,49.22550861,531.1194458,56.78063965,4814.607702
532.8794749,59.22617165,531.865296,49.07462871,532.6201782,56.6307106,4816.116039
534.3801273,59.07565105,533.3659971,48.92382051,534.1209106,56.480793,4817.624298
535.8813744,58.92522875,534.8651305,48.77316342,535.6216431,56.33056641,4819.130983
537.3816566,58.7748948,536.3669895,48.6223399,537.1223755,56.18058014,4820.640396
538.882555,58.62447559,537.8671045,48.47182889,538.6231079,56.03047943,4822.148043
540.3839551,58.47379771,539.3658497,48.32144086,540.1238403,55.87998199,4823.654314
541.8833798,58.32298554,540.8699995,48.17065315,541.6245728,55.73018265,4825.166003
543.3840471,58.17176559,542.3704673,48.02027854,543.1253052,55.58034134,4826.673987
544.884569,58.02053147,543.8711245,47.87003701,544.6259766,55.43051147,4828.182147
546.3845497,57.86882306,545.3719494,47.7195449,546.1263428,55.28081894,4829.690498
547.8849821,57.71639278,546.8720215,47.56924543,547.6268921,55.13102341,4831.198081
549.3850787,57.56343648,548.3706134,47.41904159,549.1268311,54.9810257,4832.704181
550.8845512,57.40996397,549.8715106,47.26852096,550.6269531,54.83117676,4834.212607
552.3836901,57.2569595,551.3715535,47.11805588,552.1265869,54.68147278,4835.720178
553.8835287,57.10389667,552.8696415,46.96760309,553.6262207,54.53147125,4837.225802
555.3839173,56.9507209,554.3663276,46.81735507,555.1258545,54.38087845,4838.73001
556.8826938,56.7975793,555.8675794,46.66653649,556.6254883,54.23061752,4840.238819
558.3825697,56.64408458,557.3656413,46.5160217,558.1251221,54.08004379,4841.744423
559.882913,56.49061306,558.862537,46.3654094,559.6247559,53.92891693,4843.248877
561.3826302,56.33703067,560.3612885,46.21450807,561.1243896,53.77760696,4844.755206
562.882278,56.18319579,561.8601866,46.06319357,562.6240234,53.62614822,4846.261722
564.3811214,56.02973312,563.358442,45.9118152,564.1228638,53.47465134,4847.767606
565.8802151,55.87622555,564.854867,45.76020656,565.6213989,53.32276154,4849.271691
567.3779286,55.72297761,566.3522573,45.60811076,567.1191406,53.17088699,4850.776786
568.8746428,55.5700454,567.8512862,45.45541882,568.6165771,53.01938248,4852.283571
570.370121,55.41714847,569.3508075,45.30258833,570.1132813,52.86854935,4853.790861
571.8652738,55.26478121,570.8497492,45.14960872,571.6096191,52.71832275,4855.297589
573.359962,55.11252247,572.3470341,44.99681527,573.1052246,52.56856155,4856.80265
574.8558911,54.96024949,573.8393759,44.84418568,574.6004639,52.41831207,4858.302776
576.3496535,54.80823161,575.3346932,44.69132303,576.0948486,52.26839066,4859.805887
577.8430221,54.65583687,576.8278983,44.53855268,577.5884399,52.11853027,4861.306886
579.3362779,54.50388395,578.3183332,44.38618062,579.0811768,51.96834564,4862.80509
580.9115647,54.34376344,579.8909508,44.22522648,580.6559448,51.80950546,4864.385922
582.4847121,54.18386584,581.4655151,44.06431024,582.2296143,51.65101242,4865.968688
584.0561315,54.02418546,583.0413378,43.90330029,583.8023682,51.49331665,4867.552715
585.6273883,53.86494851,584.6142567,43.74262235,585.3742676,51.33598709,4869.133819
587.1982866,53.70574692,586.1846276,43.58233253,586.9452515,51.17868423,4870.71235
588.768173,53.54687398,587.7535748,43.42278715,588.5150757,51.0213623,4872.289388
590.336668,53.3885021,589.3214802,43.26351472,590.0835571,50.8640976,4873.865362
591.9040244,53.23029065,590.8880229,43.10482873,591.6508179,50.7068367,4875.439922
593.4710518,53.07191402,592.4506857,42.94712776,593.2167969,50.54901886,4877.010522
595.0356796,52.91427005,594.0158457,42.78968249,594.7815552,50.3914032,4878.583581
596.5996424,52.75690472,595.5785519,42.63299017,596.3451538,50.2336998,4880.154123
598.1611639,52.59987636,597.1431124,42.47656129,597.9074097,50.07659149,4881.726484
599.7222971,52.44298067,598.7047303,42.32088278,599.4686279,49.9196434,4883.295843
601.2812795,52.28646338,600.267522,42.16527262,601.0285645,49.76339722,4884.866363
602.8377212,52.13009581,601.8330538,42.0101169,602.5874023,49.60864258,4886.439564
604.3937369,51.97375535,603.3953413,41.85530644,604.1452026,49.45493317,4888.009503
605.9480759,51.81786594,604.9581727,41.70102568,605.7019653,49.30260849,4889.579931
607.5008122,51.66199529,606.5206195,41.54698844,607.2575684,49.1518631,4891.149953
609.0530859,51.50637605,608.0804453,41.39331539,608.8122559,49.00233841,4892.71733
610.6050902,51.35064402,609.6369474,41.24063473,610.3659668,48.85355377,4894.281303
612.154705,51.19559808,611.195677,41.08769312,611.9185181,48.70624924,4895.847518
613.7033642,51.04093165,612.7523288,40.93525176,613.4699097,48.56024933,4897.411616
615.2514474,50.88658862,614.3067919,40.78308497,615.0203857,48.4152832,4898.973509
616.7985819,50.73255675,615.8597522,40.63136523,616.5698242,48.27127457,4900.533863
618.3443587,50.57886568,617.4114475,40.47983407,618.117981,48.12826157,4902.09294
619.888544,50.42534721,618.964424,40.32830564,619.6653442,47.98664093,4903.653291
621.4337277,50.27197349,620.5091083,40.1775729,621.2114258,47.84502411,4905.205313
622.9766938,50.11854947,622.0566806,40.0265583,622.7565918,47.7041626,4906.760235
624.5195132,49.96564329,623.5997939,39.87610295,624.3005371,47.56342316,4908.310666
626.061045,49.81296404,625.1423776,39.72545642,625.8433838,47.42291641,4909.860588
627.6008359,49.6606386,626.6863168,39.57492849,627.3852539,47.28310776,4911.411848
629.1396122,49.50862267,628.2277768,39.42439655,628.9257813,47.14381027,4912.960641
630.6772093,49.35677508,629.7685367,39.27398131,630.465271,47.00506973,4914.508725
632.2134594,49.20532761,631.3068809,39.1234302,632.0031738,46.86677933,4916.054419
633.7480469,49.0538258,632.8462636,38.97322946,633.5401001,46.72929001,4917.601112
635.2816595,48.90264257,634.3824827,38.82300737,635.0755615,46.59231567,4919.144658
636.814426,48.75129739,635.9148803,38.67333763,636.6094971,46.45539856,4920.684348
638.3456927,48.60025007,637.446986,38.52341851,638.1422119,46.3187027,4922.223771
639.8763995,48.4492048,638.9751963,38.37375954,639.673584,46.18172836,4923.759292
641.4051957,48.29853897,640.5043316,38.22409195,641.2036743,46.04490662,4925.295734
642.9329785,48.14775494,642.0301818,38.07440251,642.7322388,45.90791321,4926.828909
644.4596927,47.99688435,643.5535835,37.92502338,644.2593994,45.77052307,4928.359617
645.9852355,47.84606107,645.0751774,37.77527216,645.7852173,45.63264084,4929.888563
647.5080001,47.69546522,646.6006518,37.62548653,647.3097534,45.49527359,4931.421373
649.0302332,47.54514056,648.1214408,37.47553699,648.8328247,45.35781479,4932.949537
650.5507197,47.39453529,649.6429975,37.32572666,650.3547363,45.22061157,4934.478451
652.0699743,47.24431628,651.1601834,37.17614944,651.8746948,45.0832634,4936.002992
653.5867757,47.0941197,652.6800999,37.02610394,653.3933716,44.94649887,4937.530297
655.1026269,46.94386212,654.1965992,36.8764602,654.9105835,44.8099556,4939.054161
656.6178026,46.79380249,655.7075297,36.72702796,656.4260254,44.67292404,4940.572463
658.1303872,46.64354986,657.2207402,36.57757409,657.9399414,44.53611374,4942.093036
659.6425912,46.49349965,658.7275853,36.42848552,659.4521484,44.39863968,4943.607239
661.1533164,46.343307,660.2323687,36.27954515,660.9627075,44.26040649,4945.119375
662.6621562,46.19351187,661.7369888,36.13036092,662.4716797,44.1216774,4946.631373
664.1694804,46.04345569,663.2390294,35.98146447,663.9788818,43.98230362,4948.140776
665.6752467,45.89349453,664.7399298,35.83263184,665.4845581,43.84232712,4949.649038
667.1796688,45.74347066,666.2380119,35.68402625,666.9885254,43.7015419,4951.154472
668.6825905,45.59327238,667.7349862,35.5352031,668.4910278,43.55998611,4952.658826
670.1831691,45.44344675,669.2329806,35.38649441,669.9918213,43.41819,4954.164184
671.6821476,45.29338119,670.7294578,35.23793021,671.4910278,43.27614975,4955.668017
673.1804399,45.14381114,672.2213469,35.08981408,672.9886475,43.13328552,4957.167241
674.675951,44.99423363,673.7177742,34.94125832,674.4849854,42.99066544,4958.671024
676.169289,44.84484995,675.2144528,34.79278636,675.9796753,42.84868622,4960.175049
677.7397484,44.68783785,676.7874705,34.63676409,677.5513916,42.6997757,4961.755785
679.3089916,44.53077193,678.3575936,34.48097021,679.121582,42.55112839,4963.333619
680.8757211,44.37412652,679.9287527,34.32514141,680.6900024,42.40332794,4964.912486
682.4400341,44.21766545,681.5020335,34.16901107,682.257019,42.25705338,4966.493495
684.003512,44.06091453,683.0708246,34.01353772,683.8225708,42.11172485,4968.069971
685.5659254,43.90429807,684.636623,33.85832652,685.3867188,41.96703339,4969.643444
687.1274622,43.74765548,686.1975776,33.70359705,686.9492188,41.82237625,4971.212048
688.6876755,43.59117179,687.7550813,33.54911863,688.5099487,41.67743301,4972.777194
690.2461257,43.43526681,689.3120036,33.3946512,690.0690918,41.53237915,4974.34176
691.8025659,43.27941598,690.8696475,33.24003856,691.62677,41.38763046,4975.907059
693.3584887,43.12369211,692.4198882,33.08569932,693.1825562,41.24215698,4977.464964
694.9114811,42.96767425,693.972522,32.93121605,694.7364502,41.09678268,4979.025264
696.463554,42.81196671,695.5160945,32.77719237,696.2877808,40.95030975,4980.576502
698.0117037,42.65655835,697.0597158,32.62306842,697.8358765,40.80342484,4982.127798
699.555815,42.50194223,698.597666,32.46957911,699.3795166,40.65599823,4983.673389
701.0937199,42.34781658,700.1299733,32.31634975,700.9169922,40.50828934,4985.213338
702.625606,42.19439407,701.6559376,32.16351827,702.4483032,40.36026001,4986.746937
704.1505924,42.04176006,703.1788472,32.01062199,703.9733887,40.2125206,4988.277502
705.6698505,41.88999852,704.694367,31.8582389,705.4923706,40.06481552,4989.800664
707.1823727,41.73878512,706.2065367,31.70563389,707.005249,39.9176712,4991.320514
708.6891179,41.58839533,707.7122988,31.55348041,708.512207,39.77098083,4992.833944
710.1895606,41.4390228,709.2135582,31.40113163,710.0131836,39.62503815,4994.342914
711.6841817,41.28985341,710.7082468,31.24920632,711.5082397,39.47972107,4995.845304
713.2479842,41.13422425,712.2682276,31.09022434,713.0717163,39.32720947,4997.413365
714.804965,40.97936737,713.8231623,30.93155341,714.6286621,39.17507553,4998.976375
716.3556403,40.8250979,715.3710318,30.77330199,716.1791382,39.02320099,5000.532313
717.9006734,40.67163128,716.9092773,30.61600993,717.7231445,38.87097549,5002.078579
719.439849,40.51882792,718.44342,30.45899846,719.2615356,38.71859741,5003.620736
720.9752357,40.36656976,719.9786299,30.30194394,720.7969971,38.56655502,5005.163958
722.5149071,40.213961,721.5136608,30.14488886,722.3358765,38.41353226,5006.707002
724.0670824,40.06013391,723.0644528,29.98674327,723.8878174,38.25906372,5008.265837
725.6108436,39.90719925,724.6053366,29.82985924,725.4310303,38.10508347,5009.814687
727.1451031,39.7553415,726.1397225,29.67391313,726.965271,37.95207977,5011.356977
728.670364,39.60449655,727.6687702,29.51907294,728.4912109,37.80053711,5012.893845
730.1873151,39.45430379,729.1873254,29.36578355,730.0084839,37.65014267,5014.420117
731.6954521,39.3049398,730.6995932,29.2134881,731.5174561,37.50123215,5015.940034
733.1955382,39.15653725,732.2013589,29.0627251,733.0179443,37.35344315,5017.449349
734.7581594,39.00192191,733.7649806,28.90572193,734.5808716,37.19969559,5019.020833
736.3111128,38.8484406,735.321917,28.74976304,736.1347046,37.04749298,5020.585561
737.8541594,38.69618619,736.874524,28.59419621,737.6797485,36.89766312,5022.145942
739.3891755,38.54450639,738.4147007,28.44007606,739.2160645,36.74950027,5023.693811
740.9160497,38.39313322,739.9424619,28.287103,740.7435303,36.60234833,5025.229212
742.4340092,38.24302172,741.4617355,28.13494957,742.262146,36.45627594,5026.756085
743.9438428,38.09392954,742.9697076,27.98378748,743.7720337,36.31079483,5028.271615
745.4441343,37.94552196,744.4733798,27.83281911,745.2733765,36.16667557,5029.782846
747.0048378,37.79100773,746.02907,27.6762793,746.8336182,36.01615906,5031.346393
748.5550463,37.63733912,747.5809508,27.51998459,748.3845825,35.86683273,5032.906124
750.0962344,37.48499683,749.1224662,27.36431812,749.9262695,35.71849823,5034.455479
751.6295405,37.33361828,750.647074,27.20969623,751.458374,35.56981659,5035.987908
753.153883,37.18268732,752.1621612,27.05615768,752.9813232,35.42066956,5037.510755
754.6701804,37.03275123,753.6643839,26.90362496,754.4951782,35.2703476,5039.020702
756.1744423,36.88384374,755.1708265,26.75063019,755.9998779,35.12131882,5040.534893
757.6719464,36.73595937,756.6600054,26.59923075,757.4958496,34.97197723,5042.031749
759.2238023,36.58282625,758.2111484,26.44127717,759.0474854,34.8170433,5043.590913
760.7653983,36.43027699,759.7570584,26.28389003,760.5898438,34.66376495,5045.144814
762.2995521,36.27860672,761.2838683,26.1281354,762.1226196,34.51039124,5046.679548
763.824205,36.127453,762.8036909,25.97305514,763.6463013,34.35726166,5048.207262
765.3411835,35.9771937,764.3078072,25.81966799,765.1607056,34.20319366,5049.719179
766.8468596,35.82709613,765.8134796,25.66606233,766.6661377,34.05009079,5051.232667
768.3451692,35.67799085,767.3024303,25.51387764,768.1624146,33.89658737,5052.729375
769.8957326,35.5229536,768.8470422,25.35650508,769.7114868,33.73679733,5054.281983
771.436867,35.36884568,770.3818629,25.19984481,771.2509766,33.57707977,5055.824778
772.9683334,35.21529479,771.9078005,25.04424203,772.7808838,33.41755676,5057.358629
774.4896286,35.06272838,773.4270394,24.88931869,774.3012085,33.25876236,5058.885746
776.0034701,34.91064349,774.9300455,24.73595585,775.8123779,33.09933472,5060.396556
777.5073606,34.75964005,776.426885,24.58328079,777.3141479,32.93988419,5061.901162
779.0026497,34.60918867,777.9111692,24.43192348,778.8064575,32.77983856,5063.393144
780.5486704,34.45344504,779.4447461,24.27556496,780.348999,32.61252975,5064.934671
782.0861185,34.29870368,780.9636798,24.12054728,781.8815308,32.44352341,5066.461494
783.6134889,34.14461031,782.4759761,23.96630046,783.4043579,32.2733345,5067.981636
785.1312721,33.99198539,783.9788337,23.81301549,784.9172974,32.10204315,5069.492291
786.6400326,33.8396999,785.472617,23.66092364,786.4209595,31.92958641,5070.993797
788.1416473,33.6888416,786.9483637,23.51081152,787.914856,31.75444031,5072.477159
789.6920497,33.53224361,788.4694304,23.35723037,789.4561768,31.56923676,5074.005959
791.2367247,33.37601858,789.9661136,23.20727862,790.9870605,31.37794876,5075.510136
792.7723184,33.22102975,791.4534469,23.05892352,792.5075073,31.18062019,5077.004849
794.29901,33.06706662,792.931584,22.91308251,794.0175781,30.97726059,5078.490164
795.8153293,32.91445215,794.407211,22.76860058,795.5175781,30.76907921,5079.972847
797.3241737,32.76241523,795.8697323,22.62705047,797.0074463,30.55528069,5081.442202
798.8841759,32.60508588,797.3628748,22.48484039,798.5413818,30.32469559,5082.942102
800.4344102,32.44846158,798.8505631,22.34440233,800.0640869,30.08600616,5084.436404
801.9792373,32.29250032,800.3211811,22.20874573,801.5755615,29.83747673,5085.913266
803.5155644,32.13722413,801.7843543,22.07481631,803.0755005,29.57941628,5087.382556
805.0445724,31.98237572,803.2383939,21.94039159,804.564209,29.31165314,5088.842796
806.567545,31.82796558,804.6809056,21.80694759,806.0414429,29.03353691,5090.291467
808.1384313,31.66847412,806.1641944,21.6694443,807.559021,28.73390198,5091.781115
809.7043311,31.50936749,807.6351153,21.52882945,809.064209,28.42183876,5093.258742
811.2650678,31.35058484,809.0950363,21.3831575,810.5567017,28.09690475,5094.725913
812.8186219,31.19225614,810.5500886,21.23402616,812.0366821,27.759758,5096.188587
814.3683191,31.0346419,811.9956257,21.08106535,813.5042725,27.40991974,5097.642195
815.9676991,30.87202867,813.4807532,20.91626906,815.0089722,27.03404617,5099.136437
817.5641291,30.70705456,814.9563497,20.74622676,816.5003052,26.64361,5100.621799
819.1567936,30.53748078,816.4239389,20.57105774,817.9779663,26.23842621,5102.099805
820.7472658,30.36776619,817.8832647,20.38588495,819.4419556,25.81837845,5103.570832
822.3350662,30.1909678,819.3330208,20.1876758,820.8922119,25.38314819,5105.034075
823.9154297,29.99606213,820.7763858,19.97984889,822.3286743,24.93296623,5106.492326
825.5392796,29.7787601,822.2622566,19.75135541,823.798645,24.45256996,5107.995663
827.1561293,29.54471294,823.7374364,19.50202037,825.2540283,23.95713425,5109.491765
828.7597422,29.28068334,825.2023374,19.23104962,826.6947632,23.44713783,5110.981517
830.3478435,28.98184616,826.6581129,18.94250515,828.1210327,22.92294502,5112.465613
831.9199812,28.65277595,828.1039501,18.63389238,829.5327759,22.38523483,5113.94402
833.4784895,28.29211981,829.534219,18.2980683,830.9296875,21.83392715,5115.413185
835.0658809,27.88539687,830.9973001,17.92330624,832.3564453,21.25123024,5116.923501
836.6355629,27.44278842,832.4459618,17.52409416,833.7683716,20.65484047,5118.426162
838.194735,26.96430539,833.8791118,17.0972259,835.1674805,20.0429039,5119.921533
839.7420254,26.45691993,835.2974757,16.63949629,836.5540771,19.41516304,5121.411927
841.2814881,25.91735401,836.6976368,16.1490323,837.9277954,18.77053642,5122.895505
842.8104403,25.35194542,838.0827281,15.6293099,839.2884521,18.10890579,5124.374894
844.3265704,24.76064809,839.4524776,15.08051701,840.6357422,17.43052483,5125.850491
845.834615,24.14148522,840.8050383,14.50448017,841.9689941,16.73469734,5127.320606
847.3693203,23.47881915,842.1844975,13.87962444,843.3296509,15.99976444,5128.834988
848.895175,22.78718115,843.5428996,13.22422689,844.6749268,15.24682903,5130.343233
850.4106118,22.06596713,844.8822855,12.53943551,846.0053711,14.47476101,5131.847524
851.9107904,21.31560787,846.2043934,11.82454049,847.3218994,13.68321323,5133.350536
853.4028177,20.52899894,847.506803,11.07966569,848.6242676,12.8705864,5134.850906
854.8817527,19.7090707,848.7927946,10.30832774,849.9121094,12.03643799,5136.350485
856.3555971,18.84971618,850.062172,9.512483067,851.1850586,11.17845249,5137.848713
857.8097954,17.9566415,851.3181655,8.687604114,852.4447632,10.29621029,5139.351359
859.2485469,17.02325873,852.5600139,7.834593185,853.6913452,9.388809204,5140.857949
860.6638512,16.058484,853.7898336,6.952814707,854.9254761,8.457143784,5142.371221
862.0268347,15.07832632,854.9677184,6.070670661,856.1102905,7.528628826,5143.842815
863.3731034,14.06466287,856.1324911,5.158797175,857.2836304,6.57468462,5145.322075
864.7015844,13.01511986,857.2842791,4.218722339,858.4450684,5.59533596,5146.808802
866.0183476,11.92620159,858.4213965,3.250536302,859.593811,4.589425564,5148.302261
867.3143447,10.80621419,859.5468837,2.252507837,860.7311401,3.556638241,5149.806515
868.5943167,9.651330011,860.6609308,1.224666873,861.8577881,2.495941639,5151.322285
869.8264251,8.494705342,861.7299146,0.200872396,862.9395142,1.43995142,5152.802448
871.0359753,7.31299833,862.791844,-0.854635236,864.0136108,0.355794787,5154.299709
872.2361983,6.094289617,863.8435728,-1.941596015,865.079895,-0.757825315,5155.812196
873.3916035,4.878890413,864.8495524,-3.023754391,866.1032104,-1.863937616,5157.289715
874.5327499,3.63383854,865.8460239,-4.133455263,867.1166382,-2.997327089,5158.781154
875.6666504,2.347672775,866.8314962,-5.266949031,868.1174927,-4.158606529,5160.283141
876.7878684,1.029903406,867.8026091,-6.427829228,869.104248,-5.347473621,5161.796647
877.8542557,-0.275427236,868.7290463,-7.573179237,870.0435181,-6.521949768,5163.269778
878.9061522,-1.610926924,869.6422127,-8.74102205,870.9667969,-7.721540928,5164.752252
879.9378713,-2.966697222,870.5411793,-9.933626069,871.8741455,-8.945333481,5166.245719
880.9539016,-4.354027478,871.4254057,-11.14824463,872.7642212,-10.19361305,5167.748102
881.9489155,-5.766542463,872.2922879,-12.38791733,873.6367188,-11.46606541,5169.260806
882.9223269,-7.203268591,873.142099,-13.65258096,874.4916992,-12.76262283,5170.784471
883.8504552,-8.629743278,873.9469016,-14.89304559,875.2984619,-14.03827858,5172.263139
884.7543925,-10.08195359,874.7325825,-16.157551,876.0858765,-15.33713341,5173.751853
885.636828,-11.56381324,875.4986282,-17.44485601,876.8528442,-16.65929222,5175.249845
886.4873197,-13.06437566,876.2454907,-18.75666026,877.6000977,-18.00378609,5176.759359
887.3159988,-14.59724043,876.9703531,-20.09066819,878.3259888,-19.37084007,5178.277583
888.0891433,-16.10603564,877.6479917,-21.39762646,879.0046997,-20.71004486,5179.749769
888.8352143,-17.63496356,878.3018596,-22.72719255,879.6619873,-22.06965446,5181.23142
889.5550202,-19.18407672,878.9325243,-24.07804303,880.2975464,-23.4491539,5182.722237
890.242617,-20.75408321,879.5383231,-25.45033683,880.9112549,-24.84799576,5184.222298
890.9086755,-22.35930953,880.1188618,-26.84040971,881.5004272,-26.26663399,5185.728727
891.5418441,-23.97252219,880.6753973,-28.25180169,882.0664673,-27.70398903,5187.245882
892.1511343,-25.61562583,881.2029355,-29.68162068,882.6072388,-29.16008377,5188.769915
892.7076406,-27.20659474,881.6877554,-31.07713564,883.1056519,-30.57912445,5190.247248
893.236818,-28.81304423,882.1493785,-32.48910219,883.5814819,-32.01428604,5191.73276
893.7427616,-30.44469191,882.5880748,-33.9149946,884.032959,-33.4654808,5193.224613
894.2218398,-32.09879155,883.0042289,-35.35496973,884.4588623,-34.93272781,5194.723516
894.6669525,-33.76220594,883.3945796,-36.81113466,884.8597412,-36.4148407,5196.231094
895.0829417,-35.44138113,883.7589381,-38.28165475,885.2351074,-37.91140366,5197.746081
895.4715172,-37.13825097,884.0990326,-39.76431688,885.5838013,-39.42146301,5199.267249
895.825763,-38.84258306,884.4109581,-41.26147522,885.9065552,-40.94454575,5200.796556
896.137153,-40.50474281,884.6814581,-42.7115002,886.190918,-42.42072678,5202.271596
896.4168441,-42.1746256,884.9260712,-44.1730209,886.449585,-43.90806198,5203.753446
896.6594403,-43.86577147,885.1366513,-45.64454346,886.6808472,-45.40616608,5205.239959
896.8665044,-45.57245799,885.317941,-47.12492718,886.883606,-46.91445541,5206.731402
897.0354906,-47.28444142,885.4689841,-48.61566391,887.0583496,-48.43273926,5208.229771
897.1698766,-49.01028227,885.5838681,-50.11422156,887.2038574,-49.95986557,5209.732726
897.2650895,-50.74806153,885.668026,-51.61997052,887.3193359,-51.49581909,5211.240825
897.3223827,-52.48343137,885.7183401,-53.13438901,887.4059448,-53.03971863,5212.756079
897.3486498,-54.21996185,885.7347791,-54.65626438,887.4642334,-54.59129333,5214.278043
897.3399626,-55.9621596,885.716424,-56.18342104,887.4938965,-56.14958572,5215.80531
897.3013123,-57.63369423,885.6662384,-57.6549698,887.4966431,-57.65162277,5217.277715
897.2342595,-59.30704278,885.5863856,-59.13068219,887.4738159,-59.1592598,5218.755586
897.1370811,-60.97435187,885.4749764,-60.61106549,887.4266968,-60.67186356,5220.240155
897.0091944,-62.64982064,885.3355136,-62.09291088,887.3543091,-62.18922043,5221.728549
896.8524124,-64.32777154,885.1673854,-63.57636167,887.2564697,-63.71070099,5223.221497
896.6641785,-66.00490155,884.9713273,-65.06169292,887.1334229,-65.23609924,5224.719712
896.4433533,-67.67756059,884.7456408,-66.5489,886.9859009,-66.7650528,5226.223945
896.1942329,-69.35100119,884.4942503,-68.03668444,886.8137817,-68.29724884,5227.732819
895.9165286,-71.01907837,884.2154233,-69.52547617,886.6178589,-69.83213806,5229.247496
895.6083782,-72.6769023,883.9125124,-71.01654437,886.3995972,-71.36961365,5230.769021
895.2737716,-74.32951655,883.584763,-72.50750674,886.159668,-72.90886688,5232.295582
894.9132418,-75.96850817,883.2326399,-74.00057689,885.9000244,-74.44997406,5233.829612
894.5403197,-77.54749687,882.8788497,-75.42741568,885.6313477,-75.92782593,5235.299659
894.1451362,-79.1236511,882.5042589,-76.85228386,885.3428955,-77.40615845,5236.772943
893.7261776,-80.69733911,882.1099075,-78.27476283,885.0345459,-78.88469696,5238.249073
893.2857248,-82.26949414,881.6999315,-79.69491327,884.7060547,-80.3629303,5239.727217
892.8243954,-83.83338545,881.2740052,-81.11514154,884.3582153,-81.8409729,5241.209938
892.3412493,-85.39518603,880.8309796,-82.53237551,883.9907837,-83.31827545,5242.694803
891.8377586,-86.94800133,880.3717694,-83.94959513,883.6046143,-84.79499817,5244.184563
891.3159856,-88.50028347,879.8998925,-85.36397924,883.1992798,-86.27040863,5245.675586
890.7794757,-90.04346205,879.4137288,-86.77940443,882.7758179,-87.74494171,5247.172177
890.2230697,-91.58424198,878.9137833,-88.19222922,882.3339844,-89.21805573,5248.670849
889.6521619,-93.11749298,878.3984341,-89.60501953,881.8745728,-90.68997955,5250.174698
889.0648951,-94.65089627,877.8717073,-91.01485153,881.3970337,-92.16003418,5251.679712
888.4632724,-96.17792739,877.3321955,-92.4249277,880.9019165,-93.62850952,5253.189476
887.8445246,-97.70035331,876.7787991,-93.83334482,880.3894043,-95.0951004,5254.702713
887.2131445,-99.21440018,876.2107388,-95.24254907,879.8605347,-96.56011963,5256.222104
886.5657807,-100.7266203,875.6296542,-96.64877932,879.3150635,-98.02298737,5257.743664
885.9024015,-102.2376912,875.0334108,-98.05114393,878.7524414,-99.48365021,5259.267518
885.2523263,-103.6835744,874.4509438,-99.38805416,878.197876,-100.8781433,5260.725804
884.5888016,-105.1237843,873.8558417,-100.7237772,877.6273193,-102.2699051,5262.188097
883.9085365,-106.5644851,873.2483761,-102.0542686,877.039856,-103.6584091,5263.650705
883.2124032,-108.004916,872.6273845,-103.3792631,876.4347534,-105.0430832,5265.114003
882.500191,-109.4412032,871.9918576,-104.7001388,875.8118896,-106.4236298,5266.579816
881.7727097,-110.8749583,871.3423665,-106.0162282,875.1708984,-107.7996597,5268.047443
881.0275736,-112.3046439,870.6785462,-107.3273348,874.5114746,-109.1707611,5269.517021
880.2674728,-113.7277956,870.000042,-108.6352527,873.8339233,-110.5368195,5270.990458
879.4917795,-115.1477553,869.3036245,-109.9361727,873.1378784,-111.897522,5272.466056
878.7004139,-116.5606919,868.5913594,-111.2327315,872.4237061,-113.2525635,5273.945376
877.8935038,-117.9663555,867.8649143,-112.5261827,871.6916504,-114.6020584,5275.428864
877.0687667,-119.3670269,867.1179451,-113.8103989,870.9414673,-115.945488,5276.914521
876.2282622,-120.7598565,866.3533727,-115.0892183,870.1734619,-117.2828979,5278.40447
875.3688308,-122.1458132,865.5722567,-116.3610507,869.3875122,-118.6139145,5279.897018
874.4920768,-123.5248925,864.7730735,-117.625011,868.5836182,-119.9381866,5281.392441
873.5999402,-124.8923982,863.9529288,-118.8828834,867.7626343,-121.2561035,5282.894067
872.6903694,-126.2521859,863.1160668,-120.1333671,866.9246216,-122.5673676,5284.398742
871.764168,-127.6022001,862.2597187,-121.3760939,866.0699463,-123.8720703,5285.907948
870.8197148,-128.9425977,861.3862331,-122.61121,865.1987915,-125.1700516,5287.420723
869.8599626,-130.2697413,860.4941476,-123.8409434,864.3121948,-126.4616928,5288.939954
868.8829842,-131.5896881,859.5812728,-125.0583656,863.4099121,-127.7466965,5290.461616
867.9349455,-132.8392671,858.6935608,-126.2132008,862.534729,-128.9673157,5291.918214
866.9739279,-134.0819369,857.7914058,-127.3607842,861.6456909,-130.1819305,5293.377951
865.9979557,-135.3121074,856.8727598,-128.5014481,860.7436523,-131.3905182,5294.842541
865.0106809,-136.5336061,855.9388029,-129.6355728,859.8289185,-132.5935211,5296.311729
864.0100675,-137.7461178,854.9913699,-130.7632181,858.9017944,-133.7909393,5297.784554
862.9968545,-138.9486906,854.0304036,-131.8850768,857.9627686,-134.9829254,5299.261721
861.9714578,-140.1446259,853.0565547,-132.9993125,857.0117798,-136.1694336,5300.741553
860.9304934,-141.3351456,852.0721923,-134.1040289,856.0482788,-137.3497467,5302.221205
859.8767425,-142.5203457,851.0790266,-135.2021064,855.0718994,-138.5235138,5303.701797
858.8091561,-143.7010099,850.0759165,-136.2907391,854.0820923,-139.690033,5305.182118
857.7302704,-144.8730039,849.0615631,-137.37377,853.0791626,-140.8493652,5306.665987
856.6409555,-146.0364833,848.0371416,-138.4529511,852.0634155,-142.00177,5308.153963
855.5408174,-147.1929696,847.0011959,-139.5248773,851.0350342,-143.1470337,5309.644671
854.4288638,-148.3417486,845.9555187,-140.5913278,849.9939575,-144.2852173,5311.138243
853.3044264,-149.4850305,844.9022771,-141.6503901,848.9400635,-145.415451,5312.631873
852.1671892,-150.6226434,843.8400896,-142.7016057,847.8726807,-146.5375519,5314.126294
851.0189709,-151.7510059,842.7679,-143.7477202,846.7923584,-147.6513214,5315.624275
849.8581408,-152.8708207,841.6849111,-144.7860478,845.6989746,-148.7566681,5317.124605
848.6858929,-153.9812509,840.5913245,-145.8181044,844.5928345,-149.8535156,5318.628291
847.5017117,-155.083247,839.4885857,-146.8437043,843.473938,-150.9416656,5320.134242
846.3063771,-156.1740641,838.3718654,-147.8612273,842.3427124,-152.0214081,5321.645009
845.0986683,-157.2553858,837.2455743,-148.8715322,841.1992798,-153.092453,5323.158035
843.8788126,-158.3249501,836.1071243,-149.8743816,840.0438843,-154.1550293,5324.675195
842.6461757,-159.3866053,834.9591815,-150.8673962,838.8762817,-155.2085724,5326.193039
841.4596416,-160.3867808,833.8559911,-151.8054215,837.7531738,-156.2037201,5327.641114
840.2632616,-161.3768697,832.7414248,-152.7357639,836.6193237,-157.1907043,5329.092939
839.0547587,-162.3556207,831.6147264,-153.6555353,835.4748535,-158.1694183,5330.54739
837.8360764,-163.3250831,830.4767619,-154.5655593,834.3198242,-159.1398163,5332.004479
836.6075192,-164.2836558,829.3268718,-155.4670385,833.15448,-160.1021423,5333.465613
835.3681264,-165.231793,828.16592,-156.3579688,831.9790649,-161.0561371,5334.929022
834.1197306,-166.1711594,826.995045,-157.2405022,830.7935791,-162.0018921,5336.395246
832.8614365,-167.1018297,825.8144866,-158.1130853,829.5980225,-162.9391785,5337.863278
831.5926817,-168.0223376,824.6236875,-158.975241,828.3924561,-163.8678284,5339.333419
830.3161384,-168.9338719,823.4227399,-159.8293961,827.177124,-164.7880096,5340.807141
829.0314494,-169.8374256,822.2124351,-160.6740257,825.9522095,-165.6995392,5342.283026
827.7381371,-170.7312213,820.9917356,-161.5094066,824.7177734,-166.6026154,5343.762205
826.4359924,-171.6169066,819.7619904,-162.334111,823.473877,-167.496933,5345.242884
825.125591,-172.4945022,818.5240811,-163.1497203,822.2205811,-168.382309,5346.725327
823.8071233,-173.3643221,817.2790196,-163.958088,820.9577637,-169.258728,5348.209792
822.4811593,-174.2243395,816.0246219,-164.7588089,819.6858521,-170.1263123,5349.697968
821.1458632,-175.0760442,814.7630255,-165.5498338,818.4046021,-170.984787,5351.187044
819.8019294,-175.9187866,813.4953371,-166.3340628,817.1141357,-171.8338928,5352.677697
818.4512088,-176.7521659,812.2161853,-167.1077266,815.8146973,-172.6739655,5354.172617
817.0912824,-177.5758315,810.9309831,-167.8744801,814.5062256,-173.504837,5355.669165
815.7251493,-178.3912307,809.6368274,-168.6330031,813.1891479,-174.3265839,5357.16923
814.3505011,-179.1968191,808.3366244,-169.3853524,811.8634033,-175.1391907,5358.671415
812.9684485,-179.9927564,807.0275663,-170.1285906,810.5292358,-175.9427185,5360.17675
811.5782556,-180.7799017,805.7124316,-170.8638204,809.1866455,-176.7369232,5361.68345
810.1799857,-181.5579575,804.39,-171.5900052,807.8355103,-177.5217438,5363.192148
808.7728113,-182.3258533,803.0613042,-172.3065097,806.4760132,-178.2967224,5364.701721
807.3566618,-183.082553,801.7253561,-173.013188,805.1080322,-179.0617676,5366.213062
805.9310438,-183.8298954,800.3855201,-173.7106606,803.7314453,-179.8161621,5367.723568
804.4970579,-184.5682615,799.0401297,-174.3987811,802.3460083,-180.5595856,5369.234721
803.0557281,-185.2959836,797.6868945,-175.0783463,800.9519043,-181.2921143,5370.749005
801.6068156,-186.0147182,796.3280263,-175.7490595,799.5492554,-182.013382,5372.264386
800.2221486,-186.6870367,795.0312138,-176.376763,798.2088623,-182.6882324,5373.705127
798.8308448,-187.3493429,793.727228,-176.9948918,796.8609009,-183.3526306,5375.1482
797.4350976,-188.0024362,792.4149817,-177.6055898,795.5058594,-184.0069122,5376.595592
796.0345842,-188.6458303,791.0941523,-178.2085846,794.1439209,-184.6515808,5378.047554
794.6274597,-189.2772648,789.7673732,-178.8045712,792.7755127,-185.2866211,5379.502044
793.2168082,-189.8989226,788.4315203,-179.3934487,791.401062,-185.9126892,5380.961935
791.8011071,-190.5102848,787.0886453,-179.9735316,790.0209351,-186.5299377,5382.424743
790.3803365,-191.1113127,785.7394069,-180.5462203,788.6352539,-187.1386261,5383.890491
788.9536174,-191.7006573,784.3833018,-181.1093092,787.2440796,-187.7389374,5385.358854
787.5211823,-192.2800741,783.022414,-181.6632639,785.8476563,-188.330658,5386.828168
786.0819293,-192.8491891,781.6587209,-182.2073535,784.4459839,-188.9132538,5388.296395
784.634895,-193.4077978,780.2943965,-182.7417866,783.0388794,-189.4858704,5389.76166
783.1811995,-193.9552075,778.9268532,-183.264953,781.6262817,-190.0480347,5391.225858
781.7236669,-194.4921781,777.5529201,-183.779949,780.208313,-190.6001129,5392.693139
780.2625795,-195.0197177,776.1724317,-184.2867907,778.7850342,-191.1425018,5394.16373
778.7967207,-195.5349649,774.7862216,-184.7873372,777.3565674,-191.6755371,5395.637543
777.3263725,-196.040805,773.3956928,-185.2788381,775.9232178,-192.1990509,5397.11238
775.8516485,-196.5389768,772.002654,-185.7617922,774.4851074,-192.7126617,5398.586761
774.3744066,-197.0261915,770.6020101,-186.2390496,773.0423584,-193.2172089,5400.066484
772.8930658,-197.5044369,769.1972931,-186.7071889,771.5951538,-193.7125702,5401.547154
771.4087551,-197.9742636,767.7875207,-187.166915,770.1437378,-194.1988983,5403.029991
769.9210211,-198.4387864,766.375115,-187.619061,768.6878662,-194.6760254,5404.513004
768.4299975,-198.8953103,764.9596656,-188.065167,767.2279053,-195.1438446,5405.997088
766.9376844,-199.3443981,763.5380087,-188.5076354,765.7639771,-195.6031036,5407.48601
765.4409915,-199.788864,762.1155378,-188.9434691,764.2955933,-196.0533447,5408.973751
763.9419233,-200.227568,760.6872802,-189.3713338,762.822876,-196.4948578,5410.46472
762.4407354,-200.6608245,759.2529076,-189.7915759,761.3459473,-196.9280243,5411.959386
760.9350683,-201.0850261,757.8148325,-190.2032149,759.8648682,-197.3527069,5413.455216
759.4259781,-201.5017283,756.3723071,-190.6073692,758.3796997,-197.7689972,5414.953288
757.9126749,-201.9101243,754.9261542,-191.0044635,756.8903198,-198.1768646,5416.452969
756.3961989,-202.3108302,753.4754478,-191.3943781,755.3970337,-198.5764008,5417.955162
754.8767083,-202.7051434,752.0196809,-191.7768328,753.8996582,-198.967865,5419.460329
753.3534162,-203.0908634,750.5599732,-192.1519165,752.3984375,-199.3512268,5420.967457
751.8273539,-203.4693203,749.0952195,-192.5199118,750.8934937,-199.7267456,5422.47773
750.2971914,-203.8400105,747.6271028,-192.8794345,749.3847046,-200.0942993,5423.989227
748.7642666,-204.2030159,746.1530093,-193.2287601,747.8722534,-200.4541779,5425.504146
747.2274783,-204.5583678,744.6757821,-193.5703931,746.3561401,-200.8062592,5427.020362
745.6872142,-204.9045551,743.1940555,-193.9032853,744.8364868,-201.15065,5428.539023
744.1426119,-205.2429253,741.7106497,-194.2295922,743.3132324,-201.4870148,5430.057894
742.5939002,-205.5724475,740.2243882,-194.5474849,741.786377,-201.8151703,5431.577772
741.0425887,-205.8947837,738.733502,-194.8580908,740.2560425,-202.1353455,5433.10067
739.4889557,-206.2092991,737.2365579,-195.1588298,738.72229,-202.4479675,5434.627525
737.9328526,-206.5173497,735.7346303,-195.4496571,737.1852417,-202.7532501,5436.157351
736.3742695,-206.8161604,734.2275391,-195.7332297,735.6450806,-203.0515747,5437.690888
734.8122748,-207.1084596,732.7176467,-196.0083682,734.1016846,-203.3428192,5439.225644
733.2460571,-207.394397,731.2065154,-196.2741718,732.5549927,-203.6264954,5440.759975
731.6742022,-207.6723976,729.6972188,-196.5301186,731.005127,-203.9014893,5442.290819
730.0982965,-207.9418093,728.1860291,-196.7783264,729.4517822,-204.167572,5443.822257
728.5188951,-208.2033114,726.6726837,-197.0174874,727.8952026,-204.4244843,5445.354384
726.9366907,-208.4552757,725.1549919,-197.2464393,726.3353882,-204.6724243,5446.889248
725.3513206,-208.6976421,723.63417,-197.4672011,724.7723999,-204.9114075,5448.426009
723.7641058,-208.9313534,722.1085779,-197.6806492,723.2064819,-205.1418304,5449.96646
722.256728,-209.1430189,720.6616768,-197.8756414,721.7200928,-205.3522491,5451.426442
720.7462389,-209.3447018,719.2132188,-198.066186,720.2310791,-205.5546417,5452.887379
719.2331025,-209.5346825,717.760652,-198.2495502,718.7391968,-205.7492981,5454.351473
717.7153722,-209.7157329,716.3105427,-198.4263725,717.2449341,-205.9352417,5455.812323
716.1964041,-209.8909656,714.8560244,-198.5978873,715.7479858,-206.112915,5457.276919
714.6740518,-210.0592568,713.4011669,-198.7646443,714.2483521,-206.2819214,5458.741302
713.1530022,-210.2190571,711.9366401,-198.924938,712.7463989,-206.4436798,5460.214575
711.6315899,-210.3727779,710.4661048,-199.0812248,711.2420654,-206.5989532,5461.693392
710.1106151,-210.5236109,708.9887494,-199.2326788,709.7355347,-206.748642,5463.178491
708.589472,-210.6704686,707.5058483,-199.381143,708.2269287,-206.8934479,5464.668805
707.0695588,-210.8141053,706.0149113,-199.5262178,706.7164307,-207.0345764,5466.166784
705.548012,-210.9551941,704.5211592,-199.6657353,705.2039185,-207.1721497,5467.667037
704.0236082,-211.0968324,703.028509,-199.8025013,703.6895752,-207.3055725,5469.16594
702.5006087,-211.2361249,701.5270257,-199.9361033,702.1732178,-207.4362183,5470.673356
700.9744036,-211.3749323,700.0270628,-200.0668534,700.6550903,-207.5634003,5472.179006
699.4464334,-211.5102813,698.5247711,-200.1935896,699.1350708,-207.6871948,5473.686634
697.918893,-211.6423293,697.0154027,-200.3153139,697.6130981,-207.8085938,5475.200903
696.3915395,-211.7711147,695.5007978,-200.4345671,696.0895996,-207.928299,5476.720195
694.8633228,-211.8962293,693.9819324,-200.5484975,694.5643311,-208.0467682,5478.243328
693.3308109,-212.0164446,692.4655454,-200.6570958,693.0372925,-208.1630859,5479.763599
691.7995924,-212.1300271,690.9402636,-200.7635184,691.5084229,-208.2786713,5481.292589
690.2636798,-212.2389624,689.419041,-200.8649163,689.9780273,-208.3923187,5482.817187
688.72728,-212.3394938,687.8926167,-200.9608732,688.4459839,-208.5046997,5484.346624
687.1873224,-212.4344282,686.3676593,-201.0493124,686.9123535,-208.6151123,5485.874144
685.6449951,-212.521207,684.8413196,-201.1344085,685.3769531,-208.7234802,5487.402854
684.0997137,-212.5993474,683.3148748,-201.2137591,683.8398438,-208.8294373,5488.93136
682.5543021,-212.6675801,681.7828433,-201.2892108,682.3011475,-208.9337616,5490.465248
681.0062486,-212.7282102,680.2510595,-201.359714,680.7609863,-209.0360718,5491.998654
679.4581138,-212.7830088,678.713804,-201.4257096,679.2191772,-209.1371155,5493.537325
677.908041,-212.8322908,677.1748701,-201.4886638,677.6756592,-209.2368774,5495.077546
676.3559528,-212.8753883,675.635222,-201.546007,676.1307373,-209.3351593,5496.618262
674.8053599,-212.9135186,674.0867717,-201.6013913,674.5842896,-209.4333954,5498.167702
673.2489857,-212.9511062,672.547961,-201.6527228,673.0366821,-209.5294189,5499.707369
671.6925538,-212.9852609,671.0026247,-201.7006028,671.4870605,-209.6241608,5501.253447
670.1351361,-213.0172592,669.4535311,-201.7466686,669.9356079,-209.7179871,5502.803225
668.5739481,-213.0481797,667.9094834,-201.7896742,668.3828125,-209.8096313,5504.347872
667.0122336,-213.0791927,666.3598084,-201.8311229,666.8278198,-209.899826,5505.898101
665.4471337,-213.1084337,664.8148185,-201.8691359,665.2715454,-209.987381,5507.443558
663.8833252,-213.1384563,663.2602417,-201.9064544,663.7133179,-210.073822,5508.998583
662.3158627,-213.1694065,661.7093466,-201.9413358,662.1531982,-210.1580963,5510.54987
660.7445494,-213.2016503,660.1652457,-201.9736905,660.5916748,-210.2386627,5512.09431
659.1728085,-213.2350022,658.6155021,-202.0055956,659.0279541,-210.3162689,5513.644382
657.6016325,-213.2673805,657.0589857,-202.0355991,657.4627075,-210.3918915,5515.201188
656.0276653,-213.3012982,655.5038824,-202.0651261,655.8954468,-210.4649506,5516.756571
654.4538177,-213.3359032,653.9424568,-202.0936186,654.3264771,-210.5363159,5518.318257
652.877939,-213.3701248,652.3819183,-202.1205754,652.7560425,-210.6055603,5519.879028
651.3018861,-213.4052939,650.8151333,-202.1471553,651.1837769,-210.6735382,5521.446038
649.7231316,-213.4407487,649.2516959,-202.1730544,649.6101074,-210.7393799,5523.00969
648.1437651,-213.4754062,647.6819136,-202.1974479,648.0343628,-210.8039093,5524.579662
646.5627361,-213.5095207,646.1125974,-202.2230718,646.4573364,-210.866806,5526.149188
644.9801578,-213.5427471,644.5408784,-202.24724,644.878479,-210.9282074,5527.721092
643.3966702,-213.5765795,642.9655597,-202.2716615,643.2979736,-210.9884796,5529.2966
641.8111595,-213.6096926,641.3902203,-202.2964892,641.7158203,-211.047348,5530.872135
640.2248113,-213.6438456,639.8109717,-202.3220477,640.132019,-211.1052399,5532.451591
638.6362814,-213.6768246,638.2318077,-202.3454519,638.5465088,-211.1618347,5534.030928
637.0468344,-213.7114392,636.6492945,-202.3705384,636.9594116,-211.2174683,5535.61364
635.5433638,-213.7431902,635.1563631,-202.3937851,635.4589844,-211.268631,5537.106753
634.0381079,-213.7758029,633.6639574,-202.416955,633.9571533,-211.3181,5538.599338
632.5327721,-213.8085299,632.1662378,-202.4399639,632.4540405,-211.3665619,5540.097235
631.0255345,-213.8417383,630.6696114,-202.4628184,630.949585,-211.41362,5541.594035
629.5167041,-213.8745811,629.1728898,-202.4851985,629.4437866,-211.4590759,5543.090924
628.0068098,-213.9068893,627.6749882,-202.5083861,627.9368286,-211.5029449,5544.589005
626.4960699,-213.9398739,626.1748227,-202.530577,626.4286499,-211.5454102,5546.089335
624.984326,-213.9702427,624.6720486,-202.5537707,624.9191284,-211.5867004,5547.592288
623.4706534,-214.002001,623.171173,-202.5758106,623.4083862,-211.626297,5549.093326
621.9564121,-214.0346492,621.6669713,-202.5991997,621.8964233,-211.664566,5550.597709
620.4416813,-214.0660447,620.1602596,-202.6212532,620.3835449,-211.701767,5552.104582
618.9255631,-214.0996394,618.652787,-202.6441955,618.8693237,-211.7378235,5553.612229
617.4087072,-214.1323513,617.1413881,-202.6676398,617.3536987,-211.7731628,5555.12381
615.8886021,-214.1660905,615.6378074,-202.6891129,615.8370361,-211.8063049,5556.627544
614.3682655,-214.1999524,614.1291032,-202.7118468,614.3190918,-211.8379059,5558.136419
612.8455027,-214.2350205,612.6229239,-202.7334616,612.7996826,-211.8673096,5559.642754
611.3208775,-214.2703833,611.1173105,-202.7555593,611.2788696,-211.8941956,5561.148529
609.795938,-214.3055156,609.6058518,-202.7773982,609.7565918,-211.9192963,5562.660146
608.2689782,-214.3414811,608.0945675,-202.7987027,608.2327271,-211.9423218,5564.17158
606.7405694,-214.3776933,606.5829531,-202.8197855,606.7076416,-211.9631195,5565.683342
605.2107108,-214.4137574,605.0694661,-202.8402508,605.1810303,-211.9817505,5567.196967
603.6801926,-214.4505389,603.5517244,-202.8606221,603.6530151,-211.9986877,5568.714845
602.1489358,-214.4875689,602.0294503,-202.8817344,602.1234741,-212.0144348,5570.237266
600.6157499,-214.5244254,600.5073082,-202.8998513,600.5924683,-212.028717,5571.759516
599.0815827,-214.5611862,598.9821196,-202.9191266,599.0600586,-212.0418091,5573.284826
597.5471571,-214.5978979,597.4515692,-202.9375565,597.5263062,-212.0543823,5574.815488
596.0112069,-214.6336721,595.9199656,-202.9547887,595.9911499,-212.0663757,5576.347188
594.4736066,-214.6675339,594.3880009,-202.9712617,594.4546509,-212.0776215,5577.879241
592.9350148,-214.7004854,592.8522861,-202.9883376,592.9165649,-212.0884857,5579.415051
591.3951312,-214.7334872,591.3158315,-203.0041074,591.3773193,-212.0988922,5580.951587
589.8535487,-214.7661407,589.7784046,-203.0204077,589.8365479,-212.1087494,5582.4891
588.3098657,-214.7989207,588.2418989,-203.0364875,588.2943726,-212.1176605,5584.02569
586.7654893,-214.8323965,586.7017853,-203.0516988,586.7508545,-212.1260071,5585.565879
585.2202231,-214.8647139,585.1592783,-203.0677718,585.2061157,-212.1339874,5587.108469
583.6738407,-214.8970093,583.6143786,-203.0829414,583.6599731,-212.1417694,5588.653443
582.125364,-214.9303035,582.0700752,-203.0999037,582.1123657,-212.1490021,5590.19784
580.5757291,-214.963284,580.5240241,-203.1157048,580.5634766,-212.1557617,5591.743972
579.0246516,-214.995191,578.9781714,-203.1327054,579.0135498,-212.1618347,5593.289918
577.4727882,-215.0286779,577.4296702,-203.1500781,577.4624023,-212.1674652,5594.838517
575.9191652,-215.061836,575.8823336,-203.1677106,575.9102173,-212.1722717,5596.385954
574.3647314,-215.094755,574.3329142,-203.1871802,574.3569336,-212.1764221,5597.935495
572.8088345,-215.1276959,572.7836736,-203.2068071,572.8026123,-212.1797028,5599.48486
571.2517863,-215.1611354,571.2338714,-203.2262998,571.2473145,-212.1820374,5601.034785
569.6939589,-215.1950356,569.6818944,-203.2476776,569.690918,-212.183609,5602.586909
568.1348915,-215.2286859,568.1303208,-203.2683837,568.133728,-212.1842041,5604.138621
566.574685,-215.2626945,566.5773813,-203.2903807,566.5753784,-212.1838531,5605.691716
565.0141329,-215.2962786,565.0212859,-203.3124415,565.0159912,-212.1829224,5607.247968
563.4517179,-215.3283545,563.4668484,-203.3346809,563.4556885,-212.180954,5608.802565
561.888939,-215.3609544,561.9088795,-203.3576648,561.8942261,-212.17836,5610.360703
560.3251525,-215.3927508,560.3503756,-203.3809379,560.3319092,-212.1750793,5611.919381
558.7609624,-215.4225547,558.7897083,-203.4027512,558.7687378,-212.1713409,5613.480201
557.1947178,-215.4510601,557.2310871,-203.425271,557.2046509,-212.1666107,5615.038985
555.6272025,-215.4785986,555.6718885,-203.4483357,555.6395264,-212.1607971,5616.598354
554.0572969,-215.5041814,554.1152161,-203.4705815,554.0734253,-212.1532593,5618.155185
552.4890329,-215.526996,552.5504342,-203.4923335,552.5062866,-212.1452637,5619.720118
550.9188465,-215.5490146,550.9880721,-203.5138326,550.9384766,-212.1362457,5621.282628
549.345054,-215.5701093,549.4313283,-203.5352578,549.369751,-212.125,5622.839519
547.7724721,-215.5881181,547.8681493,-203.5561892,547.8001099,-212.1125183,5624.402839
546.198979,-215.6051706,546.3042817,-203.5765871,546.2296753,-212.0987701,5625.966839
544.6254219,-215.6205832,544.7358468,-203.5966437,544.6578979,-212.0843353,5627.535402
543.0491272,-215.6346018,543.1719414,-203.6163013,543.0855713,-212.0682678,5629.099431
541.4756859,-215.6459415,541.5983457,-203.636224,541.5123901,-212.0522003,5630.673153
539.8984607,-215.657474,540.0306335,-203.6553495,539.9383545,-212.0348663,5632.240982
538.3212913,-215.6672743,538.4594432,-203.6739677,538.3633423,-212.0167236,5633.812282
536.743192,-215.6761709,536.8870511,-203.6936383,536.7873535,-211.9978027,5635.384798
535.1623431,-215.685487,535.3202217,-203.7122186,535.2112427,-211.9770203,5636.951737
533.5809994,-215.6923984,533.7489825,-203.7299598,533.6334839,-211.9548645,5638.523076
531.998331,-215.6986874,532.1784499,-203.7477584,532.0551147,-211.931076,5640.09371
530.4190784,-215.7033677,530.597751,-203.7654077,530.4758911,-211.9074402,5641.674507
528.8364444,-215.7072746,529.0227275,-203.7805474,528.8961792,-211.8827667,5643.249604
527.2523348,-215.7089867,527.4465433,-203.794777,527.3151245,-211.8569946,5644.825852
525.668697,-215.710426,525.8683038,-203.8079766,525.7337646,-211.8304749,5646.404147
524.0834895,-215.7089448,524.2893937,-203.8178651,524.151123,-211.8030701,5647.983088
522.4938518,-215.7057076,522.7170849,-203.8265011,522.567749,-211.7733154,5649.55542
520.9069892,-215.6997419,521.1365208,-203.8317659,520.9835205,-211.7426758,5651.135993
519.3164986,-215.6912576,519.5605323,-203.8342785,519.3984375,-211.7100525,5652.711984
517.7272867,-215.6810314,517.9803102,-203.8319169,517.8128052,-211.6761932,5654.292208
516.139213,-215.6678416,516.395601,-203.8259298,516.2263794,-211.6418457,5655.876928
514.5451146,-215.6506972,514.8201796,-203.8176683,514.6391602,-211.60495,5657.452371
512.9493071,-215.6306005,513.2439798,-203.804158,513.0505981,-211.5653687,5659.028629
511.3576803,-215.6086021,511.6592365,-203.787053,511.461853,-211.5248413,5660.613465
509.7635703,-215.5821695,510.076474,-203.7664548,509.8721313,-211.4827423,5662.196361
508.1665759,-215.5537233,508.4972507,-203.7428083,508.2817993,-211.4382172,5663.775761
506.5734919,-215.523006,506.9084307,-203.7154501,506.6906433,-211.3930817,5665.364817
504.9799502,-215.4898964,505.3176638,-203.6845161,505.0984497,-211.3475342,5666.955885
503.3848848,-215.4545429,503.7278172,-203.6512446,503.5055542,-211.3012543,5668.546079
501.8857314,-215.4193076,502.225469,-203.6178078,502.0055237,-211.2580719,5670.048799
500.3855575,-215.3824215,500.723388,-203.5840274,500.5048828,-211.2151031,5671.55126
498.8846311,-215.3452376,499.2212068,-203.5486585,499.0036926,-211.1722717,5673.053858
497.3837042,-215.3065898,497.7172238,-203.5108045,497.5018005,-211.1298065,5674.558317
495.881026,-215.2645532,496.2144591,-203.4698358,495.999115,-211.087326,5676.06164
494.3782971,-215.2208045,494.7106354,-203.4273442,494.4959717,-211.0449677,5677.566064
492.8762074,-215.1746429,493.2045893,-203.3820965,492.9923706,-211.0030975,5679.07279
491.3712759,-215.1245001,491.7028603,-203.3341131,491.4883728,-210.9608002,5680.575285
489.8664794,-215.0713804,490.1998674,-203.2813062,489.9839172,-210.9182587,5682.079205
488.3610234,-215.015803,488.6968151,-203.2254377,488.4789429,-210.8753967,5683.583296
486.8551442,-214.9562744,487.1937252,-203.1655768,486.9735718,-210.8321686,5685.087577
485.3491684,-214.8940483,485.6900637,-203.1033496,485.467865,-210.7886353,5686.592526
483.8436704,-214.8282296,484.1846075,-203.0368685,483.961731,-210.7450867,5688.099449
482.3371798,-214.7594254,482.6799299,-202.9678645,482.4551392,-210.7012939,5689.605708
480.8299598,-214.6887775,481.1760473,-202.8952877,480.9482727,-210.657074,5691.111341
479.3218573,-214.6150544,479.6727413,-202.8213404,479.4409485,-210.6122284,5692.616464
477.8129792,-214.5386695,478.1701574,-202.7431938,477.9332581,-210.5665741,5694.121079
476.3019197,-214.4600503,476.6712267,-202.6639512,476.425293,-210.5193634,5695.622103
474.7896931,-214.3805352,475.1737508,-202.5833504,474.9169922,-210.4702606,5697.121746
473.2760569,-214.2980441,473.6786523,-202.5013059,473.4084473,-210.4187775,5698.619094
471.7616332,-214.21459,472.1845456,-202.4183771,471.8996582,-210.3646851,5700.115501
470.2463536,-214.1303141,470.6911015,-202.3340601,470.3904724,-210.307785,5701.611323
468.7307067,-214.0432241,469.1983557,-202.2492168,468.8811951,-210.2479401,5703.106478
467.2143289,-213.9556283,467.7060818,-202.1642835,467.371582,-210.1849823,5704.601167
465.6977883,-213.8670877,466.2136797,-202.0785506,465.8618164,-210.1189117,5706.09603
464.1811033,-213.7769625,464.7210014,-201.9906752,464.3518372,-210.0497437,5707.591292
462.6649068,-213.6857416,463.2263621,-201.9023226,462.8415833,-209.9777832,5709.088541
461.148272,-213.5929905,461.7320111,-201.8122896,461.3311157,-209.9029388,5710.585602
459.6320022,-213.498214,460.2360486,-201.720855,459.8203735,-209.8254547,5712.084356
458.1167533,-213.4012683,458.7379875,-201.6273122,458.3096313,-209.7457428,5713.585335
456.6021784,-213.3028661,457.2369378,-201.5323038,456.7984009,-209.6642456,5715.089388
455.0874754,-213.2038339,455.7358437,-201.4357778,455.2870789,-209.5809784,5716.593582
453.5742653,-213.1019536,454.2304775,-201.33716,453.7753601,-209.4966583,5718.102175
452.0613687,-212.998797,452.7236691,-201.2352775,452.2633362,-209.4115295,5719.612424
450.5485201,-212.8935993,451.2163234,-201.1318584,450.7510986,-209.3256683,5721.123314
449.0763658,-212.7924953,449.7496791,-201.0297613,449.2796326,-209.2414398,5722.593507
447.6126579,-212.6902054,448.2969123,-200.9265827,447.8182068,-209.1564331,5724.049933
446.1569837,-212.5873477,446.8443568,-200.8218489,446.3623962,-209.0713806,5725.50626
444.7016924,-212.4825994,445.3962208,-200.71451,444.9080811,-208.9855499,5726.958368
443.2436469,-212.3777332,443.9510012,-200.6056099,443.4527283,-208.8981018,5728.407685
441.7897098,-212.2716834,442.501056,-200.49616,441.9988098,-208.8102722,5729.861755
440.3341904,-212.1642139,441.0544744,-200.3845348,440.5447083,-208.7213593,5731.312637
438.8783253,-212.0537276,439.6082746,-200.2716901,439.0903625,-208.6312561,5732.763233
437.4222707,-211.9426276,438.1623042,-200.1567434,437.6359253,-208.5399323,5734.213765
435.9635808,-211.8287015,436.7185709,-200.0399831,436.1801758,-208.446701,5735.662212
434.5085729,-211.7141766,435.2696289,-199.922695,434.7255249,-208.3528137,5737.115893
433.0523382,-211.5974158,433.8248223,-199.8031439,433.2710876,-208.2575531,5738.565638
431.5941714,-211.4799691,432.3815937,-199.6824879,431.8157349,-208.1604156,5740.013901
430.1412481,-211.3599932,430.9340611,-199.5607346,430.362793,-208.0627899,5741.466545
428.6877804,-211.2383557,429.4902795,-199.4382839,428.9104614,-207.9640198,5742.91551
427.2329064,-211.1155492,428.0480311,-199.3143988,427.4575195,-207.8636627,5744.363069
425.7791338,-210.990291,426.6008551,-199.1883763,426.0038757,-207.7624512,5745.815722
424.3256078,-210.8641085,425.1475025,-199.0610522,424.548645,-207.6611176,5747.274641
422.8652162,-210.7353124,423.6893565,-198.9311783,423.0869751,-207.5590668,5748.73856
421.39248,-210.6045783,422.2199844,-198.7987668,421.6131897,-207.4557648,5750.213886
419.90626,-210.4697527,420.7313569,-198.6638489,420.124176,-207.3516998,5751.708615
418.4043694,-210.3340401,419.2217914,-198.5259833,418.618042,-207.2474365,5753.224463
416.8833379,-210.1929285,417.6971707,-198.3853799,417.0935974,-207.1423645,5754.755553
415.344555,-210.049838,416.1594519,-198.2421336,415.5525513,-207.0360107,5756.299929
