steps,currentTime,done,speed,reward,gap,world_position_y,world_position_x,RPM,steerAngle,brakeStatus,accStatus,actualGear,packetId,velocity_x,velocity_y,velocity_z,yaw,roll,angular_velocity_y,angular_velocity_x,LapCount,LapDist,going_backwards,current_action_abs_0,current_action_abs_1,current_action_abs_2,actions_0,actions_1,actions_2,rl_point,out_of_track
4,13.815,0,1.077056884765625,0.012818554401604947,0.09853538571980686,48.130393981933594,617.023681640625,1365.183349609375,0.0,0.0,0.0,1,1255,-0.10616184771060944,-0.007265658117830753,1.0717874765396118,-0.090987928211689,0.007150560617446899,-0.007486830465495586,0.008522688411176205,0,4889.07186353876,0.0,0.0,-1.0,-1.0,0.0,-1.0,-1.0,3183,0.0
