steps,currentTime,done,speed,reward,gap,world_position_y,world_position_x,RPM,steerAngle,brakeStatus,accStatus,actualGear,packetId,velocity_x,velocity_y,velocity_z,yaw,roll,angular_velocity_y,angular_velocity_x,LapCount,LapDist,going_backwards,current_action_abs_0,current_action_abs_1,current_action_abs_2,actions_0,actions_1,actions_2,rl_point,out_of_track
4,68.361,0,5.138413429260254,0.06152239800530441,0.026966134143586982,-129.06671142578125,-434.25146484375,3759.768798828125,0.0,0.0,0.0,2,10511,0.45540595054626465,0.02112642489373684,-5.118149280548096,3.0563910007476807,0.0005493564531207085,0.020637117326259613,0.008934215642511845,0,851.911856315106,0.0,0.0,-1.0,-1.0,0.0,-1.0,-1.0,542,0.0
