steps,currentTime,done,speed,reward,gap,world_position_y,world_position_x,RPM,steerAngle,brakeStatus,accStatus,actualGear,packetId,velocity_x,velocity_y,velocity_z,yaw,roll,angular_velocity_y,angular_velocity_x,LapCount,LapDist,going_backwards,current_action_abs_0,current_action_abs_1,current_action_abs_2,actions_0,actions_1,actions_2,rl_point,out_of_track
4,168.381,0,5.228303909301758,0.06270519401909522,0.006589688190194203,-203.24636840820312,734.5772705078125,3276.72509765625,0.0,0.0,0.0,2,20211,-1.0474447011947632,0.021758638322353363,-5.122260093688965,-2.910031795501709,-0.04805070161819458,0.12000495195388794,0.0034206120762974024,0,5437.626225977612,0.0,0.0,-1.0,-1.0,0.0,-1.0,-1.0,3540,0.0
