steps,currentTime,done,speed,reward,gap,world_position_y,world_position_x,RPM,steerAngle,brakeStatus,accStatus,actualGear,packetId,velocity_x,velocity_y,velocity_z,yaw,roll,angular_velocity_y,angular_velocity_x,LapCount,LapDist,going_backwards,current_action_abs_0,current_action_abs_1,current_action_abs_2,actions_0,actions_1,actions_2,rl_point,out_of_track
4,97.011,0,5.822027206420898,0.06955119708764973,0.05378356684003736,-98.82157135009766,-822.8308715820312,7617.3916015625,88.8629150390625,8.212707655960643e-32,0.8692835569381714,2,30827,0.6842586398124695,0.01409101951867342,-5.781660079956055,-3.1035759449005127,-0.0516313761472702,0.13210529088974,0.01870359480381012,0,1270.2323027651946,0.0,0.0,-1.0,-1.0,0.0,-1.0,-1.0,816,0.0
