steps,currentTime,done,speed,reward,gap,world_position_y,world_position_x,RPM,steerAngle,brakeStatus,accStatus,actualGear,packetId,velocity_x,velocity_y,velocity_z,yaw,roll,angular_velocity_y,angular_velocity_x,LapCount,LapDist,going_backwards,current_action_abs_0,current_action_abs_1,current_action_abs_2,actions_0,actions_1,actions_2,rl_point,out_of_track
4,98.37,0,5.491211414337158,0.0652292728087212,0.12115071031279798,-101.47917938232422,-795.3271484375,8028.11572265625,45.84048080444336,8.707604982312194e-36,0.9800266027450562,2,30963,0.5081475377082825,0.014436420053243637,-5.467629909515381,-3.1215834617614746,-0.042477816343307495,0.1721370667219162,0.029098834842443466,0,1242.5886333588132,0.0,0.0,-1.0,-1.0,0.0,-1.0,-1.0,798,0.0
