steps,currentTime,done,speed,reward,gap,world_position_y,world_position_x,RPM,steerAngle,brakeStatus,accStatus,actualGear,packetId,velocity_x,velocity_y,velocity_z,yaw,roll,angular_velocity_y,angular_velocity_x,LapCount,LapDist,going_backwards,current_action_abs_0,current_action_abs_1,current_action_abs_2,actions_0,actions_1,actions_2,rl_point,out_of_track
4,109.524,0,5.155874729156494,0.061825663588092064,-0.008695549085462901,-129.03778076171875,-435.0224304199219,3735.095458984375,0.0,0.0,0.0,2,17019,0.4923858344554901,0.028547147288918495,-5.132229804992676,3.0322265625,0.0016035650623962283,-0.044483769685029984,0.005880230572074652,0,852.6837238361768,0.0,0.0,-1.0,-1.0,0.0,-1.0,-1.0,543,0.0
