steps,currentTime,done,speed,reward,gap,world_position_y,world_position_x,RPM,steerAngle,brakeStatus,accStatus,actualGear,packetId,velocity_x,velocity_y,velocity_z,yaw,roll,angular_velocity_y,angular_velocity_x,LapCount,LapDist,going_backwards,current_action_abs_0,current_action_abs_1,current_action_abs_2,actions_0,actions_1,actions_2,rl_point,out_of_track
4,67.287,0,5.041729927062988,0.060306854783541926,0.03845988262344083,-128.4545135498047,-441.3761901855469,4030.369140625,0.0,0.0,0.0,2,28355,0.4031350612640381,0.013615254312753677,-5.02556848526001,3.0662992000579834,0.0006022575544193387,0.05537504330277443,0.017957480624318123,0,859.0570584137167,0.0,0.0,-1.0,-1.0,0.0,-1.0,-1.0,547,0.0
